{
    "model": {
        "type": "range_dispatch",
        "property": "custom_model_data",
        "fallback": {
            "type": "model",
            "model": "item/diamond_axe"
        },
        "entries": [
            {
                "threshold": 1,
                "model": {
                    "type": "model",
                    "model": "item/heavy_bat"
                }
            },
            {
                "threshold": 2,
                "model": {
                    "type": "model",
                    "model": "item/shaggot_bat"
                }
            }
        ]
    }
}