{
    "model": {
        "type": "range_dispatch",
        "property": "custom_model_data",
        "fallback": {
            "type": "model",
            "model": "item/paper"
        },
        "entries": [
            {
                "threshold": 88,
                "model": {
                    "type": "model",
                    "model": "block/crusher"
                }
            },
            {
                "threshold": 89,
                "model": {
                    "type": "model",
                    "model": "block/anti_fantom"
                }
            },
            {
                "threshold": 90,
                "model": {
                    "type": "model",
                    "model": "block/fast_furnace"
                }
            }
        ]
    }
}