{
    "model": {
        "type": "range_dispatch",
        "property": "custom_model_data",
        "fallback": {
            "type": "model",
            "model": "item/stick"
        },
        "entries": [
            {
                "threshold": 1,
                "model": {
                    "type": "model",
                    "model": "item/wood_dust"
                }
            },
            {
                "threshold": 2,
                "model": {
                    "type": "model",
                    "model": "item/spanner"
                }
            },
            {
                "threshold": 3,
                "model": {
                    "type": "model",
                    "model": "item/wood_brusk"
                }
            }
        ]
    }
}