{
	"credit": "By NezuShin",
	"parent": "block/block",
	"elements": [
		{
			"from": [-8, -8, -8],
			"to": [24, 24, 24],
			"faces": {
				"north": {"uv": [0, 0, 16, 16], "texture": "#layer0", "cullface": "up", "tintindex": 0},
				"east": {"uv": [0, 0, 16, 16], "texture": "#layer0", "cullface": "up", "tintindex": 0},
				"south": {"uv": [0, 0, 16, 16], "texture": "#layer0", "cullface": "up", "tintindex": 0},
				"west": {"uv": [0, 0, 16, 16], "texture": "#layer0", "cullface": "up", "tintindex": 0},
				"up": {"uv": [0, 0, 16, 16], "texture": "#layer0", "cullface": "up", "tintindex": 0},
				"down": {"uv": [0, 0, 16, 16], "texture": "#layer0", "cullface": "up", "tintindex": 0}
			}
		}
	],
	"display": {
		"thirdperson_righthand": {
			"rotation": [-19, 0, 45],
			"scale": [0.15, 0.15, 0.15]
		},
		"thirdperson_lefthand": {
			"rotation": [-19, 0, 45],
			"scale": [0.15, 0.15, 0.15]
		},
		"firstperson_righthand": {
			"scale": [0.15, 0.15, 0.15]
		},
		"firstperson_lefthand": {
			"scale": [0.15, 0.15, 0.15]
		},
		"ground": {
			"scale": [0.15, 0.15, 0.15]
		},
		"gui": {
			"rotation": [25, 49, 0],
			"scale": [0.3, 0.3, 0.3]
		},
		"head": {
			"rotation": [-30, 0, 0],
			"translation": [0, -18.5, -14],
			"scale": [3, 3, 3]
		},
		"fixed": {
			"scale": [0.15, 0.15, 0.15]
		}
	}
}