{
 "nezu.beepboop": {
  "sounds": [
   "beepboop"
  ],
  "subtitle": "Компьютерные звуки"
 },
 "nezu.beep": {
  "sounds": [
   "beep"
  ],
  "subtitle": "Компьютерные звуки"
 },
 "nezu.fart": {
  "sounds": [
   "fart"
  ],
  "subtitle": "Кто то обосрался"
 },
 "nezu.alarm": {
  "sounds": [
   "alarm"
  ],
  "subtitle": "Звук тревоги"
 },
  "nezu.railgun.shoot": {
  "sounds": [
   "railgun_shoot"
  ],
  "subtitle": "Выстрел ресльсатрона"
 },
  "nezu.railgun.hit": {
  "sounds": [
   "railgun_hit"
  ],
  "subtitle": "Попадание снаряда рельсатрона"
 },
 "nezu.guy_fawkes_mask.lucky": {
  "sounds": [
   "lucky"
  ],
  "subtitle": "Повезло повезло"
 },
 "nezu.evangelion.opening": {
  "sounds": [
   "evangelion"
  ],
  "subtitle": "Звуки евангелиона"
 },
 "nezu.badapple.opening": {
  "sounds": [
   "bad_apple"
  ]
 },
 "nezu.camera": {
  "sounds": [
   "camera"
  ]
 }
 
}