{
	"credit": "нахуй ты сюда защёл ? яйца отормать ?",
	"textures": {
		"0": "item/handheld/chainsaw",
		"particle": "item/handheld/chainsaw"
	},
	"elements": [
		{
			"from": [14, 0, 10],
			"to": [15, 1, 11],
			"faces": {
				"north": {"uv": [10, 1, 11, 2], "texture": "#0"},
				"east": {"uv": [10, 1, 11, 2], "texture": "#0"},
				"south": {"uv": [10, 1, 11, 2], "texture": "#0"},
				"west": {"uv": [0, 0, 1, 1], "texture": "#missing"},
				"up": {"uv": [10, 1, 11, 2], "rotation": 270, "texture": "#0"},
				"down": {"uv": [10, 1, 11, 2], "rotation": 90, "texture": "#0"}
			}
		},
		{
			"from": [14, 0, 13],
			"to": [15, 1, 14],
			"faces": {
				"north": {"uv": [0, 0, 1, 1], "texture": "#missing"},
				"east": {"uv": [13, 1, 14, 2], "texture": "#0"},
				"south": {"uv": [13, 1, 14, 2], "texture": "#0"},
				"west": {"uv": [13, 1, 14, 2], "texture": "#0"},
				"up": {"uv": [13, 1, 14, 2], "rotation": 270, "texture": "#0"},
				"down": {"uv": [13, 1, 14, 2], "rotation": 90, "texture": "#0"}
			}
		},
		{
			"from": [14, 0, 12],
			"to": [15, 1, 13],
			"faces": {
				"north": {"uv": [12, 1, 13, 2], "texture": "#0"},
				"east": {"uv": [12, 1, 13, 2], "texture": "#0"},
				"south": {"uv": [0, 0, 1, 1], "texture": "#missing"},
				"west": {"uv": [0, 0, 1, 1], "texture": "#missing"},
				"up": {"uv": [12, 1, 13, 2], "rotation": 270, "texture": "#0"},
				"down": {"uv": [12, 1, 13, 2], "rotation": 90, "texture": "#0"}
			}
		},
		{
			"from": [13, 0, 11],
			"to": [14, 1, 12],
			"faces": {
				"north": {"uv": [0, 0, 1, 1], "texture": "#missing"},
				"east": {"uv": [11, 2, 12, 3], "texture": "#0"},
				"south": {"uv": [0, 0, 1, 1], "texture": "#missing"},
				"west": {"uv": [0, 0, 1, 1], "texture": "#missing"},
				"up": {"uv": [11, 2, 12, 3], "rotation": 270, "texture": "#0"},
				"down": {"uv": [11, 2, 12, 3], "rotation": 90, "texture": "#0"}
			}
		},
		{
			"from": [13, 0, 8],
			"to": [14, 1, 9],
			"faces": {
				"north": {"uv": [8, 2, 9, 3], "texture": "#0"},
				"east": {"uv": [8, 2, 9, 3], "texture": "#0"},
				"south": {"uv": [8, 2, 9, 3], "texture": "#0"},
				"west": {"uv": [0, 0, 1, 1], "texture": "#missing"},
				"up": {"uv": [8, 2, 9, 3], "rotation": 270, "texture": "#0"},
				"down": {"uv": [8, 2, 9, 3], "rotation": 90, "texture": "#0"}
			}
		},
		{
			"from": [13, 0, 10],
			"to": [14, 1, 11],
			"faces": {
				"north": {"uv": [10, 2, 11, 3], "texture": "#0"},
				"east": {"uv": [0, 0, 1, 1], "texture": "#missing"},
				"south": {"uv": [0, 0, 1, 1], "texture": "#missing"},
				"west": {"uv": [0, 0, 1, 1], "texture": "#missing"},
				"up": {"uv": [10, 2, 11, 3], "rotation": 270, "texture": "#0"},
				"down": {"uv": [11, 2, 10, 3], "rotation": 90, "texture": "#0"}
			}
		},
		{
			"from": [13, 0, 12],
			"to": [14, 1, 13],
			"faces": {
				"north": {"uv": [0, 0, 1, 1], "texture": "#missing"},
				"east": {"uv": [0, 0, 1, 1], "texture": "#missing"},
				"south": {"uv": [12, 2, 13, 3], "texture": "#0"},
				"west": {"uv": [0, 0, 1, 1], "texture": "#missing"},
				"up": {"uv": [12, 2, 13, 3], "rotation": 270, "texture": "#0"},
				"down": {"uv": [12, 2, 13, 3], "rotation": 90, "texture": "#0"}
			}
		},
		{
			"from": [12, 0, 11],
			"to": [13, 1, 12],
			"faces": {
				"north": {"uv": [0, 0, 1, 1], "texture": "#missing"},
				"east": {"uv": [0, 0, 1, 1], "texture": "#missing"},
				"south": {"uv": [0, 0, 1, 1], "texture": "#missing"},
				"west": {"uv": [0, 0, 1, 1], "texture": "#missing"},
				"up": {"uv": [11, 3, 12, 4], "rotation": 270, "texture": "#0"},
				"down": {"uv": [11, 3, 12, 4], "rotation": 90, "texture": "#0"}
			}
		},
		{
			"from": [12, 0, 8],
			"to": [13, 1, 9],
			"faces": {
				"north": {"uv": [8, 3, 9, 4], "texture": "#0"},
				"east": {"uv": [0, 0, 1, 1], "texture": "#missing"},
				"south": {"uv": [0, 0, 1, 1], "texture": "#missing"},
				"west": {"uv": [0, 0, 1, 1], "texture": "#missing"},
				"up": {"uv": [8, 3, 9, 4], "rotation": 270, "texture": "#0"},
				"down": {"uv": [8, 3, 9, 4], "rotation": 90, "texture": "#0"}
			}
		},
		{
			"from": [12, 0, 14],
			"to": [13, 1, 15],
			"faces": {
				"north": {"uv": [0, 0, 1, 1], "texture": "#missing"},
				"east": {"uv": [14, 3, 15, 4], "texture": "#0"},
				"south": {"uv": [14, 3, 15, 4], "texture": "#0"},
				"west": {"uv": [14, 3, 15, 4], "texture": "#0"},
				"up": {"uv": [14, 3, 15, 4], "rotation": 270, "texture": "#0"},
				"down": {"uv": [14, 3, 15, 4], "rotation": 90, "texture": "#0"}
			}
		},
		{
			"from": [12, 0, 9],
			"to": [13, 1, 10],
			"faces": {
				"north": {"uv": [0, 0, 1, 1], "texture": "#missing"},
				"east": {"uv": [9, 3, 10, 4], "texture": "#0"},
				"south": {"uv": [0, 0, 1, 1], "texture": "#missing"},
				"west": {"uv": [0, 0, 1, 1], "texture": "#missing"},
				"up": {"uv": [9, 3, 10, 4], "rotation": 270, "texture": "#0"},
				"down": {"uv": [9, 3, 10, 4], "rotation": 90, "texture": "#0"}
			}
		},
		{
			"from": [12, 0, 10],
			"to": [13, 1, 11],
			"faces": {
				"north": {"uv": [0, 0, 1, 1], "texture": "#missing"},
				"east": {"uv": [0, 0, 1, 1], "texture": "#missing"},
				"south": {"uv": [0, 0, 1, 1], "texture": "#missing"},
				"west": {"uv": [0, 0, 1, 1], "texture": "#missing"},
				"up": {"uv": [10, 3, 11, 4], "rotation": 270, "texture": "#0"},
				"down": {"uv": [10, 3, 11, 4], "rotation": 90, "texture": "#0"}
			}
		},
		{
			"from": [12, 0, 13],
			"to": [13, 1, 14],
			"faces": {
				"north": {"uv": [0, 0, 1, 1], "texture": "#missing"},
				"east": {"uv": [13, 3, 14, 4], "texture": "#0"},
				"south": {"uv": [0, 0, 1, 1], "texture": "#missing"},
				"west": {"uv": [0, 0, 1, 1], "texture": "#missing"},
				"up": {"uv": [13, 3, 14, 4], "rotation": 270, "texture": "#0"},
				"down": {"uv": [13, 3, 14, 4], "rotation": 90, "texture": "#0"}
			}
		},
		{
			"from": [12, 0, 12],
			"to": [13, 1, 13],
			"faces": {
				"north": {"uv": [0, 0, 1, 1], "texture": "#missing"},
				"east": {"uv": [0, 0, 1, 1], "texture": "#missing"},
				"south": {"uv": [0, 0, 1, 1], "texture": "#missing"},
				"west": {"uv": [0, 0, 1, 1], "texture": "#missing"},
				"up": {"uv": [12, 3, 13, 4], "rotation": 270, "texture": "#0"},
				"down": {"uv": [12, 3, 13, 4], "rotation": 90, "texture": "#0"}
			}
		},
		{
			"from": [11, 0, 6],
			"to": [12, 1, 7],
			"faces": {
				"north": {"uv": [6, 4, 7, 5], "texture": "#0"},
				"east": {"uv": [6, 4, 7, 5], "texture": "#0"},
				"south": {"uv": [6, 4, 7, 5], "texture": "#0"},
				"west": {"uv": [0, 0, 1, 1], "texture": "#missing"},
				"up": {"uv": [6, 4, 7, 5], "rotation": 270, "texture": "#0"},
				"down": {"uv": [6, 4, 7, 5], "rotation": 90, "texture": "#0"}
			}
		},
		{
			"from": [11, 0, 11],
			"to": [12, 1, 12],
			"faces": {
				"north": {"uv": [0, 0, 1, 1], "texture": "#missing"},
				"east": {"uv": [0, 0, 1, 1], "texture": "#missing"},
				"south": {"uv": [0, 0, 1, 1], "texture": "#missing"},
				"west": {"uv": [0, 0, 1, 1], "texture": "#missing"},
				"up": {"uv": [11, 4, 12, 5], "rotation": 270, "texture": "#0"},
				"down": {"uv": [11, 4, 12, 5], "rotation": 90, "texture": "#0"}
			}
		},
		{
			"from": [11, 0, 8],
			"to": [12, 1, 9],
			"faces": {
				"north": {"uv": [8, 4, 9, 5], "texture": "#0"},
				"east": {"uv": [0, 0, 1, 1], "texture": "#missing"},
				"south": {"uv": [0, 0, 1, 1], "texture": "#missing"},
				"west": {"uv": [0, 0, 1, 1], "texture": "#missing"},
				"up": {"uv": [8, 4, 9, 5], "rotation": 270, "texture": "#0"},
				"down": {"uv": [8, 4, 9, 5], "rotation": 90, "texture": "#0"}
			}
		},
		{
			"from": [11, 0, 9],
			"to": [12, 1, 10],
			"faces": {
				"north": {"uv": [0, 0, 1, 1], "texture": "#missing"},
				"east": {"uv": [0, 0, 1, 1], "texture": "#missing"},
				"south": {"uv": [0, 0, 1, 1], "texture": "#missing"},
				"west": {"uv": [0, 0, 1, 1], "texture": "#missing"},
				"up": {"uv": [10, 3, 11, 4], "rotation": 270, "texture": "#0"},
				"down": {"uv": [10, 3, 11, 4], "rotation": 90, "texture": "#0"}
			}
		},
		{
			"from": [11, 0, 10],
			"to": [12, 1, 11],
			"faces": {
				"north": {"uv": [0, 0, 1, 1], "texture": "#missing"},
				"east": {"uv": [0, 0, 1, 1], "texture": "#missing"},
				"south": {"uv": [0, 0, 1, 1], "texture": "#missing"},
				"west": {"uv": [0, 0, 1, 1], "texture": "#missing"},
				"up": {"uv": [11, 3, 12, 4], "rotation": 270, "texture": "#0"},
				"down": {"uv": [11, 3, 12, 4], "rotation": 90, "texture": "#0"}
			}
		},
		{
			"from": [11, 0, 13],
			"to": [12, 1, 14],
			"faces": {
				"north": {"uv": [0, 0, 1, 1], "texture": "#missing"},
				"east": {"uv": [0, 0, 1, 1], "texture": "#missing"},
				"south": {"uv": [13, 4, 14, 5], "texture": "#0"},
				"west": {"uv": [0, 0, 1, 1], "texture": "#missing"},
				"up": {"uv": [13, 4, 14, 5], "rotation": 270, "texture": "#0"},
				"down": {"uv": [13, 4, 14, 5], "rotation": 90, "texture": "#0"}
			}
		},
		{
			"from": [11, 0, 12],
			"to": [12, 1, 13],
			"faces": {
				"north": {"uv": [0, 0, 1, 1], "texture": "#missing"},
				"east": {"uv": [0, 0, 1, 1], "texture": "#missing"},
				"south": {"uv": [0, 0, 1, 1], "texture": "#missing"},
				"west": {"uv": [0, 0, 1, 1], "texture": "#missing"},
				"up": {"uv": [12, 4, 13, 5], "rotation": 270, "texture": "#0"},
				"down": {"uv": [12, 4, 13, 5], "rotation": 90, "texture": "#0"}
			}
		},
		{
			"from": [10, 0, 6],
			"to": [11, 1, 7],
			"faces": {
				"north": {"uv": [6, 5, 7, 6], "texture": "#0"},
				"east": {"uv": [0, 0, 1, 1], "texture": "#missing"},
				"south": {"uv": [0, 0, 1, 1], "texture": "#missing"},
				"west": {"uv": [0, 0, 1, 1], "texture": "#missing"},
				"up": {"uv": [6, 5, 7, 6], "rotation": 270, "texture": "#0"},
				"down": {"uv": [6, 6, 7, 7], "rotation": 90, "texture": "#0"}
			}
		},
		{
			"from": [10, 0, 11],
			"to": [11, 1, 12],
			"faces": {
				"north": {"uv": [0, 0, 1, 1], "texture": "#missing"},
				"east": {"uv": [0, 0, 1, 1], "texture": "#missing"},
				"south": {"uv": [0, 0, 1, 1], "texture": "#missing"},
				"west": {"uv": [0, 0, 1, 1], "texture": "#missing"},
				"up": {"uv": [11, 5, 12, 6], "rotation": 270, "texture": "#0"},
				"down": {"uv": [11, 5, 12, 6], "rotation": 90, "texture": "#0"}
			}
		},
		{
			"from": [10, 0, 8],
			"to": [11, 1, 9],
			"faces": {
				"north": {"uv": [0, 0, 1, 1], "texture": "#missing"},
				"east": {"uv": [0, 0, 1, 1], "texture": "#missing"},
				"south": {"uv": [0, 0, 1, 1], "texture": "#missing"},
				"west": {"uv": [0, 0, 1, 1], "texture": "#missing"},
				"up": {"uv": [8, 5, 9, 6], "rotation": 270, "texture": "#0"},
				"down": {"uv": [8, 5, 9, 6], "rotation": 90, "texture": "#0"}
			}
		},
		{
			"from": [10, 0, 14],
			"to": [11, 1, 15],
			"faces": {
				"north": {"uv": [0, 0, 1, 1], "texture": "#missing"},
				"east": {"uv": [14, 5, 15, 6], "texture": "#0"},
				"south": {"uv": [14, 5, 15, 6], "texture": "#0"},
				"west": {"uv": [0, 0, 1, 1], "texture": "#missing"},
				"up": {"uv": [14, 5, 15, 6], "rotation": 270, "texture": "#0"},
				"down": {"uv": [14, 5, 15, 6], "rotation": 90, "texture": "#0"}
			}
		},
		{
			"from": [10, 0, 9],
			"to": [11, 1, 10],
			"faces": {
				"north": {"uv": [0, 0, 1, 1], "texture": "#missing"},
				"east": {"uv": [0, 0, 1, 1], "texture": "#missing"},
				"south": {"uv": [0, 0, 1, 1], "texture": "#missing"},
				"west": {"uv": [0, 0, 1, 1], "texture": "#missing"},
				"up": {"uv": [10, 4, 11, 5], "rotation": 270, "texture": "#0"},
				"down": {"uv": [10, 4, 11, 5], "rotation": 90, "texture": "#0"}
			}
		},
		{
			"from": [10, 0, 10],
			"to": [11, 1, 11],
			"faces": {
				"north": {"uv": [0, 0, 1, 1], "texture": "#missing"},
				"east": {"uv": [0, 0, 1, 1], "texture": "#missing"},
				"south": {"uv": [0, 0, 1, 1], "texture": "#missing"},
				"west": {"uv": [0, 0, 1, 1], "texture": "#missing"},
				"up": {"uv": [10, 5, 11, 6], "rotation": 270, "texture": "#0"},
				"down": {"uv": [10, 5, 11, 6], "rotation": 90, "texture": "#0"}
			}
		},
		{
			"from": [10, 0, 13],
			"to": [11, 1, 14],
			"faces": {
				"north": {"uv": [0, 0, 1, 1], "texture": "#missing"},
				"east": {"uv": [0, 0, 1, 1], "texture": "#missing"},
				"south": {"uv": [0, 0, 1, 1], "texture": "#missing"},
				"west": {"uv": [13, 5, 14, 6], "texture": "#0"},
				"up": {"uv": [13, 5, 14, 6], "rotation": 270, "texture": "#0"},
				"down": {"uv": [13, 5, 14, 6], "rotation": 90, "texture": "#0"}
			}
		},
		{
			"from": [10, 0, 12],
			"to": [11, 1, 13],
			"faces": {
				"north": {"uv": [0, 0, 1, 1], "texture": "#missing"},
				"east": {"uv": [0, 0, 1, 1], "texture": "#missing"},
				"south": {"uv": [0, 0, 1, 1], "texture": "#missing"},
				"west": {"uv": [0, 0, 1, 1], "texture": "#missing"},
				"up": {"uv": [12, 5, 13, 6], "rotation": 270, "texture": "#0"},
				"down": {"uv": [12, 5, 13, 6], "rotation": 90, "texture": "#0"}
			}
		},
		{
			"from": [10, 0, 7],
			"to": [11, 1, 8],
			"faces": {
				"north": {"uv": [0, 0, 1, 1], "texture": "#missing"},
				"east": {"uv": [7, 5, 8, 6], "texture": "#0"},
				"south": {"uv": [0, 0, 1, 1], "texture": "#missing"},
				"west": {"uv": [0, 0, 1, 1], "texture": "#missing"},
				"up": {"uv": [7, 5, 8, 6], "rotation": 270, "texture": "#0"},
				"down": {"uv": [7, 5, 8, 6], "rotation": 90, "texture": "#0"}
			}
		},
		{
			"from": [9, 0, 6],
			"to": [10, 1, 7],
			"faces": {
				"north": {"uv": [6, 6, 7, 7], "texture": "#0"},
				"east": {"uv": [0, 0, 1, 1], "texture": "#missing"},
				"south": {"uv": [0, 0, 1, 1], "texture": "#missing"},
				"west": {"uv": [0, 0, 1, 1], "texture": "#missing"},
				"up": {"uv": [6, 6, 7, 7], "rotation": 270, "texture": "#0"},
				"down": {"uv": [6, 6, 7, 7], "rotation": 90, "texture": "#0"}
			}
		},
		{
			"from": [9, 0, 11],
			"to": [10, 1, 12],
			"faces": {
				"north": {"uv": [0, 0, 1, 1], "texture": "#missing"},
				"east": {"uv": [0, 0, 1, 1], "texture": "#missing"},
				"south": {"uv": [0, 0, 1, 1], "texture": "#missing"},
				"west": {"uv": [0, 0, 1, 1], "texture": "#missing"},
				"up": {"uv": [11, 6, 12, 7], "rotation": 270, "texture": "#0"},
				"down": {"uv": [11, 6, 12, 7], "rotation": 90, "texture": "#0"}
			}
		},
		{
			"from": [9, 0, 8],
			"to": [10, 1, 9],
			"faces": {
				"north": {"uv": [0, 0, 1, 1], "texture": "#missing"},
				"east": {"uv": [0, 0, 1, 1], "texture": "#missing"},
				"south": {"uv": [0, 0, 1, 1], "texture": "#missing"},
				"west": {"uv": [0, 0, 1, 1], "texture": "#missing"},
				"up": {"uv": [8, 6, 9, 7], "rotation": 270, "texture": "#0"},
				"down": {"uv": [8, 6, 9, 7], "rotation": 90, "texture": "#0"}
			}
		},
		{
			"from": [9, 0, 14],
			"to": [10, 1, 15],
			"faces": {
				"north": {"uv": [14, 6, 15, 7], "texture": "#0"},
				"east": {"uv": [0, 0, 1, 1], "texture": "#missing"},
				"south": {"uv": [14, 6, 15, 7], "texture": "#0"},
				"west": {"uv": [14, 6, 15, 7], "texture": "#0"},
				"up": {"uv": [14, 6, 15, 7], "rotation": 270, "texture": "#0"},
				"down": {"uv": [14, 6, 15, 7], "rotation": 90, "texture": "#0"}
			}
		},
		{
			"from": [9, 0, 9],
			"to": [10, 1, 10],
			"faces": {
				"north": {"uv": [0, 0, 1, 1], "texture": "#missing"},
				"east": {"uv": [0, 0, 1, 1], "texture": "#missing"},
				"south": {"uv": [0, 0, 1, 1], "texture": "#missing"},
				"west": {"uv": [0, 0, 1, 1], "texture": "#missing"},
				"up": {"uv": [9, 6, 10, 7], "rotation": 270, "texture": "#0"},
				"down": {"uv": [9, 6, 10, 7], "rotation": 90, "texture": "#0"}
			}
		},
		{
			"from": [9, 0, 10],
			"to": [10, 1, 11],
			"faces": {
				"north": {"uv": [0, 0, 1, 1], "texture": "#missing"},
				"east": {"uv": [0, 0, 1, 1], "texture": "#missing"},
				"south": {"uv": [0, 0, 1, 1], "texture": "#missing"},
				"west": {"uv": [0, 0, 1, 1], "texture": "#missing"},
				"up": {"uv": [10, 6, 11, 7], "rotation": 270, "texture": "#0"},
				"down": {"uv": [10, 6, 11, 7], "rotation": 90, "texture": "#0"}
			}
		},
		{
			"from": [9, 0, 12],
			"to": [10, 1, 13],
			"faces": {
				"north": {"uv": [0, 0, 1, 1], "texture": "#missing"},
				"east": {"uv": [0, 0, 1, 1], "texture": "#missing"},
				"south": {"uv": [12, 6, 13, 7], "texture": "#0"},
				"west": {"uv": [0, 0, 1, 1], "texture": "#missing"},
				"up": {"uv": [12, 6, 13, 7], "rotation": 270, "texture": "#0"},
				"down": {"uv": [12, 6, 13, 7], "rotation": 90, "texture": "#0"}
			}
		},
		{
			"from": [9, 0, 4],
			"to": [10, 1, 5],
			"faces": {
				"north": {"uv": [4, 6, 5, 7], "texture": "#0"},
				"east": {"uv": [4, 6, 5, 7], "texture": "#0"},
				"south": {"uv": [4, 6, 5, 7], "texture": "#0"},
				"west": {"uv": [0, 0, 1, 1], "texture": "#missing"},
				"up": {"uv": [4, 6, 5, 7], "rotation": 270, "texture": "#0"},
				"down": {"uv": [4, 6, 5, 7], "rotation": 90, "texture": "#0"}
			}
		},
		{
			"from": [9, 0, 7],
			"to": [10, 1, 8],
			"faces": {
				"north": {"uv": [0, 0, 1, 1], "texture": "#missing"},
				"east": {"uv": [0, 0, 1, 1], "texture": "#missing"},
				"south": {"uv": [0, 0, 1, 1], "texture": "#missing"},
				"west": {"uv": [0, 0, 1, 1], "texture": "#missing"},
				"up": {"uv": [7, 6, 8, 7], "rotation": 270, "texture": "#0"},
				"down": {"uv": [7, 6, 8, 7], "rotation": 90, "texture": "#0"}
			}
		},
		{
			"from": [8, 0, 6],
			"to": [9, 1, 7],
			"faces": {
				"north": {"uv": [0, 0, 1, 1], "texture": "#missing"},
				"east": {"uv": [0, 0, 1, 1], "texture": "#missing"},
				"south": {"uv": [0, 0, 1, 1], "texture": "#missing"},
				"west": {"uv": [0, 0, 1, 1], "texture": "#missing"},
				"up": {"uv": [6, 7, 7, 8], "rotation": 270, "texture": "#0"},
				"down": {"uv": [6, 7, 7, 8], "rotation": 90, "texture": "#0"}
			}
		},
		{
			"from": [8, 0, 11],
			"to": [9, 1, 12],
			"faces": {
				"north": {"uv": [0, 0, 1, 1], "texture": "#missing"},
				"east": {"uv": [0, 0, 1, 1], "texture": "#missing"},
				"south": {"uv": [0, 0, 1, 1], "texture": "#missing"},
				"west": {"uv": [11, 7, 12, 8], "texture": "#0"},
				"up": {"uv": [11, 7, 12, 8], "rotation": 270, "texture": "#0"},
				"down": {"uv": [11, 7, 12, 8], "rotation": 90, "texture": "#0"}
			}
		},
		{
			"from": [8, 0, 8],
			"to": [9, 1, 9],
			"faces": {
				"north": {"uv": [0, 0, 1, 1], "texture": "#missing"},
				"east": {"uv": [0, 0, 1, 1], "texture": "#missing"},
				"south": {"uv": [0, 0, 1, 1], "texture": "#missing"},
				"west": {"uv": [0, 0, 1, 1], "texture": "#missing"},
				"up": {"uv": [8, 7, 9, 8], "rotation": 270, "texture": "#0"},
				"down": {"uv": [8, 7, 9, 8], "rotation": 90, "texture": "#0"}
			}
		},
		{
			"from": [8, 0, 9],
			"to": [9, 1, 10],
			"faces": {
				"north": {"uv": [0, 0, 1, 1], "texture": "#missing"},
				"east": {"uv": [0, 0, 1, 1], "texture": "#missing"},
				"south": {"uv": [0, 0, 1, 1], "texture": "#missing"},
				"west": {"uv": [0, 0, 1, 1], "texture": "#missing"},
				"up": {"uv": [9, 7, 10, 8], "rotation": 270, "texture": "#0"},
				"down": {"uv": [9, 7, 10, 8], "rotation": 90, "texture": "#0"}
			}
		},
		{
			"from": [8, 0, 10],
			"to": [9, 1, 11],
			"faces": {
				"north": {"uv": [0, 0, 1, 1], "texture": "#missing"},
				"east": {"uv": [0, 0, 1, 1], "texture": "#missing"},
				"south": {"uv": [0, 0, 1, 1], "texture": "#missing"},
				"west": {"uv": [0, 0, 1, 1], "texture": "#missing"},
				"up": {"uv": [10, 7, 11, 8], "rotation": 270, "texture": "#0"},
				"down": {"uv": [10, 7, 11, 8], "rotation": 90, "texture": "#0"}
			}
		},
		{
			"from": [8, 0, 12],
			"to": [9, 1, 13],
			"faces": {
				"north": {"uv": [0, 0, 1, 1], "texture": "#missing"},
				"east": {"uv": [0, 0, 1, 1], "texture": "#missing"},
				"south": {"uv": [12, 7, 13, 8], "texture": "#0"},
				"west": {"uv": [0, 0, 1, 1], "texture": "#missing"},
				"up": {"uv": [12, 7, 13, 8], "rotation": 270, "texture": "#0"},
				"down": {"uv": [12, 7, 13, 8], "rotation": 90, "texture": "#0"}
			}
		},
		{
			"from": [8, 0, 5],
			"to": [9, 1, 6],
			"faces": {
				"north": {"uv": [0, 0, 1, 1], "texture": "#missing"},
				"east": {"uv": [5, 7, 6, 8], "texture": "#0"},
				"south": {"uv": [0, 0, 1, 1], "texture": "#missing"},
				"west": {"uv": [0, 0, 1, 1], "texture": "#missing"},
				"up": {"uv": [5, 7, 6, 8], "rotation": 270, "texture": "#0"},
				"down": {"uv": [5, 7, 6, 8], "rotation": 90, "texture": "#0"}
			}
		},
		{
			"from": [8, 0, 4],
			"to": [9, 1, 5],
			"faces": {
				"north": {"uv": [4, 7, 5, 8], "texture": "#0"},
				"east": {"uv": [0, 0, 1, 1], "texture": "#missing"},
				"south": {"uv": [0, 0, 1, 1], "texture": "#missing"},
				"west": {"uv": [0, 0, 1, 1], "texture": "#missing"},
				"up": {"uv": [4, 7, 5, 8], "rotation": 270, "texture": "#0"},
				"down": {"uv": [4, 7, 5, 8], "rotation": 90, "texture": "#0"}
			}
		},
		{
			"from": [8, 0, 7],
			"to": [9, 1, 8],
			"faces": {
				"north": {"uv": [0, 0, 1, 1], "texture": "#missing"},
				"east": {"uv": [0, 0, 1, 1], "texture": "#missing"},
				"south": {"uv": [0, 0, 1, 1], "texture": "#missing"},
				"west": {"uv": [0, 0, 1, 1], "texture": "#missing"},
				"up": {"uv": [7, 7, 8, 8], "rotation": 270, "texture": "#0"},
				"down": {"uv": [7, 7, 8, 8], "rotation": 90, "texture": "#0"}
			}
		},
		{
			"from": [7, 0, 6],
			"to": [8, 1, 7],
			"faces": {
				"north": {"uv": [0, 0, 1, 1], "texture": "#missing"},
				"east": {"uv": [0, 0, 1, 1], "texture": "#missing"},
				"south": {"uv": [0, 0, 1, 1], "texture": "#missing"},
				"west": {"uv": [0, 0, 1, 1], "texture": "#missing"},
				"up": {"uv": [6, 8, 7, 9], "rotation": 270, "texture": "#0"},
				"down": {"uv": [6, 8, 7, 9], "rotation": 90, "texture": "#0"}
			}
		},
		{
			"from": [7, 0, 8],
			"to": [8, 1, 9],
			"faces": {
				"north": {"uv": [0, 0, 1, 1], "texture": "#missing"},
				"east": {"uv": [0, 0, 1, 1], "texture": "#missing"},
				"south": {"uv": [0, 0, 1, 1], "texture": "#missing"},
				"west": {"uv": [0, 0, 1, 1], "texture": "#missing"},
				"up": {"uv": [8, 8, 9, 9], "rotation": 270, "texture": "#0"},
				"down": {"uv": [8, 8, 9, 9], "rotation": 90, "texture": "#0"}
			}
		},
		{
			"from": [7, 0, 9],
			"to": [8, 1, 10],
			"faces": {
				"north": {"uv": [0, 0, 1, 1], "texture": "#missing"},
				"east": {"uv": [0, 0, 1, 1], "texture": "#missing"},
				"south": {"uv": [0, 0, 1, 1], "texture": "#missing"},
				"west": {"uv": [0, 0, 1, 1], "texture": "#missing"},
				"up": {"uv": [9, 8, 10, 9], "rotation": 270, "texture": "#0"},
				"down": {"uv": [9, 8, 10, 9], "rotation": 90, "texture": "#0"}
			}
		},
		{
			"from": [7, 0, 10],
			"to": [8, 1, 11],
			"faces": {
				"north": {"uv": [0, 0, 1, 1], "texture": "#missing"},
				"east": {"uv": [0, 0, 1, 1], "texture": "#missing"},
				"south": {"uv": [10, 8, 11, 9], "texture": "#0"},
				"west": {"uv": [0, 0, 1, 1], "texture": "#missing"},
				"up": {"uv": [10, 8, 11, 9], "rotation": 270, "texture": "#0"},
				"down": {"uv": [10, 8, 11, 9], "rotation": 90, "texture": "#0"}
			}
		},
		{
			"from": [7, 0, 12],
			"to": [8, 1, 13],
			"faces": {
				"north": {"uv": [12, 8, 13, 9], "texture": "#0"},
				"east": {"uv": [0, 0, 1, 1], "texture": "#missing"},
				"south": {"uv": [12, 8, 13, 9], "texture": "#0"},
				"west": {"uv": [12, 8, 13, 9], "texture": "#0"},
				"up": {"uv": [12, 8, 13, 9], "rotation": 270, "texture": "#0"},
				"down": {"uv": [12, 8, 13, 9], "rotation": 90, "texture": "#0"}
			}
		},
		{
			"from": [6, 0, 10],
			"to": [7, 1, 11],
			"faces": {
				"north": {"uv": [0, 0, 1, 1], "texture": "#missing"},
				"east": {"uv": [0, 0, 1, 1], "texture": "#missing"},
				"south": {"uv": [10, 9, 11, 10], "texture": "#0"},
				"west": {"uv": [0, 0, 1, 1], "texture": "#missing"},
				"up": {"uv": [10, 9, 11, 10], "rotation": 270, "texture": "#0"},
				"down": {"uv": [10, 9, 11, 10], "rotation": 90, "texture": "#0"}
			}
		},
		{
			"from": [5, 0, 10],
			"to": [6, 1, 11],
			"faces": {
				"north": {"uv": [10, 10, 11, 11], "texture": "#0"},
				"east": {"uv": [0, 0, 1, 1], "texture": "#missing"},
				"south": {"uv": [10, 10, 11, 11], "texture": "#0"},
				"west": {"uv": [10, 10, 11, 11], "texture": "#0"},
				"up": {"uv": [10, 10, 11, 11], "rotation": 270, "texture": "#0"},
				"down": {"uv": [10, 10, 11, 11], "rotation": 90, "texture": "#0"}
			}
		},
		{
			"from": [6, 0, 9],
			"to": [7, 1, 10],
			"faces": {
				"north": {"uv": [0, 0, 1, 1], "texture": "#missing"},
				"east": {"uv": [0, 0, 1, 1], "texture": "#missing"},
				"south": {"uv": [0, 0, 1, 1], "texture": "#missing"},
				"west": {"uv": [9, 9, 10, 10], "texture": "#0"},
				"up": {"uv": [9, 9, 10, 10], "rotation": 270, "texture": "#0"},
				"down": {"uv": [9, 9, 10, 10], "rotation": 90, "texture": "#0"}
			}
		},
		{
			"from": [7, 0, 5],
			"to": [8, 1, 6],
			"faces": {
				"north": {"uv": [0, 0, 1, 1], "texture": "#missing"},
				"east": {"uv": [0, 0, 1, 1], "texture": "#missing"},
				"south": {"uv": [0, 0, 1, 1], "texture": "#missing"},
				"west": {"uv": [0, 0, 1, 1], "texture": "#missing"},
				"up": {"uv": [5, 8, 6, 9], "rotation": 270, "texture": "#0"},
				"down": {"uv": [5, 8, 6, 9], "rotation": 90, "texture": "#0"}
			}
		},
		{
			"from": [7, 0, 3],
			"to": [8, 1, 4],
			"faces": {
				"north": {"uv": [0, 0, 1, 1], "texture": "#missing"},
				"east": {"uv": [3, 8, 4, 9], "texture": "#0"},
				"south": {"uv": [0, 0, 1, 1], "texture": "#missing"},
				"west": {"uv": [0, 0, 1, 1], "texture": "#missing"},
				"up": {"uv": [3, 8, 4, 9], "rotation": 270, "texture": "#0"},
				"down": {"uv": [3, 8, 4, 9], "rotation": 90, "texture": "#0"}
			}
		},
		{
			"from": [7, 0, 4],
			"to": [8, 1, 5],
			"faces": {
				"north": {"uv": [0, 0, 1, 1], "texture": "#missing"},
				"east": {"uv": [0, 0, 1, 1], "texture": "#missing"},
				"south": {"uv": [0, 0, 1, 1], "texture": "#missing"},
				"west": {"uv": [0, 0, 1, 1], "texture": "#missing"},
				"up": {"uv": [4, 8, 5, 9], "rotation": 270, "texture": "#0"},
				"down": {"uv": [4, 8, 5, 9], "rotation": 90, "texture": "#0"}
			}
		},
		{
			"from": [7, 0, 7],
			"to": [8, 1, 8],
			"faces": {
				"north": {"uv": [0, 0, 1, 1], "texture": "#missing"},
				"east": {"uv": [0, 0, 1, 1], "texture": "#missing"},
				"south": {"uv": [0, 0, 1, 1], "texture": "#missing"},
				"west": {"uv": [0, 0, 1, 1], "texture": "#missing"},
				"up": {"uv": [7, 8, 8, 9], "rotation": 270, "texture": "#0"},
				"down": {"uv": [7, 8, 8, 9], "rotation": 90, "texture": "#0"}
			}
		},
		{
			"from": [7, 0, 2],
			"to": [8, 1, 3],
			"faces": {
				"north": {"uv": [2, 8, 3, 9], "texture": "#0"},
				"east": {"uv": [2, 8, 3, 9], "texture": "#0"},
				"south": {"uv": [0, 0, 1, 1], "texture": "#missing"},
				"west": {"uv": [0, 0, 1, 1], "texture": "#missing"},
				"up": {"uv": [2, 8, 3, 9], "rotation": 270, "texture": "#0"},
				"down": {"uv": [2, 8, 3, 9], "rotation": 90, "texture": "#0"}
			}
		},
		{
			"from": [6, 0, 6],
			"to": [7, 1, 7],
			"faces": {
				"north": {"uv": [0, 0, 1, 1], "texture": "#missing"},
				"east": {"uv": [0, 0, 1, 1], "texture": "#missing"},
				"south": {"uv": [0, 0, 1, 1], "texture": "#missing"},
				"west": {"uv": [0, 0, 1, 1], "texture": "#missing"},
				"up": {"uv": [6, 9, 7, 10], "rotation": 270, "texture": "#0"},
				"down": {"uv": [6, 9, 7, 10], "rotation": 90, "texture": "#0"}
			}
		},
		{
			"from": [6, 0, 8],
			"to": [7, 1, 9],
			"faces": {
				"north": {"uv": [0, 0, 1, 1], "texture": "#missing"},
				"east": {"uv": [0, 0, 1, 1], "texture": "#missing"},
				"south": {"uv": [0, 0, 1, 1], "texture": "#missing"},
				"west": {"uv": [0, 0, 1, 1], "texture": "#missing"},
				"up": {"uv": [8, 9, 9, 10], "rotation": 270, "texture": "#0"},
				"down": {"uv": [8, 9, 9, 10], "rotation": 90, "texture": "#0"}
			}
		},
		{
			"from": [6, 0, 5],
			"to": [7, 1, 6],
			"faces": {
				"north": {"uv": [0, 0, 1, 1], "texture": "#missing"},
				"east": {"uv": [0, 0, 1, 1], "texture": "#missing"},
				"south": {"uv": [0, 0, 1, 1], "texture": "#missing"},
				"west": {"uv": [0, 0, 1, 1], "texture": "#missing"},
				"up": {"uv": [5, 9, 6, 10], "rotation": 270, "texture": "#0"},
				"down": {"uv": [5, 9, 6, 10], "rotation": 90, "texture": "#0"}
			}
		},
		{
			"from": [6, 0, 3],
			"to": [7, 1, 4],
			"faces": {
				"north": {"uv": [0, 0, 1, 1], "texture": "#missing"},
				"east": {"uv": [0, 0, 1, 1], "texture": "#missing"},
				"south": {"uv": [0, 0, 1, 1], "texture": "#missing"},
				"west": {"uv": [0, 0, 1, 1], "texture": "#missing"},
				"up": {"uv": [3, 9, 4, 10], "rotation": 270, "texture": "#0"},
				"down": {"uv": [3, 9, 4, 10], "rotation": 90, "texture": "#0"}
			}
		},
		{
			"from": [6, 0, 4],
			"to": [7, 1, 5],
			"faces": {
				"north": {"uv": [0, 0, 1, 1], "texture": "#missing"},
				"east": {"uv": [0, 0, 1, 1], "texture": "#missing"},
				"south": {"uv": [0, 0, 1, 1], "texture": "#missing"},
				"west": {"uv": [0, 0, 1, 1], "texture": "#missing"},
				"up": {"uv": [4, 9, 5, 10], "rotation": 270, "texture": "#0"},
				"down": {"uv": [4, 9, 5, 10], "rotation": 90, "texture": "#0"}
			}
		},
		{
			"from": [6, 0, 7],
			"to": [7, 1, 8],
			"faces": {
				"north": {"uv": [0, 0, 1, 1], "texture": "#missing"},
				"east": {"uv": [0, 0, 1, 1], "texture": "#missing"},
				"south": {"uv": [0, 0, 1, 1], "texture": "#missing"},
				"west": {"uv": [0, 0, 1, 1], "texture": "#missing"},
				"up": {"uv": [7, 9, 8, 10], "rotation": 270, "texture": "#0"},
				"down": {"uv": [7, 9, 8, 10], "rotation": 90, "texture": "#0"}
			}
		},
		{
			"from": [6, 0, 2],
			"to": [7, 1, 3],
			"faces": {
				"north": {"uv": [2, 9, 3, 10], "texture": "#0"},
				"east": {"uv": [0, 0, 1, 1], "texture": "#missing"},
				"south": {"uv": [0, 0, 1, 1], "texture": "#missing"},
				"west": {"uv": [0, 0, 1, 1], "texture": "#missing"},
				"up": {"uv": [2, 9, 3, 10], "rotation": 270, "texture": "#0"},
				"down": {"uv": [2, 9, 3, 10], "rotation": 90, "texture": "#0"}
			}
		},
		{
			"from": [5, 0, 1],
			"to": [6, 1, 2],
			"faces": {
				"north": {"uv": [1, 10, 2, 11], "texture": "#0"},
				"east": {"uv": [1, 10, 2, 11], "texture": "#0"},
				"south": {"uv": [0, 0, 1, 1], "texture": "#missing"},
				"west": {"uv": [0, 0, 1, 1], "texture": "#missing"},
				"up": {"uv": [1, 10, 2, 11], "rotation": 270, "texture": "#0"},
				"down": {"uv": [1, 10, 2, 11], "rotation": 90, "texture": "#0"}
			}
		},
		{
			"from": [5, 0, 6],
			"to": [6, 1, 7],
			"faces": {
				"north": {"uv": [0, 0, 1, 1], "texture": "#missing"},
				"east": {"uv": [0, 0, 1, 1], "texture": "#missing"},
				"south": {"uv": [0, 0, 1, 1], "texture": "#missing"},
				"west": {"uv": [0, 0, 1, 1], "texture": "#missing"},
				"up": {"uv": [6, 10, 7, 11], "rotation": 270, "texture": "#0"},
				"down": {"uv": [6, 10, 7, 11], "rotation": 90, "texture": "#0"}
			}
		},
		{
			"from": [5, 0, 8],
			"to": [6, 1, 9],
			"faces": {
				"north": {"uv": [0, 0, 1, 1], "texture": "#missing"},
				"east": {"uv": [0, 0, 1, 1], "texture": "#missing"},
				"south": {"uv": [8, 10, 9, 11], "texture": "#0"},
				"west": {"uv": [0, 0, 1, 1], "texture": "#missing"},
				"up": {"uv": [8, 10, 9, 11], "rotation": 270, "texture": "#0"},
				"down": {"uv": [8, 10, 9, 11], "rotation": 90, "texture": "#0"}
			}
		},
		{
			"from": [5, 0, 5],
			"to": [6, 1, 6],
			"faces": {
				"north": {"uv": [0, 0, 1, 1], "texture": "#missing"},
				"east": {"uv": [0, 0, 1, 1], "texture": "#missing"},
				"south": {"uv": [0, 0, 1, 1], "texture": "#missing"},
				"west": {"uv": [0, 0, 1, 1], "texture": "#missing"},
				"up": {"uv": [5, 10, 6, 11], "rotation": 270, "texture": "#0"},
				"down": {"uv": [5, 10, 6, 11], "rotation": 90, "texture": "#0"}
			}
		},
		{
			"from": [5, 0, 3],
			"to": [6, 1, 4],
			"faces": {
				"north": {"uv": [0, 0, 1, 1], "texture": "#missing"},
				"east": {"uv": [0, 0, 1, 1], "texture": "#missing"},
				"south": {"uv": [0, 0, 1, 1], "texture": "#missing"},
				"west": {"uv": [0, 0, 1, 1], "texture": "#missing"},
				"up": {"uv": [3, 10, 4, 11], "rotation": 270, "texture": "#0"},
				"down": {"uv": [3, 10, 4, 11], "rotation": 90, "texture": "#0"}
			}
		},
		{
			"from": [5, 0, 4],
			"to": [6, 1, 5],
			"faces": {
				"north": {"uv": [0, 0, 1, 1], "texture": "#missing"},
				"east": {"uv": [0, 0, 1, 1], "texture": "#missing"},
				"south": {"uv": [0, 0, 1, 1], "texture": "#missing"},
				"west": {"uv": [0, 0, 1, 1], "texture": "#missing"},
				"up": {"uv": [4, 10, 5, 11], "rotation": 270, "texture": "#0"},
				"down": {"uv": [4, 10, 5, 11], "rotation": 90, "texture": "#0"}
			}
		},
		{
			"from": [5, 0, 7],
			"to": [6, 1, 8],
			"faces": {
				"north": {"uv": [0, 0, 1, 1], "texture": "#missing"},
				"east": {"uv": [0, 0, 1, 1], "texture": "#missing"},
				"south": {"uv": [0, 0, 1, 1], "texture": "#missing"},
				"west": {"uv": [0, 0, 1, 1], "texture": "#missing"},
				"up": {"uv": [7, 10, 8, 11], "rotation": 270, "texture": "#0"},
				"down": {"uv": [7, 10, 8, 11], "rotation": 90, "texture": "#0"}
			}
		},
		{
			"from": [5, 0, 2],
			"to": [6, 1, 3],
			"faces": {
				"north": {"uv": [0, 0, 1, 1], "texture": "#missing"},
				"east": {"uv": [0, 0, 1, 1], "texture": "#missing"},
				"south": {"uv": [0, 0, 1, 1], "texture": "#missing"},
				"west": {"uv": [0, 0, 1, 1], "texture": "#missing"},
				"up": {"uv": [2, 10, 3, 11], "rotation": 270, "texture": "#0"},
				"down": {"uv": [3, 10, 4, 11], "rotation": 90, "texture": "#0"}
			}
		},
		{
			"from": [4, 0, 1],
			"to": [5, 1, 2],
			"faces": {
				"north": {"uv": [0, 0, 1, 1], "texture": "#missing"},
				"east": {"uv": [0, 0, 1, 1], "texture": "#missing"},
				"south": {"uv": [0, 0, 1, 1], "texture": "#missing"},
				"west": {"uv": [0, 0, 1, 1], "texture": "#missing"},
				"up": {"uv": [1, 11, 2, 12], "rotation": 270, "texture": "#0"},
				"down": {"uv": [1, 11, 2, 12], "rotation": 90, "texture": "#0"}
			}
		},
		{
			"from": [4, 0, 6],
			"to": [5, 1, 7],
			"faces": {
				"north": {"uv": [0, 0, 1, 1], "texture": "#missing"},
				"east": {"uv": [0, 0, 1, 1], "texture": "#missing"},
				"south": {"uv": [0, 0, 1, 1], "texture": "#missing"},
				"west": {"uv": [0, 0, 1, 1], "texture": "#missing"},
				"up": {"uv": [6, 11, 7, 12], "rotation": 270, "texture": "#0"},
				"down": {"uv": [6, 11, 7, 12], "rotation": 90, "texture": "#0"}
			}
		},
		{
			"from": [4, 0, 8],
			"to": [5, 1, 9],
			"faces": {
				"north": {"uv": [0, 0, 1, 1], "texture": "#missing"},
				"east": {"uv": [0, 0, 1, 1], "texture": "#missing"},
				"south": {"uv": [8, 11, 9, 12], "texture": "#0"},
				"west": {"uv": [0, 0, 1, 1], "texture": "#missing"},
				"up": {"uv": [8, 11, 9, 12], "rotation": 270, "texture": "#0"},
				"down": {"uv": [8, 11, 9, 12], "rotation": 90, "texture": "#0"}
			}
		},
		{
			"from": [4, 0, 5],
			"to": [5, 1, 6],
			"faces": {
				"north": {"uv": [0, 0, 1, 1], "texture": "#missing"},
				"east": {"uv": [0, 0, 1, 1], "texture": "#missing"},
				"south": {"uv": [0, 0, 1, 1], "texture": "#missing"},
				"west": {"uv": [0, 0, 1, 1], "texture": "#missing"},
				"up": {"uv": [5, 11, 6, 12], "rotation": 270, "texture": "#0"},
				"down": {"uv": [5, 11, 6, 12], "rotation": 90, "texture": "#0"}
			}
		},
		{
			"from": [4, 0, 3],
			"to": [5, 1, 4],
			"faces": {
				"north": {"uv": [0, 0, 1, 1], "texture": "#missing"},
				"east": {"uv": [0, 0, 1, 1], "texture": "#missing"},
				"south": {"uv": [0, 0, 1, 1], "texture": "#missing"},
				"west": {"uv": [3, 11, 4, 12], "texture": "#0"},
				"up": {"uv": [3, 11, 4, 12], "rotation": 270, "texture": "#0"},
				"down": {"uv": [3, 11, 4, 12], "rotation": 90, "texture": "#0"}
			}
		},
		{
			"from": [4, 0, 4],
			"to": [5, 1, 5],
			"faces": {
				"north": {"uv": [0, 0, 1, 1], "texture": "#missing"},
				"east": {"uv": [0, 0, 1, 1], "texture": "#missing"},
				"south": {"uv": [0, 0, 1, 1], "texture": "#missing"},
				"west": {"uv": [0, 0, 1, 1], "texture": "#missing"},
				"up": {"uv": [4, 11, 5, 12], "rotation": 270, "texture": "#0"},
				"down": {"uv": [4, 11, 5, 12], "rotation": 90, "texture": "#0"}
			}
		},
		{
			"from": [4, 0, 7],
			"to": [5, 1, 8],
			"faces": {
				"north": {"uv": [0, 0, 1, 1], "texture": "#missing"},
				"east": {"uv": [0, 0, 1, 1], "texture": "#missing"},
				"south": {"uv": [0, 0, 1, 1], "texture": "#missing"},
				"west": {"uv": [0, 0, 1, 1], "texture": "#missing"},
				"up": {"uv": [7, 11, 8, 12], "rotation": 270, "texture": "#0"},
				"down": {"uv": [7, 11, 8, 12], "rotation": 90, "texture": "#0"}
			}
		},
		{
			"from": [4, 0, 2],
			"to": [5, 1, 3],
			"faces": {
				"north": {"uv": [0, 0, 1, 1], "texture": "#missing"},
				"east": {"uv": [0, 0, 1, 1], "texture": "#missing"},
				"south": {"uv": [0, 0, 1, 1], "texture": "#missing"},
				"west": {"uv": [2, 11, 3, 12], "texture": "#0"},
				"up": {"uv": [2, 11, 3, 12], "rotation": 270, "texture": "#0"},
				"down": {"uv": [2, 11, 3, 12], "rotation": 90, "texture": "#0"}
			}
		},
		{
			"from": [4, 0, 0],
			"to": [5, 1, 1],
			"faces": {
				"north": {"uv": [0, 11, 1, 12], "texture": "#0"},
				"east": {"uv": [0, 11, 1, 12], "texture": "#0"},
				"south": {"uv": [0, 0, 1, 1], "texture": "#missing"},
				"west": {"uv": [0, 0, 1, 1], "texture": "#missing"},
				"up": {"uv": [0, 11, 1, 12], "rotation": 270, "texture": "#0"},
				"down": {"uv": [0, 11, 1, 12], "rotation": 90, "texture": "#0"}
			}
		},
		{
			"from": [3, 0, 1],
			"to": [4, 1, 2],
			"faces": {
				"north": {"uv": [0, 0, 1, 1], "texture": "#missing"},
				"east": {"uv": [0, 0, 1, 1], "texture": "#missing"},
				"south": {"uv": [1, 12, 2, 13], "texture": "#0"},
				"west": {"uv": [0, 0, 1, 1], "texture": "#missing"},
				"up": {"uv": [1, 12, 2, 13], "rotation": 270, "texture": "#0"},
				"down": {"uv": [1, 12, 2, 13], "rotation": 90, "texture": "#0"}
			}
		},
		{
			"from": [3, 0, 6],
			"to": [4, 1, 7],
			"faces": {
				"north": {"uv": [0, 0, 1, 1], "texture": "#missing"},
				"east": {"uv": [0, 0, 1, 1], "texture": "#missing"},
				"south": {"uv": [0, 0, 1, 1], "texture": "#missing"},
				"west": {"uv": [0, 0, 1, 1], "texture": "#missing"},
				"up": {"uv": [6, 12, 7, 13], "rotation": 270, "texture": "#0"},
				"down": {"uv": [6, 12, 7, 13], "rotation": 90, "texture": "#0"}
			}
		},
		{
			"from": [3, 0, 8],
			"to": [4, 1, 9],
			"faces": {
				"north": {"uv": [0, 0, 1, 1], "texture": "#missing"},
				"east": {"uv": [0, 0, 1, 1], "texture": "#missing"},
				"south": {"uv": [8, 12, 9, 13], "texture": "#0"},
				"west": {"uv": [8, 12, 9, 13], "texture": "#0"},
				"up": {"uv": [8, 12, 9, 13], "rotation": 270, "texture": "#0"},
				"down": {"uv": [8, 12, 9, 13], "rotation": 90, "texture": "#0"}
			}
		},
		{
			"from": [3, 0, 5],
			"to": [4, 1, 6],
			"faces": {
				"north": {"uv": [0, 0, 1, 1], "texture": "#missing"},
				"east": {"uv": [0, 0, 1, 1], "texture": "#missing"},
				"south": {"uv": [0, 0, 1, 1], "texture": "#missing"},
				"west": {"uv": [0, 0, 1, 1], "texture": "#missing"},
				"up": {"uv": [5, 12, 6, 13], "rotation": 270, "texture": "#0"},
				"down": {"uv": [5, 12, 6, 13], "rotation": 90, "texture": "#0"}
			}
		},
		{
			"from": [3, 0, 4],
			"to": [4, 1, 5],
			"faces": {
				"north": {"uv": [4, 12, 5, 13], "texture": "#0"},
				"east": {"uv": [0, 0, 1, 1], "texture": "#missing"},
				"south": {"uv": [0, 0, 1, 1], "texture": "#missing"},
				"west": {"uv": [0, 0, 1, 1], "texture": "#missing"},
				"up": {"uv": [4, 12, 5, 13], "rotation": 270, "texture": "#0"},
				"down": {"uv": [3, 11, 4, 12], "rotation": 90, "texture": "#0"}
			}
		},
		{
			"from": [3, 0, 7],
			"to": [4, 1, 8],
			"faces": {
				"north": {"uv": [0, 0, 1, 1], "texture": "#missing"},
				"east": {"uv": [0, 0, 1, 1], "texture": "#missing"},
				"south": {"uv": [0, 0, 1, 1], "texture": "#missing"},
				"west": {"uv": [0, 0, 1, 1], "texture": "#missing"},
				"up": {"uv": [7, 12, 8, 13], "rotation": 270, "texture": "#0"},
				"down": {"uv": [7, 12, 8, 13], "rotation": 90, "texture": "#0"}
			}
		},
		{
			"from": [3, 0, 0],
			"to": [4, 1, 1],
			"faces": {
				"north": {"uv": [0, 12, 1, 13], "texture": "#0"},
				"east": {"uv": [0, 0, 1, 1], "texture": "#missing"},
				"south": {"uv": [0, 0, 1, 1], "texture": "#missing"},
				"west": {"uv": [0, 12, 1, 13], "texture": "#0"},
				"up": {"uv": [0, 12, 1, 13], "rotation": 270, "texture": "#0"},
				"down": {"uv": [0, 12, 1, 13], "rotation": 90, "texture": "#0"}
			}
		},
		{
			"from": [2, 0, 1],
			"to": [3, 1, 2],
			"faces": {
				"north": {"uv": [1, 13, 2, 14], "texture": "#0"},
				"east": {"uv": [0, 0, 1, 1], "texture": "#missing"},
				"south": {"uv": [0, 0, 1, 1], "texture": "#missing"},
				"west": {"uv": [0, 0, 1, 1], "texture": "#missing"},
				"up": {"uv": [1, 13, 2, 14], "rotation": 270, "texture": "#0"},
				"down": {"uv": [1, 13, 2, 14], "rotation": 90, "texture": "#0"}
			}
		},
		{
			"from": [2, 0, 6],
			"to": [3, 1, 7],
			"faces": {
				"north": {"uv": [0, 0, 1, 1], "texture": "#missing"},
				"east": {"uv": [0, 0, 1, 1], "texture": "#missing"},
				"south": {"uv": [0, 0, 1, 1], "texture": "#missing"},
				"west": {"uv": [6, 13, 7, 14], "texture": "#0"},
				"up": {"uv": [6, 13, 7, 14], "rotation": 270, "texture": "#0"},
				"down": {"uv": [6, 13, 7, 14], "rotation": 90, "texture": "#0"}
			}
		},
		{
			"from": [2, 0, 5],
			"to": [3, 1, 6],
			"faces": {
				"north": {"uv": [0, 0, 1, 1], "texture": "#missing"},
				"east": {"uv": [0, 0, 1, 1], "texture": "#missing"},
				"south": {"uv": [0, 0, 1, 1], "texture": "#missing"},
				"west": {"uv": [0, 0, 1, 1], "texture": "#missing"},
				"up": {"uv": [5, 13, 6, 14], "rotation": 270, "texture": "#0"},
				"down": {"uv": [5, 13, 6, 14], "rotation": 90, "texture": "#0"}
			}
		},
		{
			"from": [2, 0, 4],
			"to": [3, 1, 5],
			"faces": {
				"north": {"uv": [4, 13, 5, 14], "texture": "#0"},
				"east": {"uv": [0, 0, 1, 1], "texture": "#missing"},
				"south": {"uv": [0, 0, 1, 1], "texture": "#missing"},
				"west": {"uv": [0, 0, 1, 1], "texture": "#missing"},
				"up": {"uv": [4, 13, 5, 14], "rotation": 270, "texture": "#0"},
				"down": {"uv": [2, 11, 3, 12], "rotation": 90, "texture": "#0"}
			}
		},
		{
			"from": [2, 0, 7],
			"to": [3, 1, 8],
			"faces": {
				"north": {"uv": [0, 0, 1, 1], "texture": "#missing"},
				"east": {"uv": [0, 0, 1, 1], "texture": "#missing"},
				"south": {"uv": [7, 13, 8, 14], "texture": "#0"},
				"west": {"uv": [7, 13, 8, 14], "texture": "#0"},
				"up": {"uv": [7, 13, 8, 14], "rotation": 270, "texture": "#0"},
				"down": {"uv": [7, 13, 8, 14], "rotation": 90, "texture": "#0"}
			}
		},
		{
			"from": [2, 0, 2],
			"to": [3, 1, 3],
			"faces": {
				"north": {"uv": [0, 0, 1, 1], "texture": "#missing"},
				"east": {"uv": [2, 13, 3, 14], "texture": "#0"},
				"south": {"uv": [2, 13, 3, 14], "texture": "#0"},
				"west": {"uv": [0, 0, 1, 1], "texture": "#missing"},
				"up": {"uv": [2, 13, 3, 14], "rotation": 270, "texture": "#0"},
				"down": {"uv": [2, 13, 3, 14], "rotation": 90, "texture": "#0"}
			}
		},
		{
			"from": [1, 0, 1],
			"to": [2, 1, 2],
			"faces": {
				"north": {"uv": [1, 14, 2, 15], "texture": "#0"},
				"east": {"uv": [0, 0, 1, 1], "texture": "#missing"},
				"south": {"uv": [0, 0, 1, 1], "texture": "#missing"},
				"west": {"uv": [1, 14, 2, 15], "texture": "#0"},
				"up": {"uv": [1, 14, 2, 15], "rotation": 270, "texture": "#0"},
				"down": {"uv": [1, 14, 2, 15], "rotation": 90, "texture": "#0"}
			}
		},
		{
			"from": [1, 0, 5],
			"to": [2, 1, 6],
			"faces": {
				"north": {"uv": [0, 0, 1, 1], "texture": "#missing"},
				"east": {"uv": [0, 0, 1, 1], "texture": "#missing"},
				"south": {"uv": [5, 14, 6, 15], "texture": "#0"},
				"west": {"uv": [5, 14, 6, 15], "texture": "#0"},
				"up": {"uv": [5, 14, 6, 15], "rotation": 270, "texture": "#0"},
				"down": {"uv": [5, 14, 6, 15], "rotation": 90, "texture": "#0"}
			}
		},
		{
			"from": [1, 0, 3],
			"to": [2, 1, 4],
			"faces": {
				"north": {"uv": [0, 0, 1, 1], "texture": "#missing"},
				"east": {"uv": [3, 14, 4, 15], "texture": "#0"},
				"south": {"uv": [0, 0, 1, 1], "texture": "#missing"},
				"west": {"uv": [0, 0, 1, 1], "texture": "#missing"},
				"up": {"uv": [3, 14, 4, 15], "rotation": 270, "texture": "#0"},
				"down": {"uv": [3, 14, 4, 15], "rotation": 90, "texture": "#0"}
			}
		},
		{
			"from": [1, 0, 4],
			"to": [2, 1, 5],
			"faces": {
				"north": {"uv": [0, 0, 1, 1], "texture": "#missing"},
				"east": {"uv": [0, 0, 1, 1], "texture": "#missing"},
				"south": {"uv": [0, 0, 1, 1], "texture": "#missing"},
				"west": {"uv": [0, 0, 1, 1], "texture": "#missing"},
				"up": {"uv": [4, 14, 5, 15], "rotation": 270, "texture": "#0"},
				"down": {"uv": [4, 14, 5, 15], "rotation": 90, "texture": "#0"}
			}
		},
		{
			"from": [1, 0, 2],
			"to": [2, 1, 3],
			"faces": {
				"north": {"uv": [0, 0, 1, 1], "texture": "#missing"},
				"east": {"uv": [0, 0, 1, 1], "texture": "#missing"},
				"south": {"uv": [0, 0, 1, 1], "texture": "#missing"},
				"west": {"uv": [2, 14, 3, 15], "texture": "#0"},
				"up": {"uv": [2, 14, 3, 15], "rotation": 270, "texture": "#0"},
				"down": {"uv": [2, 14, 3, 15], "rotation": 90, "texture": "#0"}
			}
		},
		{
			"from": [0, 0, 3],
			"to": [1, 1, 4],
			"faces": {
				"north": {"uv": [3, 15, 4, 16], "texture": "#0"},
				"east": {"uv": [0, 0, 1, 1], "texture": "#missing"},
				"south": {"uv": [0, 0, 1, 1], "texture": "#missing"},
				"west": {"uv": [3, 15, 4, 16], "texture": "#0"},
				"up": {"uv": [3, 15, 4, 16], "rotation": 270, "texture": "#0"},
				"down": {"uv": [3, 15, 4, 16], "rotation": 90, "texture": "#0"}
			}
		},
		{
			"from": [0, 0, 4],
			"to": [1, 1, 5],
			"faces": {
				"north": {"uv": [0, 0, 1, 1], "texture": "#missing"},
				"east": {"uv": [0, 0, 1, 1], "texture": "#missing"},
				"south": {"uv": [4, 15, 5, 16], "texture": "#0"},
				"west": {"uv": [4, 15, 5, 16], "texture": "#0"},
				"up": {"uv": [4, 15, 5, 16], "rotation": 270, "texture": "#0"},
				"down": {"uv": [4, 15, 5, 16], "rotation": 90, "texture": "#0"}
			}
		}
	],
	"gui_light": "front",
	"display": {
		"thirdperson_righthand": {
			"rotation": [-120, -1, -90],
			"translation": [7.75, 3.75, 3]
		},
		"thirdperson_lefthand": {
			"rotation": [-103, 0, 90],
			"translation": [-7.75, 4.25, 4.75]
		},
		"firstperson_righthand": {
			"rotation": [-180, 0, -90],
			"translation": [13, 2, -3.25]
		},
		"firstperson_lefthand": {
			"rotation": [0, 180, -90],
			"translation": [-2, 2, -3.25]
		},
		"ground": {
			"rotation": [-90, 0, 0],
			"translation": [0, 5.5, -7.25]
		},
		"gui": {
			"rotation": [90, 180, 0],
			"translation": [0, 0.5, 0]
		},
		"head": {
			"rotation": [180, -36, 0],
			"translation": [1, -11.25, -5]
		},
		"fixed": {
			"rotation": [-90, 135, 0],
			"translation": [0, -9, -8.75],
			"scale": [1.5, 1.1, 1.5]
		}
	},
	"groups": [
		{
			"name": "кубы",
			"origin": [0, 0, 0],
			"color": 0,
			"children": [
				{
					"name": "group",
					"origin": [0, 0, 0],
					"color": 0,
					"children": [
						{
							"name": "group",
							"origin": [0, 0, 0],
							"color": 0,
							"children": [0, 1, 2]
						},
						{
							"name": "group",
							"origin": [0, 0, 0],
							"color": 0,
							"children": [3, 4, 5, 6]
						}
					]
				},
				{
					"name": "group",
					"origin": [0, 0, 0],
					"color": 0,
					"children": [7, 8, 9, 10, 11, 12, 13]
				},
				{
					"name": "group",
					"origin": [0, 0, 0],
					"color": 0,
					"children": [14, 15, 16, 17, 18, 19, 20]
				},
				{
					"name": "group",
					"origin": [0, 0, 0],
					"color": 0,
					"children": [21, 22, 23, 24, 25, 26, 27, 28, 29]
				},
				{
					"name": "group",
					"origin": [0, 0, 0],
					"color": 0,
					"children": [30, 31, 32, 33, 34, 35, 36, 37, 38]
				},
				{
					"name": "group",
					"origin": [0, 0, 0],
					"color": 0,
					"children": [39, 40, 41, 42, 43, 44, 45, 46, 47]
				},
				{
					"name": "group",
					"origin": [0, 0, 0],
					"color": 0,
					"children": [48, 49, 50, 51, 52, 53, 54, 55, 56, 57, 58, 59, 60]
				},
				{
					"name": "group",
					"origin": [0, 0, 0],
					"color": 0,
					"children": [61, 62, 63, 64, 65, 66, 67]
				},
				{
					"name": "group",
					"origin": [0, 0, 0],
					"color": 0,
					"children": [68, 69, 70, 71, 72, 73, 74, 75]
				},
				{
					"name": "group",
					"origin": [0, 0, 0],
					"color": 0,
					"children": [76, 77, 78, 79, 80, 81, 82, 83, 84]
				},
				{
					"name": "group",
					"origin": [0, 0, 0],
					"color": 0,
					"children": [85, 86, 87, 88, 89, 90, 91]
				},
				{
					"name": "group",
					"origin": [0, 0, 0],
					"color": 0,
					"children": [92, 93, 94, 95, 96, 97]
				},
				{
					"name": "group",
					"origin": [0, 0, 0],
					"color": 0,
					"children": [98, 99, 100, 101, 102]
				},
				{
					"name": "group",
					"origin": [0, 0, 0],
					"color": 0,
					"children": [103, 104]
				}
			]
		}
	]
}