{
	"credit": "Made with Blockbench",
	"parent": "item/handheld",
	"textures": {
		"layer0": "item/handheld/salmon_gun"
	},
	"display": {
		"thirdperson_righthand": {
			"rotation": [0, -90, 0],
			"translation": [0, 1.75, 2.75]
		},
		"thirdperson_lefthand": {
			"rotation": [0, 90, 0],
			"translation": [0, 1.75, 2.25]
		},
		"firstperson_righthand": {
			"rotation": [0, -90, 0],
			"translation": [0, 2.25, -0.75],
			"scale": [1.3, 1.3, 1.3]
		},
		"firstperson_lefthand": {
			"rotation": [0, 90, 0],
			"translation": [0, 2.25, -0.75],
			"scale": [1.3, 1.3, 1.3]
		},
		"gui": {
			"rotation": [0, 0, -42],
			"scale": [1.2, 1.2, 1.2]
		},
		"fixed": {
			"translation": [0, 0, -1],
			"scale": [1.5, 1.5, 1.5]
		}
	}
}