{
  "providers": [
    {
      "type": "bitmap",
      "file": "minecraft:emojis/mori/ue015_64.png",
      "ascent": 8,
      "height": 64,
      "chars": [
        "\ue015"
      ]
    },
    {
      "type": "bitmap",
      "file": "minecraft:emojis/mori/ue016_64.png",
      "ascent": 8,
      "height": 64,
      "chars": [
        "\ue016"
      ]
    },
    {
      "type": "bitmap",
      "file": "minecraft:emojis/mori/ue017_64.png",
      "ascent": 8,
      "height": 64,
      "chars": [
        "\ue017"
      ]
    },
    {
      "type": "bitmap",
      "file": "minecraft:emojis/mori/ue018_64.png",
      "ascent": 8,
      "height": 64,
      "chars": [
        "\ue018"
      ]
    },
    {
      "type": "bitmap",
      "file": "minecraft:emojis/mori/ue019_64.png",
      "ascent": 8,
      "height": 64,
      "chars": [
        "\ue019"
      ]
    },
    {
      "type": "bitmap",
      "file": "minecraft:emojis/mori/ue01a_64.png",
      "ascent": 8,
      "height": 64,
      "chars": [
        "\ue01a"
      ]
    },
    {
      "type": "bitmap",
      "file": "minecraft:emojis/mori/ue01b_64.png",
      "ascent": 8,
      "height": 64,
      "chars": [
        "\ue01b"
      ]
    },
    {
      "type": "bitmap",
      "file": "minecraft:emojis/mori/ue01c_64.png",
      "ascent": 8,
      "height": 64,
      "chars": [
        "\ue01c"
      ]
    },
    {
      "type": "bitmap",
      "file": "minecraft:emojis/ue000.png",
      "ascent": 8,
      "height": 8,
      "chars": [
        "\ue000"
      ]
    },
    {
      "type": "bitmap",
      "file": "minecraft:emojis/ue001.png",
      "ascent": 8,
      "height": 8,
      "chars": [
        "\ue001"
      ]
    },
    {
      "type": "bitmap",
      "file": "minecraft:emojis/ue002.png",
      "ascent": 8,
      "height": 8,
      "chars": [
        "\ue002"
      ]
    },
    {
      "type": "bitmap",
      "file": "minecraft:emojis/ue003.png",
      "ascent": 8,
      "height": 8,
      "chars": [
        "\ue003"
      ]
    },
    {
      "type": "bitmap",
      "file": "minecraft:emojis/ue004.png",
      "ascent": 8,
      "height": 8,
      "chars": [
        "\ue004"
      ]
    },
    {
      "type": "bitmap",
      "file": "minecraft:emojis/ue005.png",
      "ascent": 8,
      "height": 8,
      "chars": [
        "\ue005"
      ]
    },
    {
      "type": "bitmap",
      "file": "minecraft:emojis/ue006.png",
      "ascent": 8,
      "height": 8,
      "chars": [
        "\ue006"
      ]
    },
    {
      "type": "bitmap",
      "file": "minecraft:emojis/ue010_64_30.png",
      "ascent": 30,
      "height": 64,
      "chars": [
        "\ue010"
      ]
    },
    {
      "type": "bitmap",
      "file": "minecraft:emojis/ue011.png",
      "ascent": 8,
      "height": 8,
      "chars": [
        "\ue011"
      ]
    },
    {
      "type": "bitmap",
      "file": "minecraft:emojis/ue012.png",
      "ascent": 8,
      "height": 8,
      "chars": [
        "\ue012"
      ]
    },
    {
      "type": "bitmap",
      "file": "minecraft:emojis/ue013.png",
      "ascent": 8,
      "height": 8,
      "chars": [
        "\ue013"
      ]
    },
    {
      "type": "bitmap",
      "file": "minecraft:emojis/ue014.png",
      "ascent": 8,
      "height": 8,
      "chars": [
        "\ue014"
      ]
    }
  ]
}