{
	"textures": {
		"6": "item/music_disc_11"
	},
	"elements": [
		{
			"from": [5.125, 2.5, 2.875],
			"to": [15.125, 2.625, 12.875],
			"rotation": {"angle": 0, "axis": "y", "origin": [10.125, 2.5625, 7.875]},
			"faces": {
				"north": {"uv": [0, 0, 10, 0.125], "texture": "#6"},
				"east": {"uv": [0, 0, 10, 0.125], "texture": "#6"},
				"south": {"uv": [0, 0, 10, 0.125], "texture": "#6"},
				"west": {"uv": [0, 0, 10, 0.125], "texture": "#6"},
				"up": {"uv": [0, 0, 16, 16], "rotation": 180, "texture": "#6"},
				"down": {"uv": [0, 0, 16, 16], "rotation": 180, "texture": "#6"}
			}
		}
	],
	"display": {
		"thirdperson_righthand": {
			"rotation": [-105, 0, -180],
			"translation": [0, 3.5, 2.25],
			"scale": [0.4, 0.4, 0.4]
		},
		"thirdperson_lefthand": {
			"rotation": [-105, 0, -180],
			"translation": [0, 3.5, 2.25],
			"scale": [0.4, 0.4, 0.4]
		},
		"firstperson_righthand": {
			"rotation": [-153, 0, -180],
			"translation": [0, 5, 0.5],
			"scale": [0.4, 0.4, 0.4]
		},
		"firstperson_lefthand": {
			"rotation": [-153, 0, -180],
			"translation": [0, 5, 0.5],
			"scale": [0.4, 0.4, 0.4]
		},
		"ground": {
			"scale": [0.6, 0.6, 0.6]
		},
		"gui": {
			"rotation": [22, 148, 0],
			"translation": [-1, 0, 0],
			"scale": [0.6, 0.6, 0.6]
		},
		"head": {
			"translation": [0, -35, 0],
			"scale": [2, 2, 2]
		},
		"fixed": {
			"rotation": [-90, 0, 0],
			"translation": [0, 1, -8.5]
		}
	}
}
