{
	"credit": "Made with Blockbench",
	"textures": {
		"0": "item/custom/air_baloon/rope",
		"1": "item/custom/air_baloon/basket_side",
		"2": "item/custom/air_baloon/holding_rope",
		"3": "item/custom/air_baloon/curtain",
		"4": "item/custom/air_baloon/basket_bottom",
		"5": "item/custom/air_baloon/firepalm_bottom",
		"6": "item/custom/air_baloon/firepalm_side"
	},
	"elements": [
		{
			"from": [17.99161, 8.80295, -1.9547],
			"to": [18.99161, 16.80295, 18.0453],
			"rotation": {"angle": 0, "axis": "y", "origin": [8.00421, 24.38127, 7.99809]},
			"faces": {
				"north": {"uv": [0.751, 10.063, 15.437, 16], "texture": "#1"},
				"east": {"uv": [0.751, 10.063, 15.437, 16], "texture": "#1"},
				"south": {"uv": [0.751, 10.063, 15.437, 16], "texture": "#1"},
				"west": {"uv": [0.001, 10.001, 16, 16], "texture": "#1"},
				"up": {"uv": [0, 10, 15.936, 10.187], "texture": "#1"},
				"down": {"uv": [0.751, 15.751, 15.437, 16], "texture": "#1"}
			}
		},
		{
			"from": [17.99161, 24.80295, -1.9547],
			"to": [18.99161, 30.80295, 18.0453],
			"rotation": {"angle": 0, "axis": "y", "origin": [8.00421, 24.38127, 7.99809]},
			"faces": {
				"north": {"uv": [1.125, 11.5, 15.125, 16], "texture": "#3"},
				"east": {"uv": [1.125, 11.5, 15.125, 16], "texture": "#3"},
				"south": {"uv": [1.125, 11.5, 15.125, 16], "texture": "#3"},
				"west": {"uv": [1.125, 11.5, 15.125, 16], "texture": "#3"},
				"up": {"uv": [0, 11.938, 0.125, 12.063], "texture": "#3"},
				"down": {"uv": [15.75, 15.813, 16, 16], "texture": "#3"}
			}
		},
		{
			"from": [-3.00839, 8.80295, -1.9547],
			"to": [-2.00839, 16.80295, 18.0453],
			"rotation": {"angle": 0, "axis": "y", "origin": [8.00421, 24.38127, 7.99809]},
			"faces": {
				"north": {"uv": [0.75, 10, 15.25, 16], "texture": "#1"},
				"east": {"uv": [0.75, 10, 15.25, 16], "texture": "#1"},
				"south": {"uv": [0.75, 10, 15.25, 16], "texture": "#1"},
				"west": {"uv": [0.75, 10, 15.25, 16], "texture": "#1"},
				"up": {"uv": [0.75, 10, 15.25, 10.25], "texture": "#1"},
				"down": {"uv": [0.75, 10, 15.25, 10.25], "texture": "#1"}
			}
		},
		{
			"from": [-3.00839, 24.80295, -1.9547],
			"to": [-2.00839, 30.80295, 18.0453],
			"rotation": {"angle": 0, "axis": "y", "origin": [8.00421, 24.38127, 7.99809]},
			"faces": {
				"north": {"uv": [1.188, 11.5, 15.125, 16], "texture": "#3"},
				"east": {"uv": [1.188, 11.5, 15.125, 16], "texture": "#3"},
				"south": {"uv": [1.188, 11.5, 15.125, 16], "texture": "#3"},
				"west": {"uv": [1.188, 11.5, 15.125, 16], "texture": "#3"},
				"up": {"uv": [0, 12, 0.187, 12.25], "texture": "#3"},
				"down": {"uv": [15.625, 15.875, 16, 16], "texture": "#3"}
			}
		},
		{
			"from": [-3.00839, 8.80295, 18.0453],
			"to": [18.99161, 16.80295, 19.0453],
			"rotation": {"angle": 0, "axis": "y", "origin": [8.00421, 24.38127, 7.99809]},
			"faces": {
				"north": {"uv": [0, 10, 16, 16], "texture": "#1"},
				"east": {"uv": [0, 10, 0.625, 16], "texture": "#1"},
				"south": {"uv": [0, 10, 16, 16], "texture": "#1"},
				"west": {"uv": [15.313, 10, 16, 16], "texture": "#1"},
				"up": {"uv": [0, 10, 16, 10.125], "texture": "#1"},
				"down": {"uv": [0, 15.751, 16, 16], "texture": "#1"}
			}
		},
		{
			"from": [-3.00839, 24.80295, 18.0453],
			"to": [18.99161, 30.80295, 19.0453],
			"rotation": {"angle": 0, "axis": "y", "origin": [8.00421, 24.38127, 7.99809]},
			"faces": {
				"north": {"uv": [0, 11.5, 16, 16], "texture": "#3"},
				"east": {"uv": [0, 11.5, 1.125, 16], "texture": "#3"},
				"south": {"uv": [0, 11.5, 16, 16], "texture": "#3"},
				"west": {"uv": [15.188, 11.5, 16, 16], "texture": "#3"},
				"up": {"uv": [0, 11.875, 0.188, 12], "texture": "#3"},
				"down": {"uv": [15.75, 15.813, 16, 16], "texture": "#3"}
			}
		},
		{
			"from": [-3.00839, 8.80295, -2.9547],
			"to": [18.99161, 16.80295, -1.9547],
			"rotation": {"angle": 0, "axis": "y", "origin": [8.00421, 24.38127, 7.99809]},
			"faces": {
				"north": {"uv": [0, 10, 16, 15.938], "texture": "#1"},
				"east": {"uv": [15.25, 10, 16, 16], "texture": "#1"},
				"south": {"uv": [0, 10, 16, 15.938], "texture": "#1"},
				"west": {"uv": [0, 10, 0.75, 15.938], "texture": "#1"},
				"up": {"uv": [0, 10, 16, 10.251], "texture": "#1"},
				"down": {"uv": [0, 15.75, 16, 15.938], "texture": "#1"}
			}
		},
		{
			"from": [-3.00839, 24.80295, -2.9547],
			"to": [18.99161, 30.80295, -1.9547],
			"rotation": {"angle": 0, "axis": "y", "origin": [8.00421, 24.38127, 7.99809]},
			"faces": {
				"north": {"uv": [0, 11.5, 16, 16], "texture": "#3"},
				"east": {"uv": [15.188, 11.5, 16, 16], "texture": "#3"},
				"south": {"uv": [0, 11.5, 16, 16], "texture": "#3"},
				"west": {"uv": [0, 11.5, 1.125, 16], "texture": "#3"},
				"up": {"uv": [0, 11.938, 0.188, 12.313], "texture": "#3"},
				"down": {"uv": [15.75, 15.875, 16, 16], "texture": "#3"}
			}
		},
		{
			"from": [6.02265, 24.05295, 6.04703],
			"to": [10.02265, 30.05295, 10.04703],
			"rotation": {"angle": 0, "axis": "y", "origin": [8.00421, 24.38127, 7.99809]},
			"faces": {
				"north": {"uv": [1.625, 0, 14.375, 15.938], "texture": "#6"},
				"east": {"uv": [1.625, 0, 14.375, 15.938], "texture": "#6"},
				"south": {"uv": [1.625, 0, 14.375, 15.938], "texture": "#6"},
				"west": {"uv": [1.625, 0, 14.375, 15.938], "texture": "#6"},
				"up": {"uv": [0, 0.063, 16, 16], "texture": "#5"},
				"down": {"uv": [0, 0, 15.938, 15.938], "texture": "#5"}
			}
		},
		{
			"from": [-1.97735, 9.17795, -1.95297],
			"to": [18.02265, 9.67795, 18.04703],
			"rotation": {"angle": 0, "axis": "y", "origin": [8.00421, 24.38127, 7.99809]},
			"faces": {
				"north": {"uv": [0, 0.25, 16, 16], "texture": "#4"},
				"east": {"uv": [0, 0.25, 16, 16], "texture": "#4"},
				"south": {"uv": [0, 0.25, 16, 16], "texture": "#4"},
				"west": {"uv": [0, 0.25, 16, 16], "texture": "#4"},
				"up": {"uv": [0, 0.25, 16, 16], "texture": "#4"},
				"down": {"uv": [0, 0.25, 16, 16], "texture": "#4"}
			}
		},
		{
			"from": [-2.00839, 3.86545, -2.0172],
			"to": [-1.00839, 8.86545, -1.0172],
			"rotation": {"angle": 0, "axis": "y", "origin": [8.00421, 24.38127, 7.99809]},
			"faces": {
				"north": {"uv": [6.5, 0, 7.938, 16], "texture": "#2"},
				"east": {"uv": [6.5, 0, 7.938, 16], "texture": "#2"},
				"south": {"uv": [6.5, 0, 7.938, 16], "texture": "#2"},
				"west": {"uv": [6.5, 0, 7.938, 16], "texture": "#2"},
				"up": {"uv": [6.5, 0, 7.938, 16], "texture": "#2"},
				"down": {"uv": [7.375, 0, 7.438, 0.126], "texture": "#2"}
			}
		},
		{
			"from": [-2.00839, 3.80295, 16.9828],
			"to": [-1.00839, 8.80295, 17.9828],
			"rotation": {"angle": 0, "axis": "y", "origin": [8.00421, 24.38127, 7.99809]},
			"faces": {
				"north": {"uv": [6.5, 0, 8, 8.875], "texture": "#2"},
				"east": {"uv": [6.5, 0, 8, 8.875], "texture": "#2"},
				"south": {"uv": [6.5, 0, 8, 8.875], "texture": "#2"},
				"west": {"uv": [6.5, 0, 8, 16], "texture": "#2"},
				"up": {"uv": [6.5, 0, 8, 8.875], "texture": "#2"},
				"down": {"uv": [7.313, 0, 7.438, 0.25], "texture": "#2"}
			}
		},
		{
			"from": [16.99161, 3.92795, 16.9828],
			"to": [17.99161, 8.92795, 17.9828],
			"rotation": {"angle": 0, "axis": "y", "origin": [8.00421, 24.38127, 7.99809]},
			"faces": {
				"north": {"uv": [6.5, 0, 7.938, 16], "texture": "#2"},
				"east": {"uv": [6.5, 0, 7.938, 16], "texture": "#2"},
				"south": {"uv": [6.5, 0, 7.938, 16], "texture": "#2"},
				"west": {"uv": [6.5, 0, 7.938, 16], "texture": "#2"},
				"up": {"uv": [6.5, 0, 7.938, 16], "texture": "#2"},
				"down": {"uv": [7.313, 0, 7.5, 0.188], "texture": "#2"}
			}
		},
		{
			"from": [16.99161, 3.99045, -2.0172],
			"to": [17.99161, 8.99045, -1.0172],
			"rotation": {"angle": 0, "axis": "y", "origin": [8.00421, 24.38127, 7.99809]},
			"faces": {
				"north": {"uv": [6.5, 0, 8, 16], "texture": "#2"},
				"east": {"uv": [6.5, 0, 8, 16], "texture": "#2"},
				"south": {"uv": [6.5, 0, 8, 16], "texture": "#2"},
				"west": {"uv": [6.5, 0, 8, 16], "texture": "#2"},
				"up": {"uv": [6.5, 0, 8, 16], "texture": "#2"},
				"down": {"uv": [7.313, 0, 7.5, 0.125], "texture": "#2"}
			}
		},
		{
			"from": [17.99161, 16.8125, 18.0453],
			"to": [18.99161, 24.8125, 19.0453],
			"rotation": {"angle": 0, "axis": "y", "origin": [8.00421, 24.38127, 7.99809]},
			"faces": {
				"north": {"uv": [6.5, 0, 7.938, 16], "texture": "#2"},
				"east": {"uv": [6.5, 0, 7.938, 16], "texture": "#2"},
				"south": {"uv": [6.5, 0, 7.938, 16], "texture": "#2"},
				"west": {"uv": [6.5, 0, 7.938, 16], "texture": "#2"},
				"up": {"uv": [6.5, 0, 7.938, 16], "texture": "#2"},
				"down": {"uv": [6.5, 0, 7.938, 16], "texture": "#2"}
			}
		},
		{
			"from": [-3.00839, 16.8125, 18.0453],
			"to": [-2.00839, 24.8125, 19.0453],
			"rotation": {"angle": 0, "axis": "y", "origin": [8.00421, 24.38127, 7.99809]},
			"faces": {
				"north": {"uv": [6.5, 0, 8, 15.938], "texture": "#2"},
				"east": {"uv": [6.5, 0, 8, 15.938], "texture": "#2"},
				"south": {"uv": [6.5, 0, 8, 15.938], "texture": "#2"},
				"west": {"uv": [6.5, 0, 8, 15.938], "texture": "#2"},
				"up": {"uv": [6.5, 0, 8, 15.938], "texture": "#2"},
				"down": {"uv": [6.5, 0, 8, 15.938], "texture": "#2"}
			}
		},
		{
			"from": [-3.00839, 16.8125, -2.9547],
			"to": [-2.00839, 24.8125, -1.9547],
			"rotation": {"angle": 0, "axis": "y", "origin": [8.00421, 24.38127, 7.99809]},
			"faces": {
				"north": {"uv": [6.5, 0, 7.938, 15.938], "texture": "#2"},
				"east": {"uv": [6.5, 0, 7.938, 15.938], "texture": "#2"},
				"south": {"uv": [6.5, 0, 7.938, 15.938], "texture": "#2"},
				"west": {"uv": [6.5, 0, 7.938, 15.938], "texture": "#2"},
				"up": {"uv": [6.5, 0, 7.938, 15.938], "texture": "#2"},
				"down": {"uv": [6.5, 0, 7.938, 15.938], "texture": "#2"}
			}
		},
		{
			"from": [17.99161, 16.8125, -2.9547],
			"to": [18.99161, 24.8125, -1.9547],
			"rotation": {"angle": 0, "axis": "y", "origin": [8.00421, 24.38127, 7.99809]},
			"faces": {
				"north": {"uv": [6.5, 0, 8, 16], "texture": "#2"},
				"east": {"uv": [6.5, 0, 8, 16], "texture": "#2"},
				"south": {"uv": [6.5, 0, 8, 16], "texture": "#2"},
				"west": {"uv": [6.5, 0, 8, 16], "texture": "#2"},
				"up": {"uv": [6.5, 0, 8, 16], "texture": "#2"},
				"down": {"uv": [6.5, 0, 8, 16], "texture": "#2"}
			}
		},
		{
			"from": [-1.53964, 4.36545, -1.48595],
			"to": [-1.50964, 9.36545, 17.07655],
			"rotation": {"angle": 0, "axis": "y", "origin": [8.00421, 24.38127, 7.99809]},
			"faces": {
				"north": {"uv": [0, 9, 16, 14], "texture": "#0"},
				"east": {"uv": [0, 9, 16, 14], "texture": "#0"},
				"south": {"uv": [0, 9, 16, 14], "texture": "#0"},
				"west": {"uv": [0, 9, 16, 14], "texture": "#0"},
				"up": {"uv": [0, 9, 16, 14], "texture": "#0"},
				"down": {"uv": [0, 2.813, 16, 7.813], "texture": "#0"}
			}
		},
		{
			"from": [17.52286, 4.36545, -1.48595],
			"to": [17.55286, 9.36545, 17.07655],
			"rotation": {"angle": 0, "axis": "y", "origin": [8.00421, 24.38127, 7.99809]},
			"faces": {
				"north": {"uv": [0, 9, 16, 14], "texture": "#0"},
				"east": {"uv": [0, 9, 16, 14], "texture": "#0"},
				"south": {"uv": [0, 9, 16, 14], "texture": "#0"},
				"west": {"uv": [0, 9, 16, 14], "texture": "#0"},
				"up": {"uv": [0, 9, 16, 14], "texture": "#0"},
				"down": {"uv": [0, 1.125, 16, 6.125], "texture": "#0"}
			}
		},
		{
			"from": [-1.24339, 4.36545, 17.4053],
			"to": [17.31911, 9.36545, 17.4353],
			"rotation": {"angle": 0, "axis": "y", "origin": [8.00421, 24.38127, 7.99809]},
			"faces": {
				"north": {"uv": [0, 9, 16, 14], "texture": "#0"},
				"east": {"uv": [0, 9, 16, 14], "texture": "#0"},
				"south": {"uv": [0, 9, 16, 14], "texture": "#0"},
				"west": {"uv": [0, 9, 16, 14], "texture": "#0"},
				"up": {"uv": [0, 9, 16, 14], "texture": "#0"},
				"down": {"uv": [0, 2.813, 16, 7.813], "texture": "#0"}
			}
		},
		{
			"from": [-2.24339, 20.36545, 18.4678],
			"to": [18.31911, 25.36545, 18.4978],
			"rotation": {"angle": 0, "axis": "y", "origin": [8.00421, 24.38127, 7.99809]},
			"faces": {
				"north": {"uv": [0, 9, 16, 14], "texture": "#0"},
				"east": {"uv": [0, 9, 16, 14], "texture": "#0"},
				"south": {"uv": [0, 9, 16, 14], "texture": "#0"},
				"west": {"uv": [0, 9, 16, 14], "texture": "#0"},
				"up": {"uv": [0, 9, 16, 14], "texture": "#0"},
				"down": {"uv": [0, 2.75, 16, 7.75], "texture": "#0"}
			}
		},
		{
			"from": [-2.47714, 20.36545, -2.29845],
			"to": [-2.44714, 25.36545, 18.26405],
			"rotation": {"angle": 0, "axis": "y", "origin": [8.00421, 24.38127, 7.99809]},
			"faces": {
				"north": {"uv": [0, 9, 16, 14], "texture": "#0"},
				"east": {"uv": [0, 9, 16, 14], "texture": "#0"},
				"south": {"uv": [0, 9, 16, 14], "texture": "#0"},
				"west": {"uv": [0, 9, 16, 14], "texture": "#0"},
				"up": {"uv": [0, 9, 16, 14], "texture": "#0"},
				"down": {"uv": [0, 2.75, 16, 7.75], "texture": "#0"}
			}
		},
		{
			"from": [18.52286, 20.36545, -2.29845],
			"to": [18.55286, 25.36545, 18.26405],
			"rotation": {"angle": 0, "axis": "y", "origin": [8.00421, 24.38127, 7.99809]},
			"faces": {
				"north": {"uv": [0, 8.938, 16, 13.938], "texture": "#0"},
				"east": {"uv": [0, 8.938, 16, 13.938], "texture": "#0"},
				"south": {"uv": [0, 8.938, 16, 13.938], "texture": "#0"},
				"west": {"uv": [0, 8.938, 16, 13.938], "texture": "#0"},
				"up": {"uv": [0, 8.938, 16, 13.938], "texture": "#0"},
				"down": {"uv": [0, 2.625, 16, 7.625], "texture": "#0"}
			}
		},
		{
			"from": [-2.24339, 20.36545, -2.5322],
			"to": [18.31911, 25.36545, -2.5022],
			"rotation": {"angle": 0, "axis": "y", "origin": [8.00421, 24.38127, 7.99809]},
			"faces": {
				"north": {"uv": [0, 9, 16, 14], "texture": "#0"},
				"east": {"uv": [0, 9, 16, 14], "texture": "#0"},
				"south": {"uv": [0, 9, 16, 14], "texture": "#0"},
				"west": {"uv": [0, 9, 16, 14], "texture": "#0"},
				"up": {"uv": [0, 9, 16, 14], "texture": "#0"},
				"down": {"uv": [0, 3, 16, 8], "texture": "#0"}
			}
		},
		{
			"from": [-1.24339, 4.36545, -1.5947],
			"to": [17.31911, 9.36545, -1.5647],
			"rotation": {"angle": 0, "axis": "y", "origin": [8.00421, 24.38127, 7.99809]},
			"faces": {
				"north": {"uv": [0, 9, 16, 14], "texture": "#0"},
				"east": {"uv": [0, 9, 16, 14], "texture": "#0"},
				"south": {"uv": [0, 9, 16, 14], "texture": "#0"},
				"west": {"uv": [0, 9, 16, 14], "texture": "#0"},
				"up": {"uv": [0, 9, 16, 14], "texture": "#0"},
				"down": {"uv": [0, 2.75, 16, 7.75], "texture": "#0"}
			}
		}
	],
	"display": {
		"thirdperson_righthand": {
			"scale": [0.4, 0.4, 0.4]
		},
		"thirdperson_lefthand": {
			"scale": [0.4, 0.4, 0.4]
		},
		"firstperson_righthand": {
			"scale": [0.25, 0.25, 0.25]
		},
		"firstperson_lefthand": {
			"scale": [0.25, 0.25, 0.25]
		},
		"ground": {
			"scale": [0.5, 0.5, 0.5]
		},
		"gui": {
			"rotation": [0, 65, 0],
			"translation": [0, -5.25, 0],
			"scale": [0.4, 0.4, 0.4]
		},
		"head": {
			"translation": [0, -56.25, 0],
			"scale": [4, 4, 4]
		},
		"fixed": {
			"translation": [0, -4.25, 0],
			"scale": [0.5, 0.5, 0.5]
		}
	},
	"groups": [
		{
			"name": "basket",
			"origin": [8.375, 4.35, 9],
			"children": [0, 1, 2, 3, 4, 5, 6, 7, 8, 9, 10, 11, 12, 13, 14, 15, 16, 17, 18, 19, 20, 21, 22, 23, 24, 25]
		}
	]
}