{
	"credit": "Made with Blockbench",
	"textures": {
		"0": "item/custom/air_baloon/main",
		"1": "item/custom/air_baloon/rope",
		"2": "item/custom/air_baloon/gold_coim",
		"particle": "item/custom/air_baloon/main"
	},
	"elements": [
		{
			"from": [-7.59831, 0, -7.05469],
			"to": [22.40169, 30, 22.94531],
			"rotation": {"angle": 0, "axis": "y", "origin": [-0.09831, 16.86545, 0.44531]},
			"faces": {
				"north": {"uv": [0, 0, 16, 16], "texture": "#0"},
				"east": {"uv": [0, 0, 16, 16], "texture": "#0"},
				"south": {"uv": [0, 0, 16, 16], "texture": "#0"},
				"west": {"uv": [0, 0, 16, 16], "texture": "#0"},
				"up": {"uv": [0, 0, 16, 16], "texture": "#0"},
				"down": {"uv": [0, 0, 16, 16], "texture": "#0"}
			}
		},
		{
			"from": [20, 18.25, -7.75],
			"to": [23, 21.25, -4.75],
			"rotation": {"angle": 0, "axis": "y", "origin": [30, 27.25, 0.25]},
			"faces": {
				"north": {"uv": [0, 0, 16, 15.375], "texture": "#2"},
				"east": {"uv": [0, 0, 16, 15.375], "texture": "#2"},
				"south": {"uv": [0, 0, 16, 15.375], "texture": "#2"},
				"west": {"uv": [0, 0, 16, 15.375], "texture": "#2"},
				"up": {"uv": [0, 0, 16, 15.375], "texture": "#2"},
				"down": {"uv": [0, 0, 16, 15.375], "texture": "#2"}
			}
		},
		{
			"from": [-8.25, 18.25, -7.75],
			"to": [-5.25, 21.25, -4.75],
			"rotation": {"angle": 0, "axis": "y", "origin": [1.75, 27.25, 0.25]},
			"faces": {
				"north": {"uv": [0, 0, 16, 15.375], "texture": "#2"},
				"east": {"uv": [0, 0, 16, 15.375], "texture": "#2"},
				"south": {"uv": [0, 0, 16, 15.375], "texture": "#2"},
				"west": {"uv": [0, 0, 16, 15.375], "texture": "#2"},
				"up": {"uv": [0, 0, 16, 15.375], "texture": "#2"},
				"down": {"uv": [0, 0, 16, 15.375], "texture": "#2"}
			}
		},
		{
			"from": [-8.25, 18.25, 20.5],
			"to": [-5.25, 21.25, 23.5],
			"rotation": {"angle": 0, "axis": "y", "origin": [1.75, 27.25, 28.5]},
			"faces": {
				"north": {"uv": [0, 0, 16, 15.375], "texture": "#2"},
				"east": {"uv": [0, 0, 16, 15.375], "texture": "#2"},
				"south": {"uv": [0, 0, 16, 15.375], "texture": "#2"},
				"west": {"uv": [0, 0, 16, 15.375], "texture": "#2"},
				"up": {"uv": [0, 0, 16, 15.375], "texture": "#2"},
				"down": {"uv": [0, 0, 16, 15.375], "texture": "#2"}
			}
		},
		{
			"from": [20, 18.25, 20.5],
			"to": [23, 21.25, 23.5],
			"rotation": {"angle": 0, "axis": "y", "origin": [30, 27.25, 28.5]},
			"faces": {
				"north": {"uv": [0, 0, 16, 15.375], "texture": "#2"},
				"east": {"uv": [0, 0, 16, 15.375], "texture": "#2"},
				"south": {"uv": [0, 0, 16, 15.375], "texture": "#2"},
				"west": {"uv": [0, 0, 16, 15.375], "texture": "#2"},
				"up": {"uv": [0, 0, 16, 15.375], "texture": "#2"},
				"down": {"uv": [0, 0, 16, 15.375], "texture": "#2"}
			}
		},
		{
			"from": [22.45, 16, -4.75],
			"to": [22.45, 21, 20.5],
			"rotation": {"angle": 0, "axis": "y", "origin": [32.45, 27, 28.5]},
			"faces": {
				"north": {"uv": [0, 3.188, 16, 8.999], "texture": "#1"},
				"east": {"uv": [0, 8.313, 16, 14.125], "texture": "#1"},
				"south": {"uv": [0, 0.125, 16, 5.937], "texture": "#1"},
				"west": {"uv": [0, 0, 16, 5.812], "texture": "#1"},
				"up": {"uv": [0, 0, 16, 5.812], "texture": "#1"},
				"down": {"uv": [0, 0, 16, 5.812], "texture": "#1"}
			}
		},
		{
			"from": [-5.25, 16, -7.275],
			"to": [20, 21, -7.275],
			"rotation": {"angle": 0, "axis": "y", "origin": [27.75, 43.5, 21.225]},
			"faces": {
				"north": {"uv": [0, 8.313, 16, 14.125], "texture": "#1"},
				"east": {"uv": [0, 0.125, 16, 5.937], "texture": "#1"},
				"south": {"uv": [0, 0, 16, 5.812], "texture": "#1"},
				"west": {"uv": [0, 3.188, 16, 8.999], "texture": "#1"},
				"up": {"uv": [0, 0, 16, 5.812], "rotation": 270, "texture": "#1"},
				"down": {"uv": [0, 0, 16, 5.812], "rotation": 90, "texture": "#1"}
			}
		},
		{
			"from": [-7.75, 16, -4.75],
			"to": [-7.75, 21, 20.5],
			"rotation": {"angle": 0, "axis": "y", "origin": [20.75, 43.5, 16.25]},
			"faces": {
				"north": {"uv": [0, 0.125, 16, 5.937], "texture": "#1"},
				"east": {"uv": [0, 0, 16, 5.812], "texture": "#1"},
				"south": {"uv": [0, 3.188, 16, 8.999], "texture": "#1"},
				"west": {"uv": [0, 8.313, 16, 14.125], "texture": "#1"},
				"up": {"uv": [0, 0, 16, 5.812], "rotation": 180, "texture": "#1"},
				"down": {"uv": [0, 0, 16, 5.812], "rotation": 180, "texture": "#1"}
			}
		},
		{
			"from": [-5.25, 16, 23],
			"to": [20, 21, 23],
			"rotation": {"angle": 0, "axis": "y", "origin": [15.75, 43.5, 39.25]},
			"faces": {
				"north": {"uv": [0, 0, 16, 5.812], "texture": "#1"},
				"east": {"uv": [0, 3.188, 16, 8.999], "texture": "#1"},
				"south": {"uv": [0, 8.313, 16, 14.125], "texture": "#1"},
				"west": {"uv": [0, 0.125, 16, 5.937], "texture": "#1"},
				"up": {"uv": [0, 0, 16, 5.812], "rotation": 90, "texture": "#1"},
				"down": {"uv": [0, 0, 16, 5.812], "rotation": 270, "texture": "#1"}
			}
		}
	],
	"display": {
		"thirdperson_righthand": {
			"scale": [0.4, 0.4, 0.4]
		},
		"thirdperson_lefthand": {
			"scale": [0.4, 0.4, 0.4]
		},
		"firstperson_righthand": {
			"scale": [0.25, 0.25, 0.25]
		},
		"firstperson_lefthand": {
			"scale": [0.25, 0.25, 0.25]
		},
		"ground": {
			"scale": [0.5, 0.5, 0.5]
		},
		"gui": {
			"rotation": [0, 65, 0],
			"translation": [0, -5.25, 0],
			"scale": [0.4, 0.4, 0.4]
		},
		"head": {
			"translation": [0, 26.75, 0],
			"scale": [4, 4, 4]
		},
		"fixed": {
			"translation": [0, -4.25, 0],
			"scale": [0.5, 0.5, 0.5]
		}
	},
	"groups": [
		{
			"name": "main",
			"origin": [0.6875, 23, 8.3125],
			"children": [0]
		}, 1, 2, 3, 4, 5, 6, 7, 8]
}