{
	"credit": "Made with Blockbench",
	"elements": [
		{
			"from": [3, 0, 8],
			"to": [13, 12, 15],
			"rotation": {"angle": 0, "axis": "y", "origin": [11, 8, 22]},
			"color": 7,
			"faces": {
				"north": {"uv": [0, 0, 10, 12], "texture": "#missing"},
				"east": {"uv": [0, 0, 7, 12], "texture": "#missing"},
				"south": {"uv": [0, 0, 10, 12], "texture": "#missing"},
				"west": {"uv": [0, 0, 7, 12], "texture": "#missing"},
				"up": {"uv": [0, 0, 10, 7], "texture": "#missing"},
				"down": {"uv": [0, 0, 10, 7], "texture": "#missing"}
			}
		},
		{
			"from": [5.25, 0, 15],
			"to": [10.5, 2.75, 15.5],
			"rotation": {"angle": 0, "axis": "y", "origin": [11, 8, 29]},
			"color": 7,
			"faces": {
				"north": {"uv": [0, 0, 5.25, 2.75], "texture": "#missing"},
				"east": {"uv": [0, 0, 0.5, 2.75], "texture": "#missing"},
				"south": {"uv": [0, 0, 5.25, 2.75], "texture": "#missing"},
				"west": {"uv": [0, 0, 0.5, 2.75], "texture": "#missing"},
				"up": {"uv": [0, 0, 5.25, 0.5], "texture": "#missing"},
				"down": {"uv": [0, 0, 5.25, 0.5], "texture": "#missing"}
			}
		},
		{
			"from": [13, 0, 9.75],
			"to": [15.25, 5.5, 13.25],
			"rotation": {"angle": 0, "axis": "y", "origin": [20.75, 8, 22]},
			"color": 0,
			"faces": {
				"north": {"uv": [0, 0, 2.25, 5.5], "texture": "#missing"},
				"east": {"uv": [0, 0, 3.5, 5.5], "texture": "#missing"},
				"south": {"uv": [0, 0, 2.25, 5.5], "texture": "#missing"},
				"west": {"uv": [0, 0, 3.5, 5.5], "texture": "#missing"},
				"up": {"uv": [0, 0, 2.25, 3.5], "texture": "#missing"},
				"down": {"uv": [0, 0, 2.25, 3.5], "texture": "#missing"}
			}
		},
		{
			"from": [0.75, 0, 9.75],
			"to": [3, 5.5, 13.25],
			"rotation": {"angle": 0, "axis": "y", "origin": [8.5, 8, 22]},
			"color": 0,
			"faces": {
				"north": {"uv": [0, 0, 2.25, 5.5], "texture": "#missing"},
				"east": {"uv": [0, 0, 3.5, 5.5], "texture": "#missing"},
				"south": {"uv": [0, 0, 2.25, 5.5], "texture": "#missing"},
				"west": {"uv": [0, 0, 3.5, 5.5], "texture": "#missing"},
				"up": {"uv": [0, 0, 2.25, 3.5], "texture": "#missing"},
				"down": {"uv": [0, 0, 2.25, 3.5], "texture": "#missing"}
			}
		},
		{
			"from": [13.5, 3.75, 13.25],
			"to": [15.25, 5.5, 13.425],
			"rotation": {"angle": 0, "axis": "y", "origin": [20.75, 8, 22.175]},
			"color": 5,
			"faces": {
				"north": {"uv": [0, 0, 1.75, 1.75], "texture": "#missing"},
				"east": {"uv": [0, 0, 0.175, 1.75], "texture": "#missing"},
				"south": {"uv": [0, 0, 1.75, 1.75], "texture": "#missing"},
				"west": {"uv": [0, 0, 0.175, 1.75], "texture": "#missing"},
				"up": {"uv": [0, 0, 1.75, 0.175], "texture": "#missing"},
				"down": {"uv": [0, 0, 1.75, 0.175], "texture": "#missing"}
			}
		},
		{
			"from": [0.75, 3.75, 13.25],
			"to": [2.5, 5.5, 13.425],
			"rotation": {"angle": 0, "axis": "y", "origin": [-4.75, 8, 4.5]},
			"color": 5,
			"faces": {
				"north": {"uv": [0, 0, 1.75, 1.75], "texture": "#missing"},
				"east": {"uv": [0, 0, 0.175, 1.75], "texture": "#missing"},
				"south": {"uv": [0, 0, 1.75, 1.75], "texture": "#missing"},
				"west": {"uv": [0, 0, 0.175, 1.75], "texture": "#missing"},
				"up": {"uv": [0, 0, 1.75, 0.175], "rotation": 180, "texture": "#missing"},
				"down": {"uv": [0, 0, 1.75, 0.175], "rotation": 180, "texture": "#missing"}
			}
		},
		{
			"from": [13.5, 3.75, 9.575],
			"to": [15.25, 5.5, 9.75],
			"rotation": {"angle": 0, "axis": "y", "origin": [20.75, 8, 18.5]},
			"color": 5,
			"faces": {
				"north": {"uv": [0, 0, 1.75, 1.75], "texture": "#missing"},
				"east": {"uv": [0, 0, 0.175, 1.75], "texture": "#missing"},
				"south": {"uv": [0, 0, 1.75, 1.75], "texture": "#missing"},
				"west": {"uv": [0, 0, 0.175, 1.75], "texture": "#missing"},
				"up": {"uv": [0, 0, 1.75, 0.175], "texture": "#missing"},
				"down": {"uv": [0, 0, 1.75, 0.175], "texture": "#missing"}
			}
		},
		{
			"from": [0.75, 3.75, 9.575],
			"to": [2.5, 5.5, 9.75],
			"rotation": {"angle": 0, "axis": "y", "origin": [-4.75, 8, 0.825]},
			"color": 5,
			"faces": {
				"north": {"uv": [0, 0, 1.75, 1.75], "texture": "#missing"},
				"east": {"uv": [0, 0, 0.175, 1.75], "texture": "#missing"},
				"south": {"uv": [0, 0, 1.75, 1.75], "texture": "#missing"},
				"west": {"uv": [0, 0, 0.175, 1.75], "texture": "#missing"},
				"up": {"uv": [0, 0, 1.75, 0.175], "rotation": 180, "texture": "#missing"},
				"down": {"uv": [0, 0, 1.75, 0.175], "rotation": 180, "texture": "#missing"}
			}
		},
		{
			"from": [15.25, 3.75, 9.575],
			"to": [15.425, 5.75, 13.425],
			"rotation": {"angle": 0, "axis": "y", "origin": [23, 8, 22.175]},
			"color": 5,
			"faces": {
				"north": {"uv": [0, 0, 0.175, 2], "texture": "#missing"},
				"east": {"uv": [0, 0, 3.85, 2], "texture": "#missing"},
				"south": {"uv": [0, 0, 0.175, 2], "texture": "#missing"},
				"west": {"uv": [0, 0, 3.85, 2], "texture": "#missing"},
				"up": {"uv": [0, 0, 0.175, 3.85], "texture": "#missing"},
				"down": {"uv": [0, 0, 0.175, 3.85], "texture": "#missing"}
			}
		},
		{
			"from": [0.575, 3.75, 9.575],
			"to": [0.75, 5.75, 13.425],
			"rotation": {"angle": 0, "axis": "y", "origin": [8.325, 8, 22.175]},
			"color": 5,
			"faces": {
				"north": {"uv": [0, 0, 0.175, 2], "texture": "#missing"},
				"east": {"uv": [0, 0, 3.85, 2], "texture": "#missing"},
				"south": {"uv": [0, 0, 0.175, 2], "texture": "#missing"},
				"west": {"uv": [0, 0, 3.85, 2], "texture": "#missing"},
				"up": {"uv": [0, 0, 0.175, 3.85], "texture": "#missing"},
				"down": {"uv": [0, 0, 0.175, 3.85], "texture": "#missing"}
			}
		},
		{
			"from": [15.25, 3, 11.025],
			"to": [15.725, 4.225, 11.925],
			"rotation": {"angle": 0, "axis": "y", "origin": [23, 7.25, 22.175]},
			"color": 4,
			"faces": {
				"north": {"uv": [0, 0, 0.475, 1.225], "texture": "#missing"},
				"east": {"uv": [0, 0, 0.9, 1.225], "texture": "#missing"},
				"south": {"uv": [0, 0, 0.475, 1.225], "texture": "#missing"},
				"west": {"uv": [0, 0, 0.9, 1.225], "texture": "#missing"},
				"up": {"uv": [0, 0, 0.475, 0.9], "texture": "#missing"},
				"down": {"uv": [0, 0, 0.475, 0.9], "texture": "#missing"}
			}
		},
		{
			"from": [0.275, 3, 11.025],
			"to": [0.75, 4.225, 11.925],
			"rotation": {"angle": 0, "axis": "y", "origin": [8.025, 7.25, 22.175]},
			"color": 4,
			"faces": {
				"north": {"uv": [0, 0, 0.475, 1.225], "texture": "#missing"},
				"east": {"uv": [0, 0, 0.9, 1.225], "texture": "#missing"},
				"south": {"uv": [0, 0, 0.475, 1.225], "texture": "#missing"},
				"west": {"uv": [0, 0, 0.9, 1.225], "texture": "#missing"},
				"up": {"uv": [0, 0, 0.475, 0.9], "texture": "#missing"},
				"down": {"uv": [0, 0, 0.475, 0.9], "texture": "#missing"}
			}
		},
		{
			"from": [13, 5.5, 9.575],
			"to": [15.25, 5.75, 13.425],
			"rotation": {"angle": 0, "axis": "y", "origin": [20.75, 9.5, 22.175]},
			"color": 5,
			"faces": {
				"north": {"uv": [0, 0, 2.25, 0.25], "texture": "#missing"},
				"east": {"uv": [0, 0, 3.85, 0.25], "texture": "#missing"},
				"south": {"uv": [0, 0, 2.25, 0.25], "texture": "#missing"},
				"west": {"uv": [0, 0, 3.85, 0.25], "texture": "#missing"},
				"up": {"uv": [0, 0, 2.25, 3.85], "texture": "#missing"},
				"down": {"uv": [0, 0, 2.25, 3.85], "texture": "#missing"}
			}
		},
		{
			"from": [0.75, 5.5, 9.575],
			"to": [3, 5.75, 13.425],
			"rotation": {"angle": 0, "axis": "y", "origin": [8.5, 9.5, 22.175]},
			"color": 5,
			"faces": {
				"north": {"uv": [0, 0, 2.25, 0.25], "texture": "#missing"},
				"east": {"uv": [0, 0, 3.85, 0.25], "texture": "#missing"},
				"south": {"uv": [0, 0, 2.25, 0.25], "texture": "#missing"},
				"west": {"uv": [0, 0, 3.85, 0.25], "texture": "#missing"},
				"up": {"uv": [0, 0, 2.25, 3.85], "texture": "#missing"},
				"down": {"uv": [0, 0, 2.25, 3.85], "texture": "#missing"}
			}
		},
		{
			"from": [2.75, 12, 7.75],
			"to": [13.25, 12.25, 15.25],
			"rotation": {"angle": 0, "axis": "y", "origin": [11, 20, 22]},
			"color": 6,
			"faces": {
				"north": {"uv": [0, 0, 10.5, 0.25], "texture": "#missing"},
				"east": {"uv": [0, 0, 7.5, 0.25], "texture": "#missing"},
				"south": {"uv": [0, 0, 10.5, 0.25], "texture": "#missing"},
				"west": {"uv": [0, 0, 7.5, 0.25], "texture": "#missing"},
				"up": {"uv": [0, 0, 10.5, 7.5], "texture": "#missing"},
				"down": {"uv": [0, 0, 10.5, 7.5], "texture": "#missing"}
			}
		},
		{
			"from": [2.75, 9.75, 15],
			"to": [13.25, 12, 15.25],
			"rotation": {"angle": 0, "axis": "y", "origin": [11, 19.75, 22]},
			"color": 6,
			"faces": {
				"north": {"uv": [0, 0, 10.5, 2.25], "texture": "#missing"},
				"east": {"uv": [0, 0, 0.25, 2.25], "texture": "#missing"},
				"south": {"uv": [0, 0, 10.5, 2.25], "texture": "#missing"},
				"west": {"uv": [0, 0, 0.25, 2.25], "texture": "#missing"},
				"up": {"uv": [0, 0, 10.5, 0.25], "texture": "#missing"},
				"down": {"uv": [0, 0, 10.5, 0.25], "texture": "#missing"}
			}
		},
		{
			"from": [2.75, 9.75, 7.75],
			"to": [13.25, 12, 8],
			"rotation": {"angle": 0, "axis": "y", "origin": [5, 19.75, 1]},
			"color": 6,
			"faces": {
				"north": {"uv": [0, 0, 10.5, 2.25], "texture": "#missing"},
				"east": {"uv": [0, 0, 0.25, 2.25], "texture": "#missing"},
				"south": {"uv": [0, 0, 10.5, 2.25], "texture": "#missing"},
				"west": {"uv": [0, 0, 0.25, 2.25], "texture": "#missing"},
				"up": {"uv": [0, 0, 10.5, 0.25], "rotation": 180, "texture": "#missing"},
				"down": {"uv": [0, 0, 10.5, 0.25], "rotation": 180, "texture": "#missing"}
			}
		},
		{
			"from": [2.75, 9.75, 8],
			"to": [3, 12, 15],
			"rotation": {"angle": 0, "axis": "y", "origin": [-4, 19.75, 13]},
			"color": 6,
			"faces": {
				"north": {"uv": [0, 0, 0.25, 2.25], "texture": "#missing"},
				"east": {"uv": [0, 0, 7, 2.25], "texture": "#missing"},
				"south": {"uv": [0, 0, 0.25, 2.25], "texture": "#missing"},
				"west": {"uv": [0, 0, 7, 2.25], "texture": "#missing"},
				"up": {"uv": [0, 0, 7, 0.25], "rotation": 90, "texture": "#missing"},
				"down": {"uv": [0, 0, 7, 0.25], "rotation": 270, "texture": "#missing"}
			}
		},
		{
			"from": [13, 9.75, 8],
			"to": [13.25, 12, 15],
			"rotation": {"angle": 0, "axis": "y", "origin": [20, 19.75, 10]},
			"color": 6,
			"faces": {
				"north": {"uv": [0, 0, 0.25, 2.25], "texture": "#missing"},
				"east": {"uv": [0, 0, 7, 2.25], "texture": "#missing"},
				"south": {"uv": [0, 0, 0.25, 2.25], "texture": "#missing"},
				"west": {"uv": [0, 0, 7, 2.25], "texture": "#missing"},
				"up": {"uv": [0, 0, 7, 0.25], "rotation": 270, "texture": "#missing"},
				"down": {"uv": [0, 0, 7, 0.25], "rotation": 90, "texture": "#missing"}
			}
		},
		{
			"from": [3, 8.75, 15],
			"to": [13, 9.75, 15.25],
			"rotation": {"angle": 0, "axis": "y", "origin": [11, 17.5, 22]},
			"color": 6,
			"faces": {
				"north": {"uv": [0, 0, 10, 1], "texture": "#missing"},
				"east": {"uv": [0, 0, 0.25, 1], "texture": "#missing"},
				"south": {"uv": [0, 0, 10, 1], "texture": "#missing"},
				"west": {"uv": [0, 0, 0.25, 1], "texture": "#missing"},
				"up": {"uv": [0, 0, 10, 0.25], "texture": "#missing"},
				"down": {"uv": [0, 0, 10, 0.25], "texture": "#missing"}
			}
		},
		{
			"from": [3.75, 8.25, 15],
			"to": [12.25, 8.75, 15.25],
			"rotation": {"angle": 0, "axis": "y", "origin": [11, 16.5, 22]},
			"color": 6,
			"faces": {
				"north": {"uv": [0, 0, 8.5, 0.5], "texture": "#missing"},
				"east": {"uv": [0, 0, 0.25, 0.5], "texture": "#missing"},
				"south": {"uv": [0, 0, 8.5, 0.5], "texture": "#missing"},
				"west": {"uv": [0, 0, 0.25, 0.5], "texture": "#missing"},
				"up": {"uv": [0, 0, 8.5, 0.25], "texture": "#missing"},
				"down": {"uv": [0, 0, 8.5, 0.25], "texture": "#missing"}
			}
		},
		{
			"from": [13, 8.75, 11.75],
			"to": [13.25, 9.75, 15.25],
			"rotation": {"angle": 0, "axis": "y", "origin": [12, 8.5, 5.75]},
			"color": 6,
			"faces": {
				"north": {"uv": [0, 0, 0.25, 1], "texture": "#missing"},
				"east": {"uv": [0, 0, 3.5, 1], "texture": "#missing"},
				"south": {"uv": [0, 0, 0.25, 1], "texture": "#missing"},
				"west": {"uv": [0, 0, 3.5, 1], "texture": "#missing"},
				"up": {"uv": [0, 0, 3.5, 0.25], "rotation": 270, "texture": "#missing"},
				"down": {"uv": [0, 0, 3.5, 0.25], "rotation": 90, "texture": "#missing"}
			}
		},
		{
			"from": [2.75, 8.75, 11.75],
			"to": [3, 9.75, 15.25],
			"rotation": {"angle": 0, "axis": "y", "origin": [1.75, 8.5, 5.75]},
			"color": 6,
			"faces": {
				"north": {"uv": [0, 0, 0.25, 1], "texture": "#missing"},
				"east": {"uv": [0, 0, 3.5, 1], "texture": "#missing"},
				"south": {"uv": [0, 0, 0.25, 1], "texture": "#missing"},
				"west": {"uv": [0, 0, 3.5, 1], "texture": "#missing"},
				"up": {"uv": [0, 0, 3.5, 0.25], "rotation": 270, "texture": "#missing"},
				"down": {"uv": [0, 0, 3.5, 0.25], "rotation": 90, "texture": "#missing"}
			}
		},
		{
			"from": [2.75, 9, 10],
			"to": [3, 9.75, 11.75],
			"rotation": {"angle": 0, "axis": "y", "origin": [1.75, 8.5, 2.25]},
			"color": 6,
			"faces": {
				"north": {"uv": [0, 0, 0.25, 0.75], "texture": "#missing"},
				"east": {"uv": [0, 0, 1.75, 0.75], "texture": "#missing"},
				"south": {"uv": [0, 0, 0.25, 0.75], "texture": "#missing"},
				"west": {"uv": [0, 0, 1.75, 0.75], "texture": "#missing"},
				"up": {"uv": [0, 0, 1.75, 0.25], "rotation": 270, "texture": "#missing"},
				"down": {"uv": [0, 0, 1.75, 0.25], "rotation": 90, "texture": "#missing"}
			}
		},
		{
			"from": [13, 9, 10],
			"to": [13.25, 9.75, 11.75],
			"rotation": {"angle": 0, "axis": "y", "origin": [12, 8.5, 2.25]},
			"color": 6,
			"faces": {
				"north": {"uv": [0, 0, 0.25, 0.75], "texture": "#missing"},
				"east": {"uv": [0, 0, 1.75, 0.75], "texture": "#missing"},
				"south": {"uv": [0, 0, 0.25, 0.75], "texture": "#missing"},
				"west": {"uv": [0, 0, 1.75, 0.75], "texture": "#missing"},
				"up": {"uv": [0, 0, 1.75, 0.25], "rotation": 270, "texture": "#missing"},
				"down": {"uv": [0, 0, 1.75, 0.25], "rotation": 90, "texture": "#missing"}
			}
		},
		{
			"from": [7.5, 7.375, 15],
			"to": [8.5, 8.625, 15.5],
			"rotation": {"angle": 0, "axis": "y", "origin": [11, 16.375, 22.25]},
			"color": 4,
			"faces": {
				"north": {"uv": [0, 0, 1, 1.25], "texture": "#missing"},
				"east": {"uv": [0, 0, 0.5, 1.25], "texture": "#missing"},
				"south": {"uv": [0, 0, 1, 1.25], "texture": "#missing"},
				"west": {"uv": [0, 0, 0.5, 1.25], "texture": "#missing"},
				"up": {"uv": [0, 0, 1, 0.5], "texture": "#missing"},
				"down": {"uv": [0, 0, 1, 0.5], "texture": "#missing"}
			}
		}
	]
}