{
	"credit": "Made with Blockbench",
	"textures": {
		"0": "item/custom/butterfly_wings",
		"particle": "item/custom/butterfly_wings"
	},
	"elements": [
		{
			"from": [7, -3.75, 7],
			"to": [7, 14.25, 23],
			"rotation": {"angle": -22.5, "axis": "y", "origin": [7, 8, 7]},
			"faces": {
				"north": {"uv": [0, 0, 2.125, 3.375], "texture": "#0"},
				"east": {"uv": [14, 0, 0, 16], "texture": "#0"},
				"south": {"uv": [0, 0, 0, 16], "texture": "#missing"},
				"west": {"uv": [0, 0, 14, 16], "texture": "#0"},
				"up": {"uv": [0, 0, 0, 14], "texture": "#missing"},
				"down": {"uv": [0, 0, 0, 14], "texture": "#missing"}
			}
		},
		{
			"from": [7, -3.75, -9],
			"to": [7, 14.25, 7],
			"rotation": {"angle": 22.5, "axis": "y", "origin": [7, 8, 7]},
			"faces": {
				"north": {"uv": [0, 0, 0, 16], "texture": "#missing"},
				"east": {"uv": [0, 0, 14, 16], "texture": "#0"},
				"south": {"uv": [0, 0, 2.125, 3.375], "texture": "#0"},
				"west": {"uv": [14, 0, 0, 16], "texture": "#0"},
				"up": {"uv": [0, 0, 0, 14], "rotation": 180, "texture": "#missing"},
				"down": {"uv": [0, 0, 0, 14], "rotation": 180, "texture": "#missing"}
			}
		}
	],
	"display": {
		"head": {
			"rotation": [3, 90, 0],
			"translation": [4, -30, 2],
			"scale": [4, 4, 4]
		}
	}
}