{
	"credit": "Made with Blockbench",
	"textures": {
		"0": "item/custom/cap/s1",
		"1": "item/custom/cap/c2",
		"particle": "item/custom/cap/s1"
	},
	"elements": [
		{
			"from": [3, 0, 2.96875],
			"to": [13, 3.8125, 13.03125],
			"rotation": {"angle": 0, "axis": "y", "origin": [5.5, 0.5, 5.53125]},
			"faces": {
				"north": {"uv": [0, 0, 10, 3.25], "texture": "#0"},
				"east": {"uv": [0, 0, 10, 3.25], "texture": "#0"},
				"south": {"uv": [0, 0, 10, 3.25], "texture": "#0"},
				"west": {"uv": [0, 0, 10, 3.25], "texture": "#0"},
				"up": {"uv": [0, 0, 10, 3.25], "texture": "#0"},
				"down": {"uv": [0, 0, 10, 3.25], "texture": "#0"}
			}
		},
		{
			"from": [1.7375, 3.75, 2.2375],
			"to": [13.825, 8.0625, 13.7],
			"rotation": {"angle": 0, "axis": "y", "origin": [5.3, 4.25, 5.55]},
			"faces": {
				"north": {"uv": [0, 0, 10, 3.25], "texture": "#0"},
				"east": {"uv": [0, 0, 10, 3.25], "texture": "#0"},
				"south": {"uv": [0, 0, 10, 3.25], "texture": "#0"},
				"west": {"uv": [0, 0, 10, 3.25], "texture": "#0"},
				"up": {"uv": [0, 0, 10, 3.25], "texture": "#0"},
				"down": {"uv": [0, 0, 10, 3.25], "texture": "#0"}
			}
		},
		{
			"from": [3.5, 3.5625, 2],
			"to": [4, 6.75, 3.1875],
			"rotation": {"angle": 0, "axis": "y", "origin": [4, 4.875, 3.1875]},
			"faces": {
				"north": {"uv": [0, 0, 0.5, 2.1875], "texture": "#1"},
				"east": {"uv": [0, 0, 0.5, 2.1875], "texture": "#1"},
				"south": {"uv": [0, 0, 0.5, 2.1875], "texture": "#1"},
				"west": {"uv": [0, 0, 0.5, 2.1875], "texture": "#1"},
				"up": {"uv": [0, 0, 0.5, 2.1875], "texture": "#1"},
				"down": {"uv": [0, 0, 0.5, 2.1875], "texture": "#1"}
			}
		},
		{
			"from": [1.5625, 3.5625, 11.625],
			"to": [3, 5.125, 12.125],
			"rotation": {"angle": 0, "axis": "y", "origin": [2.75, 4.65625, 7.875]},
			"faces": {
				"north": {"uv": [0, 0, 0.5, 1.625], "texture": "#1"},
				"east": {"uv": [0, 0, 0.5, 1.625], "texture": "#1"},
				"south": {"uv": [0, 0, 0.5, 1.625], "texture": "#1"},
				"west": {"uv": [0, 0, 0.5, 1.625], "texture": "#1"},
				"up": {"uv": [0, 0, 0.5, 1.625], "texture": "#1"},
				"down": {"uv": [0, 0, 0.5, 1.625], "texture": "#1"}
			}
		},
		{
			"from": [12.8125, 3.25, 11.625],
			"to": [14.125, 6.9375, 12.125],
			"rotation": {"angle": 0, "axis": "y", "origin": [13.875, 4.65625, 7.875]},
			"faces": {
				"north": {"uv": [0, 0, 0.5, 3.375], "texture": "#1"},
				"east": {"uv": [0, 0, 0.5, 3.375], "texture": "#1"},
				"south": {"uv": [0, 0, 0.5, 3.375], "texture": "#1"},
				"west": {"uv": [0, 0, 0.5, 3.375], "texture": "#1"},
				"up": {"uv": [0, 0, 0.5, 3.375], "texture": "#1"},
				"down": {"uv": [0, 0, 0.5, 3.375], "texture": "#1"}
			}
		},
		{
			"from": [3.5, 3.5, 13],
			"to": [4, 6.125, 14.1875],
			"rotation": {"angle": 0, "axis": "y", "origin": [4, 4.875, 14.1875]},
			"faces": {
				"north": {"uv": [0, 0, 0.5, 3.125], "texture": "#1"},
				"east": {"uv": [0, 0, 0.5, 3.125], "texture": "#1"},
				"south": {"uv": [0, 0, 0.5, 3.125], "texture": "#1"},
				"west": {"uv": [0, 0, 0.5, 3.125], "texture": "#1"},
				"up": {"uv": [0, 0, 0.5, 3.125], "texture": "#1"},
				"down": {"uv": [0, 0, 0.5, 3.125], "texture": "#1"}
			}
		},
		{
			"from": [5.5, 3.5625, 2],
			"to": [6, 4.5625, 3.1875],
			"rotation": {"angle": 0, "axis": "y", "origin": [6, 4.875, 3.1875]},
			"faces": {
				"north": {"uv": [0, 0, 0.5, 2.1875], "texture": "#1"},
				"east": {"uv": [0, 0, 0.5, 2.1875], "texture": "#1"},
				"south": {"uv": [0, 0, 0.5, 2.1875], "texture": "#1"},
				"west": {"uv": [0, 0, 0.5, 2.1875], "texture": "#1"},
				"up": {"uv": [0, 0, 0.5, 2.1875], "texture": "#1"},
				"down": {"uv": [0, 0, 0.5, 2.1875], "texture": "#1"}
			}
		},
		{
			"from": [1.5625, 3.5625, 9.625],
			"to": [3, 5.9375, 10.125],
			"rotation": {"angle": 0, "axis": "y", "origin": [2.75, 4.65625, 7.875]},
			"faces": {
				"north": {"uv": [0, 0, 0.5, 1.625], "texture": "#1"},
				"east": {"uv": [0, 0, 0.5, 1.625], "texture": "#1"},
				"south": {"uv": [0, 0, 0.5, 1.625], "texture": "#1"},
				"west": {"uv": [0, 0, 0.5, 1.625], "texture": "#1"},
				"up": {"uv": [0, 0, 0.5, 1.625], "texture": "#1"},
				"down": {"uv": [0, 0, 0.5, 1.625], "texture": "#1"}
			}
		},
		{
			"from": [12.8125, 3.25, 9.625],
			"to": [14.125, 6.9375, 10.125],
			"rotation": {"angle": 0, "axis": "y", "origin": [13.875, 4.65625, 7.875]},
			"faces": {
				"north": {"uv": [0, 0, 0.5, 3.375], "texture": "#1"},
				"east": {"uv": [0, 0, 0.5, 3.375], "texture": "#1"},
				"south": {"uv": [0, 0, 0.5, 3.375], "texture": "#1"},
				"west": {"uv": [0, 0, 0.5, 3.375], "texture": "#1"},
				"up": {"uv": [0, 0, 0.5, 3.375], "texture": "#1"},
				"down": {"uv": [0, 0, 0.5, 3.375], "texture": "#1"}
			}
		},
		{
			"from": [5.5, 3.5, 13],
			"to": [6, 4.8125, 14.1875],
			"rotation": {"angle": 0, "axis": "y", "origin": [6, 4.875, 14.1875]},
			"faces": {
				"north": {"uv": [0, 0, 0.5, 3.125], "texture": "#1"},
				"east": {"uv": [0, 0, 0.5, 3.125], "texture": "#1"},
				"south": {"uv": [0, 0, 0.5, 3.125], "texture": "#1"},
				"west": {"uv": [0, 0, 0.5, 3.125], "texture": "#1"},
				"up": {"uv": [0, 0, 0.5, 3.125], "texture": "#1"},
				"down": {"uv": [0, 0, 0.5, 3.125], "texture": "#1"}
			}
		},
		{
			"from": [7.5, 3.5625, 2],
			"to": [8, 5.9375, 3.1875],
			"rotation": {"angle": 0, "axis": "y", "origin": [8, 4.875, 3.1875]},
			"faces": {
				"north": {"uv": [0, 0, 0.5, 2.1875], "texture": "#1"},
				"east": {"uv": [0, 0, 0.5, 2.1875], "texture": "#1"},
				"south": {"uv": [0, 0, 0.5, 2.1875], "texture": "#1"},
				"west": {"uv": [0, 0, 0.5, 2.1875], "texture": "#1"},
				"up": {"uv": [0, 0, 0.5, 2.1875], "texture": "#1"},
				"down": {"uv": [0, 0, 0.5, 2.1875], "texture": "#1"}
			}
		},
		{
			"from": [1.5625, 3.5625, 7.625],
			"to": [3, 5.5625, 8.125],
			"rotation": {"angle": 0, "axis": "y", "origin": [2.75, 4.65625, 7.875]},
			"faces": {
				"north": {"uv": [0, 0, 0.5, 1.625], "texture": "#1"},
				"east": {"uv": [0, 0, 0.5, 1.625], "texture": "#1"},
				"south": {"uv": [0, 0, 0.5, 1.625], "texture": "#1"},
				"west": {"uv": [0, 0, 0.5, 1.625], "texture": "#1"},
				"up": {"uv": [0, 0, 0.5, 1.625], "texture": "#1"},
				"down": {"uv": [0, 0, 0.5, 1.625], "texture": "#1"}
			}
		},
		{
			"from": [12.8125, 3.25, 7.625],
			"to": [14.125, 6.9375, 8.125],
			"rotation": {"angle": 0, "axis": "y", "origin": [13.875, 4.65625, 7.875]},
			"faces": {
				"north": {"uv": [0, 0, 0.5, 3.375], "texture": "#1"},
				"east": {"uv": [0, 0, 0.5, 3.375], "texture": "#1"},
				"south": {"uv": [0, 0, 0.5, 3.375], "texture": "#1"},
				"west": {"uv": [0, 0, 0.5, 3.375], "texture": "#1"},
				"up": {"uv": [0, 0, 0.5, 3.375], "texture": "#1"},
				"down": {"uv": [0, 0, 0.5, 3.375], "texture": "#1"}
			}
		},
		{
			"from": [7.5, 3.5, 13],
			"to": [8, 6.9375, 14.1875],
			"rotation": {"angle": 0, "axis": "y", "origin": [8, 4.875, 14.1875]},
			"faces": {
				"north": {"uv": [0, 0, 0.5, 3.125], "texture": "#1"},
				"east": {"uv": [0, 0, 0.5, 3.125], "texture": "#1"},
				"south": {"uv": [0, 0, 0.5, 3.125], "texture": "#1"},
				"west": {"uv": [0, 0, 0.5, 3.125], "texture": "#1"},
				"up": {"uv": [0, 0, 0.5, 3.125], "texture": "#1"},
				"down": {"uv": [0, 0, 0.5, 3.125], "texture": "#1"}
			}
		},
		{
			"from": [9.5, 3.5625, 2],
			"to": [10, 5.125, 3.1875],
			"rotation": {"angle": 0, "axis": "y", "origin": [10, 4.875, 3.1875]},
			"faces": {
				"north": {"uv": [0, 0, 0.5, 2.1875], "texture": "#1"},
				"east": {"uv": [0, 0, 0.5, 2.1875], "texture": "#1"},
				"south": {"uv": [0, 0, 0.5, 2.1875], "texture": "#1"},
				"west": {"uv": [0, 0, 0.5, 2.1875], "texture": "#1"},
				"up": {"uv": [0, 0, 0.5, 2.1875], "texture": "#1"},
				"down": {"uv": [0, 0, 0.5, 2.1875], "texture": "#1"}
			}
		},
		{
			"from": [1.5625, 3.5625, 5.625],
			"to": [3, 4.375, 6.125],
			"rotation": {"angle": 0, "axis": "y", "origin": [2.75, 4.65625, 7.875]},
			"faces": {
				"north": {"uv": [0, 0, 0.5, 1.625], "texture": "#1"},
				"east": {"uv": [0, 0, 0.5, 1.625], "texture": "#1"},
				"south": {"uv": [0, 0, 0.5, 1.625], "texture": "#1"},
				"west": {"uv": [0, 0, 0.5, 1.625], "texture": "#1"},
				"up": {"uv": [0, 0, 0.5, 1.625], "texture": "#1"},
				"down": {"uv": [0, 0, 0.5, 1.625], "texture": "#1"}
			}
		},
		{
			"from": [12.8125, 3.25, 5.625],
			"to": [14.125, 6.9375, 6.125],
			"rotation": {"angle": 0, "axis": "y", "origin": [13.875, 4.65625, 7.875]},
			"faces": {
				"north": {"uv": [0, 0, 0.5, 3.375], "texture": "#1"},
				"east": {"uv": [0, 0, 0.5, 3.375], "texture": "#1"},
				"south": {"uv": [0, 0, 0.5, 3.375], "texture": "#1"},
				"west": {"uv": [0, 0, 0.5, 3.375], "texture": "#1"},
				"up": {"uv": [0, 0, 0.5, 3.375], "texture": "#1"},
				"down": {"uv": [0, 0, 0.5, 3.375], "texture": "#1"}
			}
		},
		{
			"from": [9.5, 3.5, 13],
			"to": [10, 5.5625, 14.1875],
			"rotation": {"angle": 0, "axis": "y", "origin": [10, 4.875, 14.1875]},
			"faces": {
				"north": {"uv": [0, 0, 0.5, 3.125], "texture": "#1"},
				"east": {"uv": [0, 0, 0.5, 3.125], "texture": "#1"},
				"south": {"uv": [0, 0, 0.5, 3.125], "texture": "#1"},
				"west": {"uv": [0, 0, 0.5, 3.125], "texture": "#1"},
				"up": {"uv": [0, 0, 0.5, 3.125], "texture": "#1"},
				"down": {"uv": [0, 0, 0.5, 3.125], "texture": "#1"}
			}
		},
		{
			"from": [11.5, 3.5625, 2],
			"to": [12, 6, 3.1875],
			"rotation": {"angle": 0, "axis": "y", "origin": [12, 4.875, 3.1875]},
			"faces": {
				"north": {"uv": [0, 0, 0.5, 2.1875], "texture": "#1"},
				"east": {"uv": [0, 0, 0.5, 2.1875], "texture": "#1"},
				"south": {"uv": [0, 0, 0.5, 2.1875], "texture": "#1"},
				"west": {"uv": [0, 0, 0.5, 2.1875], "texture": "#1"},
				"up": {"uv": [0, 0, 0.5, 2.1875], "texture": "#1"},
				"down": {"uv": [0, 0, 0.5, 2.1875], "texture": "#1"}
			}
		},
		{
			"from": [1.5625, 3.5625, 3.625],
			"to": [3, 5.9375, 4.125],
			"rotation": {"angle": 0, "axis": "y", "origin": [2.75, 4.65625, 7.875]},
			"faces": {
				"north": {"uv": [0, 0, 0.5, 1.625], "texture": "#1"},
				"east": {"uv": [0, 0, 0.5, 1.625], "texture": "#1"},
				"south": {"uv": [0, 0, 0.5, 1.625], "texture": "#1"},
				"west": {"uv": [0, 0, 0.5, 1.625], "texture": "#1"},
				"up": {"uv": [0, 0, 0.5, 1.625], "texture": "#1"},
				"down": {"uv": [0, 0, 0.5, 1.625], "texture": "#1"}
			}
		},
		{
			"from": [12.8125, 3.25, 3.625],
			"to": [14.125, 6.9375, 4.125],
			"rotation": {"angle": 0, "axis": "y", "origin": [13.875, 4.65625, 7.875]},
			"faces": {
				"north": {"uv": [0, 0, 0.5, 3.375], "texture": "#1"},
				"east": {"uv": [0, 0, 0.5, 3.375], "texture": "#1"},
				"south": {"uv": [0, 0, 0.5, 3.375], "texture": "#1"},
				"west": {"uv": [0, 0, 0.5, 3.375], "texture": "#1"},
				"up": {"uv": [0, 0, 0.5, 3.375], "texture": "#1"},
				"down": {"uv": [0, 0, 0.5, 3.375], "texture": "#1"}
			}
		},
		{
			"from": [11.5, 3.5, 13],
			"to": [12, 6.25, 14.1875],
			"rotation": {"angle": 0, "axis": "y", "origin": [12, 4.875, 14.1875]},
			"faces": {
				"north": {"uv": [0, 0, 0.5, 3.125], "texture": "#1"},
				"east": {"uv": [0, 0, 0.5, 3.125], "texture": "#1"},
				"south": {"uv": [0, 0, 0.5, 3.125], "texture": "#1"},
				"west": {"uv": [0, 0, 0.5, 3.125], "texture": "#1"},
				"up": {"uv": [0, 0, 0.5, 3.125], "texture": "#1"},
				"down": {"uv": [0, 0, 0.5, 3.125], "texture": "#1"}
			}
		}
	],
	"display": {
		"thirdperson_righthand": {
			"translation": [0, 3.25, 0],
			"scale": [0.4, 0.4, 0.4]
		},
		"thirdperson_lefthand": {
			"translation": [0, 3.25, 0],
			"scale": [0.4, 0.4, 0.4]
		},
		"firstperson_righthand": {
			"translation": [0, 3.25, 0],
			"scale": [0.4, 0.4, 0.4]
		},
		"firstperson_lefthand": {
			"translation": [0, 3.25, 0],
			"scale": [0.4, 0.4, 0.4]
		},
		"ground": {
			"scale": [0.5, 0.5, 0.5]
		},
		"gui": {
			"rotation": [9.25, 31.25, 0],
			"translation": [0, 2.25, 0],
			"scale": [0.8, 0.8, 0.8]
		},
		"head": {
			"translation": [0, 10, 0],
			"scale": [1.3125, 1.13281, 1.31023]
		},
		"fixed": {
			"rotation": [-90, 0, 0],
			"translation": [0, 0, -8]
		}
	}
}