{
	"credit": "Made with Blockbench",
	"textures": {
		"0": "item/custom/nkvd_cup",
		"particle": "item/custom/nkvd_cup"
	},
	"elements": [
		{
			"from": [1, 0, 1],
			"to": [15, 2.75, 15],
			"rotation": {"angle": 0, "axis": "y", "origin": [9, 8, 9]},
			"faces": {
				"north": {"uv": [0, 0, 14, 2.75], "texture": "#0"},
				"east": {"uv": [0, 0, 14, 2.75], "texture": "#0"},
				"south": {"uv": [0, 0, 14, 2.75], "texture": "#0"},
				"west": {"uv": [0, 0, 14, 2.75], "texture": "#0"},
				"up": {"uv": [0, 0, 14, 14], "texture": "#missing"},
				"down": {"uv": [4, 5, 10, 9], "texture": "#0"}
			}
		},
		{
			"from": [1.75, 0, -3],
			"to": [14, 0.25, 1],
			"rotation": {"angle": -22.5, "axis": "x", "origin": [9, 2, 1]},
			"faces": {
				"north": {"uv": [3, 5, 15.25, 9], "texture": "#0"},
				"east": {"uv": [3, 5, 15.25, 9], "texture": "#0"},
				"south": {"uv": [3, 5, 15.25, 9], "texture": "#0"},
				"west": {"uv": [3, 5, 15.25, 9], "texture": "#0"},
				"up": {"uv": [3, 5, 15.25, 9], "texture": "#0"},
				"down": {"uv": [3, 5, 15.25, 9], "texture": "#0"}
			}
		},
		{
			"from": [14, 0, -2],
			"to": [14.25, 0.25, 1],
			"rotation": {"angle": -22.5, "axis": "x", "origin": [11.5, 2, 1]},
			"faces": {
				"north": {"uv": [5, 6, 8, 6.25], "texture": "#0"},
				"east": {"uv": [5, 6, 8, 6.25], "texture": "#0"},
				"south": {"uv": [5, 6, 8, 6.25], "texture": "#0"},
				"west": {"uv": [5, 6, 8, 6.25], "texture": "#0"},
				"up": {"uv": [5, 6, 8, 6.25], "texture": "#0"},
				"down": {"uv": [5, 6, 8, 6.25], "texture": "#0"}
			}
		},
		{
			"from": [1.5, 0, -2],
			"to": [1.75, 0.25, 1],
			"rotation": {"angle": -22.5, "axis": "x", "origin": [-1, 2, 1]},
			"faces": {
				"north": {"uv": [6, 6, 9, 6.25], "texture": "#0"},
				"east": {"uv": [6, 6, 9, 6.25], "texture": "#0"},
				"south": {"uv": [6, 6, 9, 6.25], "texture": "#0"},
				"west": {"uv": [6, 6, 9, 6.25], "texture": "#0"},
				"up": {"uv": [6, 6, 9, 6.25], "texture": "#0"},
				"down": {"uv": [6, 6, 9, 6.25], "texture": "#0"}
			}
		},
		{
			"from": [2.75, -0.825, -3.375],
			"to": [13.25, -0.575, -2.8],
			"rotation": {"angle": -22.5, "axis": "x", "origin": [9, 1.175, -1]},
			"faces": {
				"north": {"uv": [5, 7, 15.5, 7.575], "texture": "#0"},
				"east": {"uv": [5, 7, 15.5, 7.575], "texture": "#0"},
				"south": {"uv": [5, 7, 15.5, 7.575], "texture": "#0"},
				"west": {"uv": [5, 7, 15.5, 7.575], "texture": "#0"},
				"up": {"uv": [5, 7, 15.5, 7.575], "texture": "#0"},
				"down": {"uv": [5, 7, 15.5, 7.575], "texture": "#0"}
			}
		},
		{
			"from": [13.15, -0.825, -3.125],
			"to": [13.75, -0.575, -2.8],
			"rotation": {"angle": -22.5, "axis": "x", "origin": [9.25, 1.175, -1]},
			"faces": {
				"north": {"uv": [6, 6, 6.6, 6.325], "texture": "#0"},
				"east": {"uv": [6, 6, 6.6, 6.325], "texture": "#0"},
				"south": {"uv": [6, 6, 6.6, 6.325], "texture": "#0"},
				"west": {"uv": [6, 6, 6.6, 6.325], "texture": "#0"},
				"up": {"uv": [6, 6, 6.6, 6.325], "texture": "#0"},
				"down": {"uv": [6, 6, 6.6, 6.325], "texture": "#0"}
			}
		},
		{
			"from": [2.15, -0.825, -3.125],
			"to": [2.75, -0.575, -2.8],
			"rotation": {"angle": -22.5, "axis": "x", "origin": [-1.75, 1.175, -1]},
			"faces": {
				"north": {"uv": [9, 7, 9.6, 7.25], "texture": "#0"},
				"east": {"uv": [9, 7, 9.6, 7.25], "texture": "#0"},
				"south": {"uv": [9, 7, 9.6, 7.25], "texture": "#0"},
				"west": {"uv": [9, 7, 9.6, 7.25], "texture": "#0"},
				"up": {"uv": [9, 7, 9.6, 7.25], "texture": "#0"},
				"down": {"uv": [9, 7, 9.6, 7.25], "texture": "#0"}
			}
		},
		{
			"from": [0, 3.7, 0],
			"to": [16, 4.5, 13.1],
			"rotation": {"angle": 0, "axis": "x", "origin": [8, 1.75, 8]},
			"faces": {
				"north": {"uv": [0, 13, 13.1, 13.8], "texture": "#0"},
				"east": {"uv": [0, 13, 13.1, 13.8], "texture": "#0"},
				"south": {"uv": [0, 13, 13.1, 13.8], "texture": "#0"},
				"west": {"uv": [0, 13, 13.1, 13.8], "texture": "#0"},
				"up": {"uv": [0, 13, 13.1, 13.8], "texture": "#0"},
				"down": {"uv": [0, 13, 13.1, 13.8], "texture": "#0"}
			}
		},
		{
			"from": [0, 4.5, 10.525],
			"to": [16, 4.55, 13.1],
			"rotation": {"angle": 0, "axis": "x", "origin": [8, 1.8, 8]},
			"faces": {
				"north": {"uv": [2, 1, 3, 2], "texture": "#0"},
				"east": {"uv": [2, 1, 3, 2], "texture": "#0"},
				"south": {"uv": [8, 13, 9, 14], "texture": "#0"},
				"west": {"uv": [2, 1, 3, 2], "texture": "#0"},
				"up": {"uv": [7, 13, 8, 14], "texture": "#0"},
				"down": {"uv": [5, 13, 6, 14], "texture": "#0"}
			}
		},
		{
			"from": [0, 3.7, 13.1],
			"to": [16, 3.8, 16],
			"rotation": {"angle": 0, "axis": "x", "origin": [8, 1.8, 11]},
			"faces": {
				"north": {"uv": [0, 0, 16, 0.1], "texture": "#0"},
				"east": {"uv": [0, 0, 16, 0.1], "texture": "#0"},
				"south": {"uv": [0, 0, 16, 0.1], "texture": "#0"},
				"west": {"uv": [0, 0, 16, 0.1], "texture": "#0"},
				"up": {"uv": [0, 13, 14, 14.1], "texture": "#0"},
				"down": {"uv": [0, 0, 16, 0.1], "texture": "#0"}
			}
		},
		{
			"from": [0, 2.75, 0],
			"to": [16, 3.7, 16],
			"rotation": {"angle": 0, "axis": "x", "origin": [8, 1.75, 8]},
			"faces": {
				"north": {"uv": [0, 13, 14, 13.95], "texture": "#0"},
				"east": {"uv": [0, 13, 14, 13.95], "texture": "#0"},
				"south": {"uv": [0, 13, 14, 13.95], "texture": "#0"},
				"west": {"uv": [0, 13, 14, 13.95], "texture": "#0"},
				"up": {"uv": [0, 0, 16, 16], "texture": "#missing"},
				"down": {"uv": [0, 12, 2, 15], "texture": "#0"}
			}
		},
		{
			"from": [0, 4.5, 5.25],
			"to": [16, 5, 10.5],
			"rotation": {"angle": 0, "axis": "x", "origin": [8, 3.5, 13.25]},
			"faces": {
				"north": {"uv": [3, 13, 8.25, 13.5], "texture": "#0"},
				"east": {"uv": [3, 13, 8.25, 13.5], "texture": "#0"},
				"south": {"uv": [3, 13, 8.25, 13.5], "texture": "#0"},
				"west": {"uv": [3, 13, 8.25, 13.5], "texture": "#0"},
				"up": {"uv": [3, 13, 8.25, 13.5], "texture": "#0"},
				"down": {"uv": [3, 13, 8.25, 13.5], "texture": "#0"}
			}
		},
		{
			"from": [0, 5, 5.25],
			"to": [16, 5.05, 10.5],
			"rotation": {"angle": 0, "axis": "x", "origin": [8, 4, 13.25]},
			"faces": {
				"north": {"uv": [5, 2, 10.25, 2.5], "texture": "#0"},
				"east": {"uv": [5, 2, 10.25, 2.5], "texture": "#0"},
				"south": {"uv": [5, 13, 10.25, 13.5], "texture": "#0"},
				"west": {"uv": [5, 2, 10.25, 2.5], "texture": "#0"},
				"up": {"uv": [4, 13, 9.25, 13.5], "texture": "#0"},
				"down": {"uv": [5, 2, 10.25, 2.5], "texture": "#0"}
			}
		},
		{
			"from": [0, 4.5, 0],
			"to": [16, 5.5, 5.25],
			"rotation": {"angle": 0, "axis": "x", "origin": [8, 3.5, 8]},
			"faces": {
				"north": {"uv": [4, 13, 9.25, 14], "texture": "#0"},
				"east": {"uv": [4, 13, 9.25, 14], "texture": "#0"},
				"south": {"uv": [4, 13, 9.25, 14], "texture": "#0"},
				"west": {"uv": [4, 13, 9.25, 14], "texture": "#0"},
				"up": {"uv": [4, 13, 9.25, 14], "texture": "#0"},
				"down": {"uv": [4, 13, 9.25, 14], "texture": "#0"}
			}
		},
		{
			"from": [0, 5.5, 0],
			"to": [16, 5.55, 5.25],
			"rotation": {"angle": 0, "axis": "x", "origin": [8, 4.5, 8]},
			"faces": {
				"north": {"uv": [5, 1, 10.25, 2], "texture": "#0"},
				"east": {"uv": [5, 1, 10.25, 2], "texture": "#0"},
				"south": {"uv": [5, 13, 10.25, 14], "texture": "#0"},
				"west": {"uv": [5, 1, 10.25, 2], "texture": "#0"},
				"up": {"uv": [6, 12, 11.25, 13], "texture": "#0"},
				"down": {"uv": [6, 13, 11.25, 14], "texture": "#0"}
			}
		},
		{
			"from": [1, 1, 0.85],
			"to": [15, 1.5, 1],
			"rotation": {"angle": 0, "axis": "y", "origin": [9, 8.5, 8]},
			"faces": {
				"north": {"uv": [0, 5.3, 14, 5.8], "texture": "#0"},
				"east": {"uv": [0, 5.3, 14, 5.8], "texture": "#0"},
				"south": {"uv": [0, 5.3, 14, 5.8], "texture": "#0"},
				"west": {"uv": [0, 5.3, 14, 5.8], "texture": "#0"},
				"up": {"uv": [0, 5.3, 14, 5.8], "texture": "#0"},
				"down": {"uv": [0, 5.3, 14, 5.8], "texture": "#0"}
			}
		},
		{
			"from": [15, 1, 0.975],
			"to": [15.15, 1.5, 5],
			"rotation": {"angle": 0, "axis": "y", "origin": [8, 8.5, 6]},
			"faces": {
				"north": {"uv": [1, 5.3, 5.025, 5.8], "texture": "#0"},
				"east": {"uv": [1, 5.3, 5.025, 5.8], "texture": "#0"},
				"south": {"uv": [1, 5.3, 5.025, 5.8], "texture": "#0"},
				"west": {"uv": [1, 5.3, 5.025, 5.8], "texture": "#0"},
				"up": {"uv": [1, 5.3, 5.025, 5.8], "texture": "#0"},
				"down": {"uv": [1, 5.3, 5.025, 5.8], "texture": "#0"}
			}
		},
		{
			"from": [15, 0.98, 5],
			"to": [15.25, 1.53, 5.55],
			"rotation": {"angle": 0, "axis": "y", "origin": [8, 8.5, 6.95]},
			"faces": {
				"north": {"uv": [2, 6, 2.25, 6.55], "texture": "#0"},
				"east": {"uv": [0, 6, 3, 9], "texture": "#0"},
				"south": {"uv": [2, 6, 2.25, 6.55], "texture": "#0"},
				"west": {"uv": [2, 6, 2.55, 6.55], "texture": "#0"},
				"up": {"uv": [1, 6, 1.55, 6.25], "rotation": 90, "texture": "#0"},
				"down": {"uv": [1, 6, 1.55, 6.25], "rotation": 270, "texture": "#0"}
			}
		},
		{
			"from": [0.75, 0.98, 5],
			"to": [1, 1.53, 5.55],
			"rotation": {"angle": 0, "axis": "y", "origin": [-6.25, 8.5, 6.95]},
			"faces": {
				"north": {"uv": [2, 6, 2.25, 6.55], "texture": "#0"},
				"east": {"uv": [1, 6, 1.55, 6.55], "texture": "#0"},
				"south": {"uv": [2, 6, 2.25, 6.55], "texture": "#0"},
				"west": {"uv": [0, 6, 3, 9], "texture": "#0"},
				"up": {"uv": [0, 6, 0.55, 6.25], "rotation": 90, "texture": "#0"},
				"down": {"uv": [1, 6, 1.55, 6.25], "rotation": 270, "texture": "#0"}
			}
		},
		{
			"from": [0.85, 1, 0.975],
			"to": [1, 1.5, 5],
			"rotation": {"angle": 0, "axis": "y", "origin": [-6.15, 8.5, 6]},
			"faces": {
				"north": {"uv": [0, 5.4, 4.025, 5.9], "texture": "#0"},
				"east": {"uv": [0, 5.4, 4.025, 5.9], "texture": "#0"},
				"south": {"uv": [0, 5.4, 4.025, 5.9], "texture": "#0"},
				"west": {"uv": [0, 5.4, 4.025, 5.9], "texture": "#0"},
				"up": {"uv": [0, 5.4, 4.025, 5.9], "texture": "#0"},
				"down": {"uv": [0, 5.4, 4.025, 5.9], "texture": "#0"}
			}
		}
	],
	"display": {
		"head": {
			"translation": [0, 13.75, 0]
		}
	}
}