{
	"credit": "Made with Blockbench",
	"textures": {
		"0": "block/oak_planks",
		"1": "block/quartz_block_bottom",
		"2": "block/white_concrete"
	},
	"elements": [
		{
			"from": [-8, -14.5625, -15.63636],
			"to": [-7, -3.5625, 24.36364],
			"rotation": {"angle": 0, "axis": "y", "origin": [-2, -16.5, -15.63636]},
			"faces": {
				"north": {"uv": [9, 1, 8, 12], "texture": "#0"},
				"east": {"uv": [16, 5, 0, 16], "texture": "#0"},
				"south": {"uv": [1, 1, 0, 12], "texture": "#0"},
				"west": {"uv": [16, 5, 0, 16], "texture": "#0"},
				"up": {"uv": [16, 5, 0, 16], "texture": "#0"},
				"down": {"uv": [16, 5, 0, 16], "texture": "#0"}
			}
		},
		{
			"from": [-7, -14.5625, 23.36364],
			"to": [23, -3.5625, 24.36364],
			"rotation": {"angle": 0, "axis": "y", "origin": [18, -14.0625, 35.86364]},
			"faces": {
				"north": {"uv": [16, 1, 0, 12], "texture": "#0"},
				"east": {"uv": [16, 1, 0, 12], "texture": "#0"},
				"south": {"uv": [16, 1, 0, 12], "texture": "#0"},
				"west": {"uv": [16, 1, 0, 12], "texture": "#0"},
				"up": {"uv": [16, 1, 0, 4], "texture": "#0"},
				"down": {"uv": [16, 1, 0, 12], "texture": "#0"}
			}
		},
		{
			"from": [-7, -14.5625, -15.63636],
			"to": [23, -3.5625, -14.63636],
			"rotation": {"angle": 0, "axis": "y", "origin": [18, -14.0625, 9.86364]},
			"faces": {
				"north": {"uv": [2, 1, 16, 12], "texture": "#0"},
				"east": {"uv": [2, 1, 16, 12], "texture": "#0"},
				"south": {"uv": [2, 1, 16, 12], "texture": "#0"},
				"west": {"uv": [2, 1, 16, 12], "texture": "#0"},
				"up": {"uv": [2, 1, 16, 4], "texture": "#0"},
				"down": {"uv": [2, 1, 16, 12], "texture": "#0"}
			}
		},
		{
			"from": [-10, -4.5625, -15.63636],
			"to": [-8, -3.5625, 24.36364],
			"rotation": {"angle": 0, "axis": "y", "origin": [-12, -16.5, -15.63636]},
			"faces": {
				"north": {"uv": [16, 1, 14, 0], "texture": "#0"},
				"east": {"uv": [16, 14, 14, 0], "texture": "#0"},
				"south": {"uv": [16, 2, 14, 0], "texture": "#0"},
				"west": {"uv": [16, 2, 0, 0], "texture": "#0"},
				"up": {"uv": [16, 14, 14, 0], "texture": "#0"},
				"down": {"uv": [2, 2, 0, 0], "texture": "#0"}
			}
		},
		{
			"from": [24, -4.5625, -15.63636],
			"to": [26, -3.5625, 17.36364],
			"rotation": {"angle": 0, "axis": "y", "origin": [7, -16.5, -15.63636]},
			"faces": {
				"north": {"uv": [16, 3, 14, 0], "texture": "#0"},
				"east": {"uv": [16, 3, 0, 1], "texture": "#0"},
				"south": {"uv": [16, 3, 14, 0], "texture": "#0"},
				"west": {"uv": [16, 15, 14, 0], "texture": "#0"},
				"up": {"uv": [16, 15, 14, 0], "texture": "#0"},
				"down": {"uv": [16, 15, 14, 0], "texture": "#0"}
			}
		},
		{
			"from": [23, -14.5625, -15.63636],
			"to": [24, -3.5625, 24.36364],
			"rotation": {"angle": 0, "axis": "y", "origin": [7, -16.5, -15.63636]},
			"faces": {
				"north": {"uv": [15, 5, 16, 16], "texture": "#0"},
				"east": {"uv": [0, 5, 16, 16], "texture": "#0"},
				"south": {"uv": [15, 1, 16, 12], "texture": "#0"},
				"west": {"uv": [0, 5, 16, 16], "texture": "#0"},
				"up": {"uv": [51, 5, 50, -45], "texture": "#0"},
				"down": {"uv": [52, -45, 51, 5], "texture": "#0"}
			}
		},
		{
			"from": [-8, -15.5625, -15.63636],
			"to": [24, -14.5625, 24.36364],
			"rotation": {"angle": 0, "axis": "y", "origin": [7, -15.0625, -15.63636]},
			"faces": {
				"north": {"uv": [0, 3, 16, 4], "texture": "#0"},
				"east": {"uv": [0, 12, 16, 11], "texture": "#0"},
				"south": {"uv": [0, 7, 16, 8], "texture": "#0"},
				"west": {"uv": [0, 15, 16, 16], "texture": "#0"},
				"up": {"uv": [15, 16, 0, 0], "texture": "#0"},
				"down": {"uv": [15, 0, 0, 16], "texture": "#0"}
			}
		},
		{
			"from": [0, 28.4375, -15.63636],
			"to": [16, 29.4375, 24.36364],
			"rotation": {"angle": 0, "axis": "y", "origin": [8, 44, 9.36364]},
			"faces": {
				"north": {"uv": [0, 0, 1, 1], "texture": "#1"},
				"east": {"uv": [0, 0, 1, 1], "texture": "#1"},
				"south": {"uv": [0, 0, 1, 1], "texture": "#1"},
				"west": {"uv": [0, 0, 1, 1], "texture": "#1"},
				"up": {"uv": [0, 0, 1, 1], "texture": "#1"},
				"down": {"uv": [0, 0, 1, 1], "texture": "#1"}
			}
		},
		{
			"from": [22, 4.4375, -15.63636],
			"to": [23, 8.4375, 24.36364],
			"rotation": {"angle": 0, "axis": "y", "origin": [7, 26.9375, 9.36364]},
			"faces": {
				"north": {"uv": [0, 0, 1, 1], "texture": "#1"},
				"east": {"uv": [0, 0, 1, 1], "texture": "#1"},
				"south": {"uv": [0, 0, 1, 1], "texture": "#1"},
				"west": {"uv": [0, 0, 1, 1], "texture": "#1"},
				"up": {"uv": [0, 0, 1, 1], "texture": "#1"},
				"down": {"uv": [0, 0, 1, 1], "texture": "#1"}
			}
		},
		{
			"from": [23, 22.4375, -15.63636],
			"to": [24, 26.4375, 24.36364],
			"rotation": {"angle": 0, "axis": "y", "origin": [7, 57.9375, 9.36364]},
			"faces": {
				"north": {"uv": [0, 0, 1, 1], "texture": "#1"},
				"east": {"uv": [0, 0, 1, 1], "texture": "#1"},
				"south": {"uv": [0, 0, 1, 1], "texture": "#1"},
				"west": {"uv": [0, 0, 1, 1], "texture": "#1"},
				"up": {"uv": [0, 0, 1, 1], "texture": "#1"},
				"down": {"uv": [0, 0, 1, 1], "texture": "#1"}
			}
		},
		{
			"from": [20.9, 26.4375, -15.63636],
			"to": [23, 27.4875, 24.36364],
			"rotation": {"angle": 0, "axis": "y", "origin": [7, 62.7, 9.36364]},
			"faces": {
				"north": {"uv": [0, 0, 1, 1], "texture": "#1"},
				"east": {"uv": [0, 0, 1, 1], "texture": "#1"},
				"south": {"uv": [0, 0, 1, 1], "texture": "#1"},
				"west": {"uv": [0, 0, 1, 1], "texture": "#1"},
				"up": {"uv": [0, 0, 1, 1], "texture": "#1"},
				"down": {"uv": [0, 0, 1, 1], "texture": "#1"}
			}
		},
		{
			"from": [-7, 26.4375, -15.63636],
			"to": [-4.9, 27.4875, 24.36364],
			"rotation": {"angle": 0, "axis": "y", "origin": [-16.9, 62.7, 9.36364]},
			"faces": {
				"north": {"uv": [0, 0, 1, 1], "texture": "#1"},
				"east": {"uv": [0, 0, 1, 1], "texture": "#1"},
				"south": {"uv": [0, 0, 1, 1], "texture": "#1"},
				"west": {"uv": [0, 0, 1, 1], "texture": "#1"},
				"up": {"uv": [0, 0, 1, 1], "texture": "#1"},
				"down": {"uv": [0, 0, 1, 1], "texture": "#1"}
			}
		},
		{
			"from": [-8, 22.4375, -15.63636],
			"to": [-7, 26.4375, 24.36364],
			"rotation": {"angle": 0, "axis": "y", "origin": [7, 57.9375, 9.36364]},
			"faces": {
				"north": {"uv": [0, 0, 1, 1], "texture": "#1"},
				"east": {"uv": [0, 0, 1, 1], "texture": "#1"},
				"south": {"uv": [0, 0, 1, 1], "texture": "#1"},
				"west": {"uv": [0, 0, 1, 1], "texture": "#1"},
				"up": {"uv": [0, 0, 1, 1], "texture": "#1"},
				"down": {"uv": [0, 0, 1, 1], "texture": "#1"}
			}
		},
		{
			"from": [21, 8.4375, -15.63636],
			"to": [22, 14.4375, 24.36364],
			"rotation": {"angle": 0, "axis": "y", "origin": [7, 26.9375, 9.36364]},
			"faces": {
				"north": {"uv": [0, 0, 1, 1], "texture": "#1"},
				"east": {"uv": [0, 0, 1, 1], "texture": "#1"},
				"south": {"uv": [0, 0, 1, 1], "texture": "#1"},
				"west": {"uv": [0, 0, 1, 1], "texture": "#1"},
				"up": {"uv": [0, 0, 1, 1], "texture": "#1"},
				"down": {"uv": [0, 0, 1, 1], "texture": "#1"}
			}
		},
		{
			"from": [-6, 8.375, -15.63636],
			"to": [-5, 14.375, 24.36364],
			"rotation": {"angle": 0, "axis": "y", "origin": [7, 26.875, 9.36364]},
			"faces": {
				"north": {"uv": [0, 0, 1, 1], "texture": "#1"},
				"east": {"uv": [0, 0, 1, 1], "texture": "#1"},
				"south": {"uv": [0, 0, 1, 1], "texture": "#1"},
				"west": {"uv": [0, 0, 1, 1], "texture": "#1"},
				"up": {"uv": [0, 0, 1, 1], "texture": "#1"},
				"down": {"uv": [0, 0, 1, 1], "texture": "#1"}
			}
		},
		{
			"from": [-7, 4.4375, -15.63636],
			"to": [-6, 8.4375, 24.36364],
			"rotation": {"angle": 0, "axis": "y", "origin": [8, 26.9375, 9.36364]},
			"faces": {
				"north": {"uv": [0, 0, 1, 1], "texture": "#1"},
				"east": {"uv": [0, 0, 1, 1], "texture": "#1"},
				"south": {"uv": [0, 0, 1, 1], "texture": "#1"},
				"west": {"uv": [0, 0, 1, 1], "texture": "#1"},
				"up": {"uv": [0, 0, 1, 1], "texture": "#1"},
				"down": {"uv": [0, 0, 1, 1], "texture": "#1"}
			}
		},
		{
			"from": [16, 27.4375, -15.63636],
			"to": [21, 28.4375, 24.36364],
			"rotation": {"angle": 0, "axis": "y", "origin": [8, 43, 9.36364]},
			"faces": {
				"north": {"uv": [0, 0, 1, 1], "texture": "#1"},
				"east": {"uv": [0, 0, 1, 1], "texture": "#1"},
				"south": {"uv": [0, 0, 1, 1], "texture": "#1"},
				"west": {"uv": [0, 0, 1, 1], "texture": "#1"},
				"up": {"uv": [0, 0, 1, 1], "texture": "#1"},
				"down": {"uv": [0, 0, 1, 1], "texture": "#1"}
			}
		},
		{
			"from": [23, -3.5625, -15.63636],
			"to": [24, 4.4375, 24.36364],
			"rotation": {"angle": 0, "axis": "y", "origin": [7, 26.9375, 9.36364]},
			"faces": {
				"north": {"uv": [0, 0, 1, 1], "texture": "#1"},
				"east": {"uv": [0, 0, 1, 1], "texture": "#1"},
				"south": {"uv": [0, 0, 1, 1], "texture": "#1"},
				"west": {"uv": [0, 0, 1, 1], "texture": "#1"},
				"up": {"uv": [0, 0, 1, 1], "texture": "#1"},
				"down": {"uv": [0, 0, 1, 1], "texture": "#1"}
			}
		},
		{
			"from": [22, 14.4375, -15.63636],
			"to": [23, 22.4375, 24.36364],
			"rotation": {"angle": 0, "axis": "y", "origin": [7, 49.9375, 9.36364]},
			"faces": {
				"north": {"uv": [0, 0, 1, 1], "texture": "#1"},
				"east": {"uv": [0, 0, 1, 1], "texture": "#1"},
				"south": {"uv": [0, 0, 1, 1], "texture": "#1"},
				"west": {"uv": [0, 0, 1, 1], "texture": "#1"},
				"up": {"uv": [0, 0, 1, 1], "texture": "#1"},
				"down": {"uv": [0, 0, 1, 1], "texture": "#1"}
			}
		},
		{
			"from": [-7, 14.4375, -15.63636],
			"to": [-6, 22.4375, 24.36364],
			"rotation": {"angle": 0, "axis": "y", "origin": [7, 49.9375, 9.36364]},
			"faces": {
				"north": {"uv": [0, 0, 1, 1], "texture": "#1"},
				"east": {"uv": [0, 0, 1, 1], "texture": "#1"},
				"south": {"uv": [0, 0, 1, 1], "texture": "#1"},
				"west": {"uv": [0, 0, 1, 1], "texture": "#1"},
				"up": {"uv": [0, 0, 1, 1], "texture": "#1"},
				"down": {"uv": [0, 0, 1, 1], "texture": "#1"}
			}
		},
		{
			"from": [-8, -3.5625, -15.63636],
			"to": [-7, 4.4375, 24.36364],
			"rotation": {"angle": 0, "axis": "y", "origin": [8, 26.9375, 9.36364]},
			"faces": {
				"north": {"uv": [0, 0, 1, 1], "texture": "#1"},
				"east": {"uv": [0, 0, 1, 1], "texture": "#1"},
				"south": {"uv": [0, 0, 1, 1], "texture": "#1"},
				"west": {"uv": [0, 0, 1, 1], "texture": "#1"},
				"up": {"uv": [0, 0, 1, 1], "texture": "#1"},
				"down": {"uv": [0, 0, 1, 1], "texture": "#1"}
			}
		},
		{
			"from": [-5, 27.4375, -15.63636],
			"to": [0, 28.4375, 24.36364],
			"rotation": {"angle": 0, "axis": "y", "origin": [8, 43, 9.36364]},
			"faces": {
				"north": {"uv": [0, 0, 1, 1], "texture": "#1"},
				"east": {"uv": [0, 0, 1, 1], "texture": "#1"},
				"south": {"uv": [0, 0, 1, 1], "texture": "#1"},
				"west": {"uv": [0, 0, 1, 1], "texture": "#1"},
				"up": {"uv": [0, 0, 1, 1], "texture": "#1"},
				"down": {"uv": [0, 0, 1, 1], "texture": "#1"}
			}
		},
		{
			"from": [16, 25.4375, -14.63636],
			"to": [21, 27.4375, -12.63636],
			"rotation": {"angle": 0, "axis": "y", "origin": [7, 60.9375, 9.36364]},
			"faces": {
				"north": {"uv": [0, 0, 1, 1], "texture": "#1"},
				"east": {"uv": [0, 0, 1, 1], "texture": "#1"},
				"south": {"uv": [0, 0, 1, 1], "texture": "#1"},
				"west": {"uv": [0, 0, 1, 1], "texture": "#1"},
				"up": {"uv": [0, 0, 1, 1], "texture": "#1"},
				"down": {"uv": [0, 0, 1, 1], "texture": "#1"}
			}
		},
		{
			"from": [-5, 25.4375, -14.63636],
			"to": [0, 27.4375, -12.63636],
			"rotation": {"angle": 0, "axis": "y", "origin": [7, 60.9375, 9.36364]},
			"faces": {
				"north": {"uv": [0, 0, 1, 1], "texture": "#1"},
				"east": {"uv": [0, 0, 1, 1], "texture": "#1"},
				"south": {"uv": [0, 0, 1, 1], "texture": "#1"},
				"west": {"uv": [0, 0, 1, 1], "texture": "#1"},
				"up": {"uv": [0, 0, 1, 1], "texture": "#1"},
				"down": {"uv": [0, 0, 1, 1], "texture": "#1"}
			}
		},
		{
			"from": [0, 26.4375, -14.63636],
			"to": [16, 28.4375, -12.63636],
			"rotation": {"angle": 0, "axis": "y", "origin": [7, 61.9375, 9.36364]},
			"faces": {
				"north": {"uv": [0, 0, 1, 1], "texture": "#1"},
				"east": {"uv": [0, 0, 1, 1], "texture": "#1"},
				"south": {"uv": [0, 0, 1, 1], "texture": "#1"},
				"west": {"uv": [0, 0, 1, 1], "texture": "#1"},
				"up": {"uv": [0, 0, 1, 1], "texture": "#1"},
				"down": {"uv": [0, 0, 1, 1], "texture": "#1"}
			}
		},
		{
			"from": [-7, 22.4375, -14.63636],
			"to": [-5, 26.4375, -12.63636],
			"rotation": {"angle": 0, "axis": "y", "origin": [7, 57.9375, 9.36364]},
			"faces": {
				"north": {"uv": [0, 0, 1, 1], "texture": "#1"},
				"east": {"uv": [0, 0, 1, 1], "texture": "#1"},
				"south": {"uv": [0, 0, 1, 1], "texture": "#1"},
				"west": {"uv": [0, 0, 1, 1], "texture": "#1"},
				"up": {"uv": [0, 0, 1, 1], "texture": "#1"},
				"down": {"uv": [0, 0, 1, 1], "texture": "#1"}
			}
		},
		{
			"from": [21, 22.4375, -14.63636],
			"to": [23, 26.4375, -12.63636],
			"rotation": {"angle": 0, "axis": "y", "origin": [7, 57.9375, 9.36364]},
			"faces": {
				"north": {"uv": [0, 0, 1, 1], "texture": "#1"},
				"east": {"uv": [0, 0, 1, 1], "texture": "#1"},
				"south": {"uv": [0, 0, 1, 1], "texture": "#1"},
				"west": {"uv": [0, 0, 1, 1], "texture": "#1"},
				"up": {"uv": [0, 0, 1, 1], "texture": "#1"},
				"down": {"uv": [0, 0, 1, 1], "texture": "#1"}
			}
		},
		{
			"from": [20, 14.4375, -14.63636],
			"to": [22, 22.4375, -12.63636],
			"rotation": {"angle": 0, "axis": "y", "origin": [7, 49.9375, 9.36364]},
			"faces": {
				"north": {"uv": [0, 0, 1, 1], "texture": "#1"},
				"east": {"uv": [0, 0, 1, 1], "texture": "#1"},
				"south": {"uv": [0, 0, 1, 1], "texture": "#1"},
				"west": {"uv": [0, 0, 1, 1], "texture": "#1"},
				"up": {"uv": [0, 0, 1, 1], "texture": "#1"},
				"down": {"uv": [0, 0, 1, 1], "texture": "#1"}
			}
		},
		{
			"from": [-6, 14.4375, -14.63636],
			"to": [-4, 22.4375, -12.63636],
			"rotation": {"angle": 0, "axis": "y", "origin": [7, 49.9375, 9.36364]},
			"faces": {
				"north": {"uv": [0, 0, 1, 1], "texture": "#1"},
				"east": {"uv": [0, 0, 1, 1], "texture": "#1"},
				"south": {"uv": [0, 0, 1, 1], "texture": "#1"},
				"west": {"uv": [0, 0, 1, 1], "texture": "#1"},
				"up": {"uv": [0, 0, 1, 1], "texture": "#1"},
				"down": {"uv": [0, 0, 1, 1], "texture": "#1"}
			}
		},
		{
			"from": [19, 8.4375, -14.63636],
			"to": [21, 14.4375, -12.63636],
			"rotation": {"angle": 0, "axis": "y", "origin": [7, 26.9375, 9.36364]},
			"faces": {
				"north": {"uv": [0, 0, 1, 1], "texture": "#1"},
				"east": {"uv": [0, 0, 1, 1], "texture": "#1"},
				"south": {"uv": [0, 0, 1, 1], "texture": "#1"},
				"west": {"uv": [0, 0, 1, 1], "texture": "#1"},
				"up": {"uv": [0, 0, 1, 1], "texture": "#1"},
				"down": {"uv": [0, 0, 1, 1], "texture": "#1"}
			}
		},
		{
			"from": [-5, 8.4375, -14.63636],
			"to": [-3, 14.4375, -12.63636],
			"rotation": {"angle": 0, "axis": "y", "origin": [7, 26.9375, 9.36364]},
			"faces": {
				"north": {"uv": [0, 0, 1, 1], "texture": "#1"},
				"east": {"uv": [0, 0, 1, 1], "texture": "#1"},
				"south": {"uv": [0, 0, 1, 1], "texture": "#1"},
				"west": {"uv": [0, 0, 1, 1], "texture": "#1"},
				"up": {"uv": [0, 0, 1, 1], "texture": "#1"},
				"down": {"uv": [0, 0, 1, 1], "texture": "#1"}
			}
		},
		{
			"from": [20, 4.4375, -14.63636],
			"to": [22, 8.4375, -12.63636],
			"rotation": {"angle": 0, "axis": "y", "origin": [7, 26.9375, 9.36364]},
			"faces": {
				"north": {"uv": [0, 0, 1, 1], "texture": "#1"},
				"east": {"uv": [0, 0, 1, 1], "texture": "#1"},
				"south": {"uv": [0, 0, 1, 1], "texture": "#1"},
				"west": {"uv": [0, 0, 1, 1], "texture": "#1"},
				"up": {"uv": [0, 0, 1, 1], "texture": "#1"},
				"down": {"uv": [0, 0, 1, 1], "texture": "#1"}
			}
		},
		{
			"from": [-6, 4.4375, -14.63636],
			"to": [-4, 8.4375, -12.63636],
			"rotation": {"angle": 0, "axis": "y", "origin": [7, 26.9375, 9.36364]},
			"faces": {
				"north": {"uv": [0, 0, 1, 1], "texture": "#1"},
				"east": {"uv": [0, 0, 1, 1], "texture": "#1"},
				"south": {"uv": [0, 0, 1, 1], "texture": "#1"},
				"west": {"uv": [0, 0, 1, 1], "texture": "#1"},
				"up": {"uv": [0, 0, 1, 1], "texture": "#1"},
				"down": {"uv": [0, 0, 1, 1], "texture": "#1"}
			}
		},
		{
			"from": [21, -3.5625, -14.63636],
			"to": [23, 4.4375, -12.63636],
			"rotation": {"angle": 0, "axis": "y", "origin": [7, 26.9375, 9.36364]},
			"faces": {
				"north": {"uv": [0, 0, 1, 1], "texture": "#1"},
				"east": {"uv": [0, 0, 1, 1], "texture": "#1"},
				"south": {"uv": [0, 0, 1, 1], "texture": "#1"},
				"west": {"uv": [0, 0, 1, 1], "texture": "#1"},
				"up": {"uv": [0, 0, 1, 1], "texture": "#1"},
				"down": {"uv": [0, 0, 1, 1], "texture": "#1"}
			}
		},
		{
			"from": [-7, -3.5625, -14.63636],
			"to": [-5, 4.4375, -12.63636],
			"rotation": {"angle": 0, "axis": "y", "origin": [7, 26.9375, 9.36364]},
			"faces": {
				"north": {"uv": [0, 0, 1, 1], "texture": "#1"},
				"east": {"uv": [0, 0, 1, 1], "texture": "#1"},
				"south": {"uv": [0, 0, 1, 1], "texture": "#1"},
				"west": {"uv": [0, 0, 1, 1], "texture": "#1"},
				"up": {"uv": [0, 0, 1, 1], "texture": "#1"},
				"down": {"uv": [0, 0, 1, 1], "texture": "#1"}
			}
		},
		{
			"from": [16, 28.4375, 2.36364],
			"to": [21, 29.4375, 4.36364],
			"rotation": {"angle": 0, "axis": "y", "origin": [7, 43.9375, 9.36364]},
			"faces": {
				"north": {"uv": [0, 2, 2, 3], "texture": "#2"},
				"east": {"uv": [0, 2, 2, 3], "texture": "#2"},
				"south": {"uv": [0, 2, 2, 3], "texture": "#2"},
				"west": {"uv": [0, 2, 2, 3], "texture": "#2"},
				"up": {"uv": [0, 2, 2, 3], "texture": "#2"},
				"down": {"uv": [0, 2, 2, 3], "texture": "#2"}
			}
		},
		{
			"from": [0, 29.4375, 2.36364],
			"to": [16, 30.4375, 4.36364],
			"rotation": {"angle": 0, "axis": "y", "origin": [7, 54.9375, 9.36364]},
			"faces": {
				"north": {"uv": [0, 2, 2, 3], "texture": "#2"},
				"east": {"uv": [0, 2, 2, 3], "texture": "#2"},
				"south": {"uv": [0, 2, 2, 3], "texture": "#2"},
				"west": {"uv": [0, 2, 2, 3], "texture": "#2"},
				"up": {"uv": [0, 2, 2, 3], "texture": "#2"},
				"down": {"uv": [0, 2, 2, 3], "texture": "#2"}
			}
		},
		{
			"from": [21, 27.4375, 2.36364],
			"to": [23, 28.4375, 4.36364],
			"rotation": {"angle": 0, "axis": "y", "origin": [7, 42.9375, 9.36364]},
			"faces": {
				"north": {"uv": [0, 2, 2, 3], "texture": "#2"},
				"east": {"uv": [0, 2, 2, 3], "texture": "#2"},
				"south": {"uv": [0, 2, 2, 3], "texture": "#2"},
				"west": {"uv": [0, 2, 2, 3], "texture": "#2"},
				"up": {"uv": [0, 2, 2, 3], "texture": "#2"},
				"down": {"uv": [0, 2, 2, 3], "texture": "#2"}
			}
		},
		{
			"from": [23, 26.4375, 2.36364],
			"to": [24, 27.4375, 4.36364],
			"rotation": {"angle": 0, "axis": "y", "origin": [7, 61.9375, 9.36364]},
			"faces": {
				"north": {"uv": [0, 2, 2, 3], "texture": "#2"},
				"east": {"uv": [0, 2, 2, 3], "texture": "#2"},
				"south": {"uv": [0, 2, 2, 3], "texture": "#2"},
				"west": {"uv": [0, 2, 2, 3], "texture": "#2"},
				"up": {"uv": [0, 2, 2, 3], "texture": "#2"},
				"down": {"uv": [0, 2, 2, 3], "texture": "#2"}
			}
		},
		{
			"from": [24, 22.4375, 2.36364],
			"to": [25, 26.4375, 4.36364],
			"rotation": {"angle": 0, "axis": "y", "origin": [7, 57.9375, 9.36364]},
			"faces": {
				"north": {"uv": [0, 2, 2, 6], "texture": "#2"},
				"east": {"uv": [0, 2, 2, 6], "texture": "#2"},
				"south": {"uv": [0, 2, 2, 6], "texture": "#2"},
				"west": {"uv": [0, 2, 2, 6], "texture": "#2"},
				"up": {"uv": [0, 2, 2, 6], "texture": "#2"},
				"down": {"uv": [0, 2, 2, 6], "texture": "#2"}
			}
		},
		{
			"from": [23, 14.4375, 2.36364],
			"to": [24, 22.4375, 4.36364],
			"rotation": {"angle": 0, "axis": "y", "origin": [7, 49.9375, 9.36364]},
			"faces": {
				"north": {"uv": [0, 2, 2, 10], "texture": "#2"},
				"east": {"uv": [0, 2, 2, 10], "texture": "#2"},
				"south": {"uv": [0, 2, 2, 10], "texture": "#2"},
				"west": {"uv": [0, 2, 2, 10], "texture": "#2"},
				"up": {"uv": [0, 2, 2, 10], "texture": "#2"},
				"down": {"uv": [0, 2, 2, 10], "texture": "#2"}
			}
		},
		{
			"from": [22, 8.4375, 2.36364],
			"to": [23, 14.4375, 4.36364],
			"rotation": {"angle": 0, "axis": "y", "origin": [7, 26.9375, 9.36364]},
			"faces": {
				"north": {"uv": [0, 2, 2, 8], "texture": "#2"},
				"east": {"uv": [0, 2, 2, 8], "texture": "#2"},
				"south": {"uv": [0, 2, 2, 8], "texture": "#2"},
				"west": {"uv": [0, 2, 2, 8], "texture": "#2"},
				"up": {"uv": [0, 2, 2, 8], "texture": "#2"},
				"down": {"uv": [0, 2, 2, 8], "texture": "#2"}
			}
		},
		{
			"from": [23, 4.4375, 2.36364],
			"to": [24, 8.4375, 4.36364],
			"rotation": {"angle": 0, "axis": "y", "origin": [7, 26.9375, 9.36364]},
			"faces": {
				"north": {"uv": [0, 2, 2, 6], "texture": "#2"},
				"east": {"uv": [0, 2, 2, 6], "texture": "#2"},
				"south": {"uv": [0, 2, 2, 6], "texture": "#2"},
				"west": {"uv": [0, 2, 2, 6], "texture": "#2"},
				"up": {"uv": [0, 2, 2, 6], "texture": "#2"},
				"down": {"uv": [0, 2, 2, 6], "texture": "#2"}
			}
		},
		{
			"from": [24, -3.5625, 2.36364],
			"to": [25, 4.4375, 4.36364],
			"rotation": {"angle": 0, "axis": "y", "origin": [7, 26.9375, 9.36364]},
			"faces": {
				"north": {"uv": [0, 2, 2, 10], "texture": "#2"},
				"east": {"uv": [0, 2, 2, 10], "texture": "#2"},
				"south": {"uv": [0, 2, 2, 10], "texture": "#2"},
				"west": {"uv": [0, 2, 2, 10], "texture": "#2"},
				"up": {"uv": [0, 2, 2, 10], "texture": "#2"},
				"down": {"uv": [0, 2, 2, 10], "texture": "#2"}
			}
		},
		{
			"from": [-5, 28.4375, 2.36364],
			"to": [0, 29.4375, 4.36364],
			"rotation": {"angle": 0, "axis": "y", "origin": [7, 43.9375, 9.36364]},
			"faces": {
				"north": {"uv": [0, 2, 2, 3], "texture": "#2"},
				"east": {"uv": [0, 2, 2, 3], "texture": "#2"},
				"south": {"uv": [0, 2, 2, 3], "texture": "#2"},
				"west": {"uv": [0, 2, 2, 3], "texture": "#2"},
				"up": {"uv": [0, 2, 2, 3], "texture": "#2"},
				"down": {"uv": [0, 2, 2, 3], "texture": "#2"}
			}
		},
		{
			"from": [-7, 27.4375, 2.36364],
			"to": [-5, 28.4375, 4.36364],
			"rotation": {"angle": 0, "axis": "y", "origin": [7, 42.9375, 9.36364]},
			"faces": {
				"north": {"uv": [0, 2, 2, 3], "texture": "#2"},
				"east": {"uv": [0, 2, 2, 3], "texture": "#2"},
				"south": {"uv": [0, 2, 2, 3], "texture": "#2"},
				"west": {"uv": [0, 2, 2, 3], "texture": "#2"},
				"up": {"uv": [0, 2, 2, 3], "texture": "#2"},
				"down": {"uv": [0, 2, 2, 3], "texture": "#2"}
			}
		},
		{
			"from": [-8, 26.4375, 2.36364],
			"to": [-7, 27.4375, 4.36364],
			"rotation": {"angle": 0, "axis": "y", "origin": [7, 61.9375, 9.36364]},
			"faces": {
				"north": {"uv": [0, 2, 2, 3], "texture": "#2"},
				"east": {"uv": [0, 2, 2, 3], "texture": "#2"},
				"south": {"uv": [0, 2, 2, 3], "texture": "#2"},
				"west": {"uv": [0, 2, 2, 3], "texture": "#2"},
				"up": {"uv": [0, 2, 2, 3], "texture": "#2"},
				"down": {"uv": [0, 2, 2, 3], "texture": "#2"}
			}
		},
		{
			"from": [-9, 22.4375, 2.36364],
			"to": [-8, 26.4375, 4.36364],
			"rotation": {"angle": 0, "axis": "y", "origin": [7, 57.9375, 9.36364]},
			"faces": {
				"north": {"uv": [0, 2, 2, 6], "texture": "#2"},
				"east": {"uv": [0, 2, 2, 6], "texture": "#2"},
				"south": {"uv": [0, 2, 2, 6], "texture": "#2"},
				"west": {"uv": [0, 2, 2, 6], "texture": "#2"},
				"up": {"uv": [0, 2, 2, 6], "texture": "#2"},
				"down": {"uv": [0, 2, 2, 6], "texture": "#2"}
			}
		},
		{
			"from": [-8, 14.4375, 2.36364],
			"to": [-7, 22.4375, 4.36364],
			"rotation": {"angle": 0, "axis": "y", "origin": [7, 49.9375, 9.36364]},
			"faces": {
				"north": {"uv": [0, 2, 2, 10], "texture": "#2"},
				"east": {"uv": [0, 2, 2, 10], "texture": "#2"},
				"south": {"uv": [0, 2, 2, 10], "texture": "#2"},
				"west": {"uv": [0, 2, 2, 10], "texture": "#2"},
				"up": {"uv": [0, 2, 2, 10], "texture": "#2"},
				"down": {"uv": [0, 2, 2, 10], "texture": "#2"}
			}
		},
		{
			"from": [-7, 8.4375, 2.36364],
			"to": [-6, 14.4375, 4.36364],
			"rotation": {"angle": 0, "axis": "y", "origin": [7, 26.9375, 9.36364]},
			"faces": {
				"north": {"uv": [0, 2, 2, 8], "texture": "#2"},
				"east": {"uv": [0, 2, 2, 8], "texture": "#2"},
				"south": {"uv": [0, 2, 2, 8], "texture": "#2"},
				"west": {"uv": [0, 2, 2, 8], "texture": "#2"},
				"up": {"uv": [0, 2, 2, 8], "texture": "#2"},
				"down": {"uv": [0, 2, 2, 8], "texture": "#2"}
			}
		},
		{
			"from": [-8, 4.4375, 2.36364],
			"to": [-7, 8.4375, 4.36364],
			"rotation": {"angle": 0, "axis": "y", "origin": [7, 26.9375, 9.36364]},
			"faces": {
				"north": {"uv": [0, 2, 2, 6], "texture": "#2"},
				"east": {"uv": [0, 2, 2, 6], "texture": "#2"},
				"south": {"uv": [0, 2, 2, 6], "texture": "#2"},
				"west": {"uv": [0, 2, 2, 6], "texture": "#2"},
				"up": {"uv": [0, 2, 2, 6], "texture": "#2"},
				"down": {"uv": [0, 2, 2, 6], "texture": "#2"}
			}
		},
		{
			"from": [-9, -3.5625, 2.36364],
			"to": [-8, 4.4375, 4.36364],
			"rotation": {"angle": 0, "axis": "y", "origin": [7, 26.9375, 9.36364]},
			"faces": {
				"north": {"uv": [0, 2, 2, 10], "texture": "#2"},
				"east": {"uv": [0, 2, 2, 10], "texture": "#2"},
				"south": {"uv": [0, 2, 2, 10], "texture": "#2"},
				"west": {"uv": [0, 2, 2, 10], "texture": "#2"},
				"up": {"uv": [0, 2, 2, 10], "texture": "#2"},
				"down": {"uv": [0, 2, 2, 10], "texture": "#2"}
			}
		},
		{
			"from": [16, 28.4375, 22.36364],
			"to": [21, 29.4375, 24.36364],
			"rotation": {"angle": 0, "axis": "y", "origin": [7, 43.9375, 9.36364]},
			"faces": {
				"north": {"uv": [0, 2, 2, 3], "texture": "#2"},
				"east": {"uv": [0, 2, 2, 3], "texture": "#2"},
				"south": {"uv": [0, 2, 2, 3], "texture": "#2"},
				"west": {"uv": [0, 2, 2, 3], "texture": "#2"},
				"up": {"uv": [0, 2, 2, 3], "texture": "#2"},
				"down": {"uv": [0, 2, 2, 3], "texture": "#2"}
			}
		},
		{
			"from": [0, 29.4375, 22.36364],
			"to": [16, 30.4375, 24.36364],
			"rotation": {"angle": 0, "axis": "y", "origin": [7, 54.9375, 9.36364]},
			"faces": {
				"north": {"uv": [0, 2, 2, 3], "texture": "#2"},
				"east": {"uv": [0, 2, 2, 3], "texture": "#2"},
				"south": {"uv": [0, 2, 2, 3], "texture": "#2"},
				"west": {"uv": [0, 2, 2, 3], "texture": "#2"},
				"up": {"uv": [0, 2, 2, 3], "texture": "#2"},
				"down": {"uv": [0, 2, 2, 3], "texture": "#2"}
			}
		},
		{
			"from": [21, 27.4375, 22.36364],
			"to": [23, 28.4375, 24.36364],
			"rotation": {"angle": 0, "axis": "y", "origin": [7, 42.9375, 9.36364]},
			"faces": {
				"north": {"uv": [0, 2, 2, 3], "texture": "#2"},
				"east": {"uv": [0, 2, 2, 3], "texture": "#2"},
				"south": {"uv": [0, 2, 2, 3], "texture": "#2"},
				"west": {"uv": [0, 2, 2, 3], "texture": "#2"},
				"up": {"uv": [0, 2, 2, 3], "texture": "#2"},
				"down": {"uv": [0, 2, 2, 3], "texture": "#2"}
			}
		},
		{
			"from": [23, 26.4375, 22.36364],
			"to": [24, 27.4375, 24.36364],
			"rotation": {"angle": 0, "axis": "y", "origin": [7, 61.9375, 9.36364]},
			"faces": {
				"north": {"uv": [0, 2, 2, 3], "texture": "#2"},
				"east": {"uv": [0, 2, 2, 3], "texture": "#2"},
				"south": {"uv": [0, 2, 2, 3], "texture": "#2"},
				"west": {"uv": [0, 2, 2, 3], "texture": "#2"},
				"up": {"uv": [0, 2, 2, 3], "texture": "#2"},
				"down": {"uv": [0, 2, 2, 3], "texture": "#2"}
			}
		},
		{
			"from": [24, 22.4375, 22.36364],
			"to": [25, 26.4375, 24.36364],
			"rotation": {"angle": 0, "axis": "y", "origin": [7, 57.9375, 9.36364]},
			"faces": {
				"north": {"uv": [0, 2, 2, 6], "texture": "#2"},
				"east": {"uv": [0, 2, 2, 6], "texture": "#2"},
				"south": {"uv": [0, 2, 2, 6], "texture": "#2"},
				"west": {"uv": [0, 2, 2, 6], "texture": "#2"},
				"up": {"uv": [0, 2, 2, 6], "texture": "#2"},
				"down": {"uv": [0, 2, 2, 6], "texture": "#2"}
			}
		},
		{
			"from": [23, 14.4375, 22.36364],
			"to": [24, 22.4375, 24.36364],
			"rotation": {"angle": 0, "axis": "y", "origin": [7, 49.9375, 9.36364]},
			"faces": {
				"north": {"uv": [0, 2, 2, 10], "texture": "#2"},
				"east": {"uv": [0, 2, 2, 10], "texture": "#2"},
				"south": {"uv": [0, 2, 2, 10], "texture": "#2"},
				"west": {"uv": [0, 2, 2, 10], "texture": "#2"},
				"up": {"uv": [0, 2, 2, 10], "texture": "#2"},
				"down": {"uv": [0, 2, 2, 10], "texture": "#2"}
			}
		},
		{
			"from": [22, 8.4375, 22.36364],
			"to": [23, 14.4375, 24.36364],
			"rotation": {"angle": 0, "axis": "y", "origin": [7, 26.9375, 9.36364]},
			"faces": {
				"north": {"uv": [0, 2, 2, 8], "texture": "#2"},
				"east": {"uv": [0, 2, 2, 8], "texture": "#2"},
				"south": {"uv": [0, 2, 2, 8], "texture": "#2"},
				"west": {"uv": [0, 2, 2, 8], "texture": "#2"},
				"up": {"uv": [0, 2, 2, 8], "texture": "#2"},
				"down": {"uv": [0, 2, 2, 8], "texture": "#2"}
			}
		},
		{
			"from": [23, 4.4375, 22.36364],
			"to": [24, 8.4375, 24.36364],
			"rotation": {"angle": 0, "axis": "y", "origin": [7, 26.9375, 9.36364]},
			"faces": {
				"north": {"uv": [0, 2, 2, 6], "texture": "#2"},
				"east": {"uv": [0, 2, 2, 6], "texture": "#2"},
				"south": {"uv": [0, 2, 2, 6], "texture": "#2"},
				"west": {"uv": [0, 2, 2, 6], "texture": "#2"},
				"up": {"uv": [0, 2, 2, 6], "texture": "#2"},
				"down": {"uv": [0, 2, 2, 6], "texture": "#2"}
			}
		},
		{
			"from": [24, -3.5625, 22.36364],
			"to": [25, 4.4375, 24.36364],
			"rotation": {"angle": 0, "axis": "y", "origin": [7, 26.9375, 9.36364]},
			"faces": {
				"north": {"uv": [0, 2, 2, 10], "texture": "#2"},
				"east": {"uv": [0, 2, 2, 10], "texture": "#2"},
				"south": {"uv": [0, 2, 2, 10], "texture": "#2"},
				"west": {"uv": [0, 2, 2, 10], "texture": "#2"},
				"up": {"uv": [0, 2, 2, 10], "texture": "#2"},
				"down": {"uv": [0, 2, 2, 10], "texture": "#2"}
			}
		},
		{
			"from": [-5, 28.4375, 22.36364],
			"to": [0, 29.4375, 24.36364],
			"rotation": {"angle": 0, "axis": "y", "origin": [7, 43.9375, 9.36364]},
			"faces": {
				"north": {"uv": [0, 2, 2, 3], "texture": "#2"},
				"east": {"uv": [0, 2, 2, 3], "texture": "#2"},
				"south": {"uv": [0, 2, 2, 3], "texture": "#2"},
				"west": {"uv": [0, 2, 2, 3], "texture": "#2"},
				"up": {"uv": [0, 2, 2, 3], "texture": "#2"},
				"down": {"uv": [0, 2, 2, 3], "texture": "#2"}
			}
		},
		{
			"from": [-7, 27.4375, 22.36364],
			"to": [-5, 28.4375, 24.36364],
			"rotation": {"angle": 0, "axis": "y", "origin": [7, 42.9375, 9.36364]},
			"faces": {
				"north": {"uv": [0, 2, 2, 3], "texture": "#2"},
				"east": {"uv": [0, 2, 2, 3], "texture": "#2"},
				"south": {"uv": [0, 2, 2, 3], "texture": "#2"},
				"west": {"uv": [0, 2, 2, 3], "texture": "#2"},
				"up": {"uv": [0, 2, 2, 3], "texture": "#2"},
				"down": {"uv": [0, 2, 2, 3], "texture": "#2"}
			}
		},
		{
			"from": [-8, 26.4375, 22.36364],
			"to": [-7, 27.4375, 24.36364],
			"rotation": {"angle": 0, "axis": "y", "origin": [7, 61.9375, 9.36364]},
			"faces": {
				"north": {"uv": [0, 2, 2, 3], "texture": "#2"},
				"east": {"uv": [0, 2, 2, 3], "texture": "#2"},
				"south": {"uv": [0, 2, 2, 3], "texture": "#2"},
				"west": {"uv": [0, 2, 2, 3], "texture": "#2"},
				"up": {"uv": [0, 2, 2, 3], "texture": "#2"},
				"down": {"uv": [0, 2, 2, 3], "texture": "#2"}
			}
		},
		{
			"from": [-9, 22.4375, 22.36364],
			"to": [-8, 26.4375, 24.36364],
			"rotation": {"angle": 0, "axis": "y", "origin": [7, 57.9375, 9.36364]},
			"faces": {
				"north": {"uv": [0, 2, 2, 6], "texture": "#2"},
				"east": {"uv": [0, 2, 2, 6], "texture": "#2"},
				"south": {"uv": [0, 2, 2, 6], "texture": "#2"},
				"west": {"uv": [0, 2, 2, 6], "texture": "#2"},
				"up": {"uv": [0, 2, 2, 6], "texture": "#2"},
				"down": {"uv": [0, 2, 2, 6], "texture": "#2"}
			}
		},
		{
			"from": [-8, 14.4375, 22.36364],
			"to": [-7, 22.4375, 24.36364],
			"rotation": {"angle": 0, "axis": "y", "origin": [7, 49.9375, 9.36364]},
			"faces": {
				"north": {"uv": [0, 2, 2, 10], "texture": "#2"},
				"east": {"uv": [0, 2, 2, 10], "texture": "#2"},
				"south": {"uv": [0, 2, 2, 10], "texture": "#2"},
				"west": {"uv": [0, 2, 2, 10], "texture": "#2"},
				"up": {"uv": [0, 2, 2, 10], "texture": "#2"},
				"down": {"uv": [0, 2, 2, 10], "texture": "#2"}
			}
		},
		{
			"from": [-7, 8.4375, 22.36364],
			"to": [-6, 14.4375, 24.36364],
			"rotation": {"angle": 0, "axis": "y", "origin": [7, 26.9375, 9.36364]},
			"faces": {
				"north": {"uv": [0, 2, 2, 8], "texture": "#2"},
				"east": {"uv": [0, 2, 2, 8], "texture": "#2"},
				"south": {"uv": [0, 2, 2, 8], "texture": "#2"},
				"west": {"uv": [0, 2, 2, 8], "texture": "#2"},
				"up": {"uv": [0, 2, 2, 8], "texture": "#2"},
				"down": {"uv": [0, 2, 2, 8], "texture": "#2"}
			}
		},
		{
			"from": [-8, 4.4375, 22.36364],
			"to": [-7, 8.4375, 24.36364],
			"rotation": {"angle": 0, "axis": "y", "origin": [7, 26.9375, 9.36364]},
			"faces": {
				"north": {"uv": [0, 2, 2, 6], "texture": "#2"},
				"east": {"uv": [0, 2, 2, 6], "texture": "#2"},
				"south": {"uv": [0, 2, 2, 6], "texture": "#2"},
				"west": {"uv": [0, 2, 2, 6], "texture": "#2"},
				"up": {"uv": [0, 2, 2, 6], "texture": "#2"},
				"down": {"uv": [0, 2, 2, 6], "texture": "#2"}
			}
		},
		{
			"from": [-9, -3.5625, 22.36364],
			"to": [-8, 4.4375, 24.36364],
			"rotation": {"angle": 0, "axis": "y", "origin": [7, 26.9375, 9.36364]},
			"faces": {
				"north": {"uv": [0, 2, 2, 10], "texture": "#2"},
				"east": {"uv": [0, 2, 2, 10], "texture": "#2"},
				"south": {"uv": [0, 2, 2, 10], "texture": "#2"},
				"west": {"uv": [0, 2, 2, 10], "texture": "#2"},
				"up": {"uv": [0, 2, 2, 10], "texture": "#2"},
				"down": {"uv": [0, 2, 2, 10], "texture": "#2"}
			}
		},
		{
			"from": [16, 28.4375, -15.63636],
			"to": [21, 29.4375, -13.63636],
			"rotation": {"angle": 0, "axis": "y", "origin": [7, 43.9375, 9.36364]},
			"faces": {
				"north": {"uv": [0, 2, 2, 3], "texture": "#2"},
				"east": {"uv": [0, 2, 2, 3], "texture": "#2"},
				"south": {"uv": [0, 2, 2, 3], "texture": "#2"},
				"west": {"uv": [0, 2, 2, 3], "texture": "#2"},
				"up": {"uv": [0, 2, 2, 3], "texture": "#2"},
				"down": {"uv": [0, 2, 2, 3], "texture": "#2"}
			}
		},
		{
			"from": [0, 29.4375, -15.63636],
			"to": [16, 30.4375, -13.63636],
			"rotation": {"angle": 0, "axis": "y", "origin": [7, 54.9375, 9.36364]},
			"faces": {
				"north": {"uv": [0, 2, 2, 3], "texture": "#2"},
				"east": {"uv": [0, 2, 2, 3], "texture": "#2"},
				"south": {"uv": [0, 2, 2, 3], "texture": "#2"},
				"west": {"uv": [0, 2, 2, 3], "texture": "#2"},
				"up": {"uv": [0, 2, 2, 3], "texture": "#2"},
				"down": {"uv": [0, 2, 2, 3], "texture": "#2"}
			}
		},
		{
			"from": [21, 27.4375, -15.63636],
			"to": [23, 28.4375, -13.63636],
			"rotation": {"angle": 0, "axis": "y", "origin": [7, 42.9375, 9.36364]},
			"faces": {
				"north": {"uv": [0, 2, 2, 3], "texture": "#2"},
				"east": {"uv": [0, 2, 2, 3], "texture": "#2"},
				"south": {"uv": [0, 2, 2, 3], "texture": "#2"},
				"west": {"uv": [0, 2, 2, 3], "texture": "#2"},
				"up": {"uv": [0, 2, 2, 3], "texture": "#2"},
				"down": {"uv": [0, 2, 2, 3], "texture": "#2"}
			}
		},
		{
			"from": [23, 26.4375, -15.63636],
			"to": [24, 27.4375, -13.63636],
			"rotation": {"angle": 0, "axis": "y", "origin": [7, 61.9375, 9.36364]},
			"faces": {
				"north": {"uv": [0, 2, 2, 3], "texture": "#2"},
				"east": {"uv": [0, 2, 2, 3], "texture": "#2"},
				"south": {"uv": [0, 2, 2, 3], "texture": "#2"},
				"west": {"uv": [0, 2, 2, 3], "texture": "#2"},
				"up": {"uv": [0, 2, 2, 3], "texture": "#2"},
				"down": {"uv": [0, 2, 2, 3], "texture": "#2"}
			}
		},
		{
			"from": [24, 22.4375, -15.63636],
			"to": [25, 26.4375, -13.63636],
			"rotation": {"angle": 0, "axis": "y", "origin": [7, 57.9375, 9.36364]},
			"faces": {
				"north": {"uv": [0, 2, 2, 6], "texture": "#2"},
				"east": {"uv": [0, 2, 2, 6], "texture": "#2"},
				"south": {"uv": [0, 2, 2, 6], "texture": "#2"},
				"west": {"uv": [0, 2, 2, 6], "texture": "#2"},
				"up": {"uv": [0, 2, 2, 6], "texture": "#2"},
				"down": {"uv": [0, 2, 2, 6], "texture": "#2"}
			}
		},
		{
			"from": [23, 14.4375, -15.63636],
			"to": [24, 22.4375, -13.63636],
			"rotation": {"angle": 0, "axis": "y", "origin": [7, 49.9375, 9.36364]},
			"faces": {
				"north": {"uv": [0, 2, 2, 10], "texture": "#2"},
				"east": {"uv": [0, 2, 2, 10], "texture": "#2"},
				"south": {"uv": [0, 2, 2, 10], "texture": "#2"},
				"west": {"uv": [0, 2, 2, 10], "texture": "#2"},
				"up": {"uv": [0, 2, 2, 10], "texture": "#2"},
				"down": {"uv": [0, 2, 2, 10], "texture": "#2"}
			}
		},
		{
			"from": [22, 8.4375, -15.63636],
			"to": [23, 14.4375, -13.63636],
			"rotation": {"angle": 0, "axis": "y", "origin": [7, 26.9375, 9.36364]},
			"faces": {
				"north": {"uv": [0, 2, 2, 8], "texture": "#2"},
				"east": {"uv": [0, 2, 2, 8], "texture": "#2"},
				"south": {"uv": [0, 2, 2, 8], "texture": "#2"},
				"west": {"uv": [0, 2, 2, 8], "texture": "#2"},
				"up": {"uv": [0, 2, 2, 8], "texture": "#2"},
				"down": {"uv": [0, 2, 2, 8], "texture": "#2"}
			}
		},
		{
			"from": [23, 4.4375, -15.63636],
			"to": [24, 8.4375, -13.63636],
			"rotation": {"angle": 0, "axis": "y", "origin": [7, 26.9375, 9.36364]},
			"faces": {
				"north": {"uv": [0, 2, 2, 6], "texture": "#2"},
				"east": {"uv": [0, 2, 2, 6], "texture": "#2"},
				"south": {"uv": [0, 2, 2, 6], "texture": "#2"},
				"west": {"uv": [0, 2, 2, 6], "texture": "#2"},
				"up": {"uv": [0, 2, 2, 6], "texture": "#2"},
				"down": {"uv": [0, 2, 2, 6], "texture": "#2"}
			}
		},
		{
			"from": [24, -3.5625, -15.63636],
			"to": [25, 4.4375, -13.63636],
			"rotation": {"angle": 0, "axis": "y", "origin": [7, 26.9375, 9.36364]},
			"faces": {
				"north": {"uv": [0, 2, 2, 10], "texture": "#2"},
				"east": {"uv": [0, 2, 2, 10], "texture": "#2"},
				"south": {"uv": [0, 2, 2, 10], "texture": "#2"},
				"west": {"uv": [0, 2, 2, 10], "texture": "#2"},
				"up": {"uv": [0, 2, 2, 10], "texture": "#2"},
				"down": {"uv": [0, 2, 2, 10], "texture": "#2"}
			}
		},
		{
			"from": [-5, 28.4375, -15.63636],
			"to": [0, 29.4375, -13.63636],
			"rotation": {"angle": 0, "axis": "y", "origin": [7, 43.9375, 9.36364]},
			"faces": {
				"north": {"uv": [0, 2, 2, 3], "texture": "#2"},
				"east": {"uv": [0, 2, 2, 3], "texture": "#2"},
				"south": {"uv": [0, 2, 2, 3], "texture": "#2"},
				"west": {"uv": [0, 2, 2, 3], "texture": "#2"},
				"up": {"uv": [0, 2, 2, 3], "texture": "#2"},
				"down": {"uv": [0, 2, 2, 3], "texture": "#2"}
			}
		},
		{
			"from": [-7, 27.4375, -15.63636],
			"to": [-5, 28.4375, -13.63636],
			"rotation": {"angle": 0, "axis": "y", "origin": [7, 42.9375, 9.36364]},
			"faces": {
				"north": {"uv": [0, 2, 2, 3], "texture": "#2"},
				"east": {"uv": [0, 2, 2, 3], "texture": "#2"},
				"south": {"uv": [0, 2, 2, 3], "texture": "#2"},
				"west": {"uv": [0, 2, 2, 3], "texture": "#2"},
				"up": {"uv": [0, 2, 2, 3], "texture": "#2"},
				"down": {"uv": [0, 2, 2, 3], "texture": "#2"}
			}
		},
		{
			"from": [-8, 26.4375, -15.63636],
			"to": [-7, 27.4375, -13.63636],
			"rotation": {"angle": 0, "axis": "y", "origin": [7, 61.9375, 9.36364]},
			"faces": {
				"north": {"uv": [0, 2, 2, 3], "texture": "#2"},
				"east": {"uv": [0, 2, 2, 3], "texture": "#2"},
				"south": {"uv": [0, 2, 2, 3], "texture": "#2"},
				"west": {"uv": [0, 2, 2, 3], "texture": "#2"},
				"up": {"uv": [0, 2, 2, 3], "texture": "#2"},
				"down": {"uv": [0, 2, 2, 3], "texture": "#2"}
			}
		},
		{
			"from": [-9, 22.4375, -15.63636],
			"to": [-8, 26.4375, -13.63636],
			"rotation": {"angle": 0, "axis": "y", "origin": [7, 57.9375, 9.36364]},
			"faces": {
				"north": {"uv": [0, 2, 2, 6], "texture": "#2"},
				"east": {"uv": [0, 2, 2, 6], "texture": "#2"},
				"south": {"uv": [0, 2, 2, 6], "texture": "#2"},
				"west": {"uv": [0, 2, 2, 6], "texture": "#2"},
				"up": {"uv": [0, 2, 2, 6], "texture": "#2"},
				"down": {"uv": [0, 2, 2, 6], "texture": "#2"}
			}
		},
		{
			"from": [-8, 14.4375, -15.63636],
			"to": [-7, 22.4375, -13.63636],
			"rotation": {"angle": 0, "axis": "y", "origin": [7, 49.9375, 9.36364]},
			"faces": {
				"north": {"uv": [0, 2, 2, 10], "texture": "#2"},
				"east": {"uv": [0, 2, 2, 10], "texture": "#2"},
				"south": {"uv": [0, 2, 2, 10], "texture": "#2"},
				"west": {"uv": [0, 2, 2, 10], "texture": "#2"},
				"up": {"uv": [0, 2, 2, 10], "texture": "#2"},
				"down": {"uv": [0, 2, 2, 10], "texture": "#2"}
			}
		},
		{
			"from": [-7, 8.4375, -15.63636],
			"to": [-6, 14.4375, -13.63636],
			"rotation": {"angle": 0, "axis": "y", "origin": [7, 26.9375, 9.36364]},
			"faces": {
				"north": {"uv": [0, 2, 2, 8], "texture": "#2"},
				"east": {"uv": [0, 2, 2, 8], "texture": "#2"},
				"south": {"uv": [0, 2, 2, 8], "texture": "#2"},
				"west": {"uv": [0, 2, 2, 8], "texture": "#2"},
				"up": {"uv": [0, 2, 2, 8], "texture": "#2"},
				"down": {"uv": [0, 2, 2, 8], "texture": "#2"}
			}
		},
		{
			"from": [-8, 4.4375, -15.63636],
			"to": [-7, 8.4375, -13.63636],
			"rotation": {"angle": 0, "axis": "y", "origin": [7, 26.9375, 9.36364]},
			"faces": {
				"north": {"uv": [0, 2, 2, 6], "texture": "#2"},
				"east": {"uv": [0, 2, 2, 6], "texture": "#2"},
				"south": {"uv": [0, 2, 2, 6], "texture": "#2"},
				"west": {"uv": [0, 2, 2, 6], "texture": "#2"},
				"up": {"uv": [0, 2, 2, 6], "texture": "#2"},
				"down": {"uv": [0, 2, 2, 6], "texture": "#2"}
			}
		},
		{
			"from": [-9, -3.5625, -15.63636],
			"to": [-8, 4.4375, -13.63636],
			"rotation": {"angle": 0, "axis": "y", "origin": [7, 26.9375, 9.36364]},
			"faces": {
				"north": {"uv": [0, 2, 2, 10], "texture": "#2"},
				"east": {"uv": [0, 2, 2, 10], "texture": "#2"},
				"south": {"uv": [0, 2, 2, 10], "texture": "#2"},
				"west": {"uv": [0, 2, 2, 10], "texture": "#2"},
				"up": {"uv": [0, 2, 2, 10], "texture": "#2"},
				"down": {"uv": [0, 2, 2, 10], "texture": "#2"}
			}
		},
		{
			"from": [16, 25.4375, 21.36364],
			"to": [21, 27.4375, 23.36364],
			"rotation": {"angle": 0, "axis": "y", "origin": [7, 60.9375, 9.36364]},
			"faces": {
				"north": {"uv": [0, 0, 1, 1], "texture": "#1"},
				"east": {"uv": [0, 0, 1, 1], "texture": "#1"},
				"south": {"uv": [0, 0, 1, 1], "texture": "#1"},
				"west": {"uv": [0, 0, 1, 1], "texture": "#1"},
				"up": {"uv": [0, 0, 1, 1], "texture": "#1"},
				"down": {"uv": [0, 0, 1, 1], "texture": "#1"}
			}
		},
		{
			"from": [-5, 25.4375, 21.36364],
			"to": [0, 27.4375, 23.36364],
			"rotation": {"angle": 0, "axis": "y", "origin": [7, 60.9375, 9.36364]},
			"faces": {
				"north": {"uv": [0, 0, 1, 1], "texture": "#1"},
				"east": {"uv": [0, 0, 1, 1], "texture": "#1"},
				"south": {"uv": [0, 0, 1, 1], "texture": "#1"},
				"west": {"uv": [0, 0, 1, 1], "texture": "#1"},
				"up": {"uv": [0, 0, 1, 1], "texture": "#1"},
				"down": {"uv": [0, 0, 1, 1], "texture": "#1"}
			}
		},
		{
			"from": [0, 26.4375, 21.36364],
			"to": [16, 28.4375, 23.36364],
			"rotation": {"angle": 0, "axis": "y", "origin": [7, 61.9375, 9.36364]},
			"faces": {
				"north": {"uv": [0, 0, 1, 1], "texture": "#1"},
				"east": {"uv": [0, 0, 1, 1], "texture": "#1"},
				"south": {"uv": [0, 0, 1, 1], "texture": "#1"},
				"west": {"uv": [0, 0, 1, 1], "texture": "#1"},
				"up": {"uv": [0, 0, 1, 1], "texture": "#1"},
				"down": {"uv": [0, 0, 1, 1], "texture": "#1"}
			}
		},
		{
			"from": [-7, 22.4375, 21.36364],
			"to": [-5, 26.4375, 23.36364],
			"rotation": {"angle": 0, "axis": "y", "origin": [7, 57.9375, 9.36364]},
			"faces": {
				"north": {"uv": [0, 0, 1, 1], "texture": "#1"},
				"east": {"uv": [0, 0, 1, 1], "texture": "#1"},
				"south": {"uv": [0, 0, 1, 1], "texture": "#1"},
				"west": {"uv": [0, 0, 1, 1], "texture": "#1"},
				"up": {"uv": [0, 0, 1, 1], "texture": "#1"},
				"down": {"uv": [0, 0, 1, 1], "texture": "#1"}
			}
		},
		{
			"from": [21, 22.4375, 21.36364],
			"to": [23, 26.4375, 23.36364],
			"rotation": {"angle": 0, "axis": "y", "origin": [7, 57.9375, 9.36364]},
			"faces": {
				"north": {"uv": [0, 0, 1, 1], "texture": "#1"},
				"east": {"uv": [0, 0, 1, 1], "texture": "#1"},
				"south": {"uv": [0, 0, 1, 1], "texture": "#1"},
				"west": {"uv": [0, 0, 1, 1], "texture": "#1"},
				"up": {"uv": [0, 0, 1, 1], "texture": "#1"},
				"down": {"uv": [0, 0, 1, 1], "texture": "#1"}
			}
		},
		{
			"from": [20, 14.4375, 21.36364],
			"to": [22, 22.4375, 23.36364],
			"rotation": {"angle": 0, "axis": "y", "origin": [7, 49.9375, 9.36364]},
			"faces": {
				"north": {"uv": [0, 0, 1, 1], "texture": "#1"},
				"east": {"uv": [0, 0, 1, 1], "texture": "#1"},
				"south": {"uv": [0, 0, 1, 1], "texture": "#1"},
				"west": {"uv": [0, 0, 1, 1], "texture": "#1"},
				"up": {"uv": [0, 0, 1, 1], "texture": "#1"},
				"down": {"uv": [0, 0, 1, 1], "texture": "#1"}
			}
		},
		{
			"from": [-6, 14.4375, 21.36364],
			"to": [-4, 22.4375, 23.36364],
			"rotation": {"angle": 0, "axis": "y", "origin": [7, 49.9375, 9.36364]},
			"faces": {
				"north": {"uv": [0, 0, 1, 1], "texture": "#1"},
				"east": {"uv": [0, 0, 1, 1], "texture": "#1"},
				"south": {"uv": [0, 0, 1, 1], "texture": "#1"},
				"west": {"uv": [0, 0, 1, 1], "texture": "#1"},
				"up": {"uv": [0, 0, 1, 1], "texture": "#1"},
				"down": {"uv": [0, 0, 1, 1], "texture": "#1"}
			}
		},
		{
			"from": [19, 8.4375, 21.36364],
			"to": [21, 14.4375, 23.36364],
			"rotation": {"angle": 0, "axis": "y", "origin": [7, 26.9375, 9.36364]},
			"faces": {
				"north": {"uv": [0, 0, 1, 1], "texture": "#1"},
				"east": {"uv": [0, 0, 1, 1], "texture": "#1"},
				"south": {"uv": [0, 0, 1, 1], "texture": "#1"},
				"west": {"uv": [0, 0, 1, 1], "texture": "#1"},
				"up": {"uv": [0, 0, 1, 1], "texture": "#1"},
				"down": {"uv": [0, 0, 1, 1], "texture": "#1"}
			}
		},
		{
			"from": [-5, 8.4375, 21.36364],
			"to": [-3, 14.4375, 23.36364],
			"rotation": {"angle": 0, "axis": "y", "origin": [7, 26.9375, 9.36364]},
			"faces": {
				"north": {"uv": [0, 0, 1, 1], "texture": "#1"},
				"east": {"uv": [0, 0, 1, 1], "texture": "#1"},
				"south": {"uv": [0, 0, 1, 1], "texture": "#1"},
				"west": {"uv": [0, 0, 1, 1], "texture": "#1"},
				"up": {"uv": [0, 0, 1, 1], "texture": "#1"},
				"down": {"uv": [0, 0, 1, 1], "texture": "#1"}
			}
		},
		{
			"from": [20, 4.4375, 21.36364],
			"to": [22, 8.4375, 23.36364],
			"rotation": {"angle": 0, "axis": "y", "origin": [7, 26.9375, 9.36364]},
			"faces": {
				"north": {"uv": [0, 0, 1, 1], "texture": "#1"},
				"east": {"uv": [0, 0, 1, 1], "texture": "#1"},
				"south": {"uv": [0, 0, 1, 1], "texture": "#1"},
				"west": {"uv": [0, 0, 1, 1], "texture": "#1"},
				"up": {"uv": [0, 0, 1, 1], "texture": "#1"},
				"down": {"uv": [0, 0, 1, 1], "texture": "#1"}
			}
		},
		{
			"from": [-6, 4.4375, 21.36364],
			"to": [-4, 8.4375, 23.36364],
			"rotation": {"angle": 0, "axis": "y", "origin": [7, 26.9375, 9.36364]},
			"faces": {
				"north": {"uv": [0, 0, 1, 1], "texture": "#1"},
				"east": {"uv": [0, 0, 1, 1], "texture": "#1"},
				"south": {"uv": [0, 0, 1, 1], "texture": "#1"},
				"west": {"uv": [0, 0, 1, 1], "texture": "#1"},
				"up": {"uv": [0, 0, 1, 1], "texture": "#1"},
				"down": {"uv": [0, 0, 1, 1], "texture": "#1"}
			}
		},
		{
			"from": [21, -3.5625, 21.36364],
			"to": [23, 4.4375, 23.36364],
			"rotation": {"angle": 0, "axis": "y", "origin": [7, 26.9375, 9.36364]},
			"faces": {
				"north": {"uv": [0, 0, 1, 1], "texture": "#1"},
				"east": {"uv": [0, 0, 1, 1], "texture": "#1"},
				"south": {"uv": [0, 0, 1, 1], "texture": "#1"},
				"west": {"uv": [0, 0, 1, 1], "texture": "#1"},
				"up": {"uv": [0, 0, 1, 1], "texture": "#1"},
				"down": {"uv": [0, 0, 1, 1], "texture": "#1"}
			}
		},
		{
			"from": [-7, -3.5625, 21.36364],
			"to": [-5, 4.4375, 23.36364],
			"rotation": {"angle": 0, "axis": "y", "origin": [7, 26.9375, 9.36364]},
			"faces": {
				"north": {"uv": [0, 0, 1, 1], "texture": "#1"},
				"east": {"uv": [0, 0, 1, 1], "texture": "#1"},
				"south": {"uv": [0, 0, 1, 1], "texture": "#1"},
				"west": {"uv": [0, 0, 1, 1], "texture": "#1"},
				"up": {"uv": [0, 0, 1, 1], "texture": "#1"},
				"down": {"uv": [0, 0, 1, 1], "texture": "#1"}
			}
		}
	],
	"display": {
		"head": {
			"translation": [0, 13.85, 0],
			"scale": [1.8, 1.8, 1.8]
		}
	},
	"groups": [
		{
			"name": "group",
			"origin": [7, 9.4375, 8],
			"children": [0, 1, 2, 3, 4, 5, 6]
		},
		{
			"name": "carriage_roof",
			"origin": [8, 8, 8],
			"children": [
				{
					"name": "group",
					"origin": [8, 51.5, 33],
					"children": [7, 8, 9, 10, 11, 12, 13, 14, 15, 16, 17, 18, 19, 20, 21]
				},
				{
					"name": "group",
					"origin": [7, 51.4375, 33],
					"children": [22, 23, 24, 25, 26, 27, 28, 29, 30, 31, 32, 33, 34]
				},
				{
					"name": "group",
					"origin": [7, 51.4375, 33],
					"children": [35, 36, 37, 38, 39, 40, 41, 42, 43, 44, 45, 46, 47, 48, 49, 50, 51]
				},
				{
					"name": "group",
					"origin": [7, 51.4375, 33],
					"children": [52, 53, 54, 55, 56, 57, 58, 59, 60, 61, 62, 63, 64, 65, 66, 67, 68]
				},
				{
					"name": "group",
					"origin": [7, 51.4375, 33],
					"children": [69, 70, 71, 72, 73, 74, 75, 76, 77, 78, 79, 80, 81, 82, 83, 84, 85]
				},
				{
					"name": "group",
					"origin": [7, 51.4375, 33],
					"children": [86, 87, 88, 89, 90, 91, 92, 93, 94, 95, 96, 97, 98]
				}
			]
		}
	]
}