{
	"credit": "Made with Blockbench",
	"textures": {
		"1": "block/quartz_block_bottom",
		"2": "block/white_concrete",
		"particle": "block/oak_planks"
	},
	"elements": [
		{
			"from": [0, 16.4375, -15.63636],
			"to": [16, 17.4375, 24.36364],
			"rotation": {"angle": 0, "axis": "y", "origin": [8, 32, 9.36364]},
			"faces": {
				"north": {"uv": [0, 0, 1, 1], "texture": "#1"},
				"east": {"uv": [0, 0, 1, 1], "texture": "#1"},
				"south": {"uv": [0, 0, 1, 1], "texture": "#1"},
				"west": {"uv": [0, 0, 1, 1], "texture": "#1"},
				"up": {"uv": [0, 0, 1, 1], "texture": "#1"},
				"down": {"uv": [0, 0, 1, 1], "texture": "#1"}
			}
		},
		{
			"from": [22, -7.5625, -15.63636],
			"to": [23, -3.5625, 24.36364],
			"rotation": {"angle": 0, "axis": "y", "origin": [7, 14.9375, 9.36364]},
			"faces": {
				"north": {"uv": [0, 0, 1, 1], "texture": "#1"},
				"east": {"uv": [0, 0, 1, 1], "texture": "#1"},
				"south": {"uv": [0, 0, 1, 1], "texture": "#1"},
				"west": {"uv": [0, 0, 1, 1], "texture": "#1"},
				"up": {"uv": [0, 0, 1, 1], "texture": "#1"},
				"down": {"uv": [0, 0, 1, 1], "texture": "#1"}
			}
		},
		{
			"from": [23, 10.4375, -15.63636],
			"to": [24, 14.4375, 24.36364],
			"rotation": {"angle": 0, "axis": "y", "origin": [7, 45.9375, 9.36364]},
			"faces": {
				"north": {"uv": [0, 0, 1, 1], "texture": "#1"},
				"east": {"uv": [0, 0, 1, 1], "texture": "#1"},
				"south": {"uv": [0, 0, 1, 1], "texture": "#1"},
				"west": {"uv": [0, 0, 1, 1], "texture": "#1"},
				"up": {"uv": [0, 0, 1, 1], "texture": "#1"},
				"down": {"uv": [0, 0, 1, 1], "texture": "#1"}
			}
		},
		{
			"from": [20.9, 14.4375, -15.63636],
			"to": [23, 15.4875, 24.36364],
			"rotation": {"angle": 0, "axis": "y", "origin": [7, 50.7, 9.36364]},
			"faces": {
				"north": {"uv": [0, 0, 1, 1], "texture": "#1"},
				"east": {"uv": [0, 0, 1, 1], "texture": "#1"},
				"south": {"uv": [0, 0, 1, 1], "texture": "#1"},
				"west": {"uv": [0, 0, 1, 1], "texture": "#1"},
				"up": {"uv": [0, 0, 1, 1], "texture": "#1"},
				"down": {"uv": [0, 0, 1, 1], "texture": "#1"}
			}
		},
		{
			"from": [-7, 14.4375, -15.63636],
			"to": [-4.9, 15.4875, 24.36364],
			"rotation": {"angle": 0, "axis": "y", "origin": [-16.9, 50.7, 9.36364]},
			"faces": {
				"north": {"uv": [0, 0, 1, 1], "texture": "#1"},
				"east": {"uv": [0, 0, 1, 1], "texture": "#1"},
				"south": {"uv": [0, 0, 1, 1], "texture": "#1"},
				"west": {"uv": [0, 0, 1, 1], "texture": "#1"},
				"up": {"uv": [0, 0, 1, 1], "texture": "#1"},
				"down": {"uv": [0, 0, 1, 1], "texture": "#1"}
			}
		},
		{
			"from": [-8, 10.4375, -15.63636],
			"to": [-7, 14.4375, 24.36364],
			"rotation": {"angle": 0, "axis": "y", "origin": [7, 45.9375, 9.36364]},
			"faces": {
				"north": {"uv": [0, 0, 1, 1], "texture": "#1"},
				"east": {"uv": [0, 0, 1, 1], "texture": "#1"},
				"south": {"uv": [0, 0, 1, 1], "texture": "#1"},
				"west": {"uv": [0, 0, 1, 1], "texture": "#1"},
				"up": {"uv": [0, 0, 1, 1], "texture": "#1"},
				"down": {"uv": [0, 0, 1, 1], "texture": "#1"}
			}
		},
		{
			"from": [21, -3.5625, -15.63636],
			"to": [22, 2.4375, 24.36364],
			"rotation": {"angle": 0, "axis": "y", "origin": [7, 14.9375, 9.36364]},
			"faces": {
				"north": {"uv": [0, 0, 1, 1], "texture": "#1"},
				"east": {"uv": [0, 0, 1, 1], "texture": "#1"},
				"south": {"uv": [0, 0, 1, 1], "texture": "#1"},
				"west": {"uv": [0, 0, 1, 1], "texture": "#1"},
				"up": {"uv": [0, 0, 1, 1], "texture": "#1"},
				"down": {"uv": [0, 0, 1, 1], "texture": "#1"}
			}
		},
		{
			"from": [-6, -3.625, -15.63636],
			"to": [-5, 2.375, 24.36364],
			"rotation": {"angle": 0, "axis": "y", "origin": [7, 14.875, 9.36364]},
			"faces": {
				"north": {"uv": [0, 0, 1, 1], "texture": "#1"},
				"east": {"uv": [0, 0, 1, 1], "texture": "#1"},
				"south": {"uv": [0, 0, 1, 1], "texture": "#1"},
				"west": {"uv": [0, 0, 1, 1], "texture": "#1"},
				"up": {"uv": [0, 0, 1, 1], "texture": "#1"},
				"down": {"uv": [0, 0, 1, 1], "texture": "#1"}
			}
		},
		{
			"from": [-7, -7.5625, -15.63636],
			"to": [-6, -3.5625, 24.36364],
			"rotation": {"angle": 0, "axis": "y", "origin": [8, 14.9375, 9.36364]},
			"faces": {
				"north": {"uv": [0, 0, 1, 1], "texture": "#1"},
				"east": {"uv": [0, 0, 1, 1], "texture": "#1"},
				"south": {"uv": [0, 0, 1, 1], "texture": "#1"},
				"west": {"uv": [0, 0, 1, 1], "texture": "#1"},
				"up": {"uv": [0, 0, 1, 1], "texture": "#1"},
				"down": {"uv": [0, 0, 1, 1], "texture": "#1"}
			}
		},
		{
			"from": [16, 15.4375, -15.63636],
			"to": [21, 16.4375, 24.36364],
			"rotation": {"angle": 0, "axis": "y", "origin": [8, 31, 9.36364]},
			"faces": {
				"north": {"uv": [0, 0, 1, 1], "texture": "#1"},
				"east": {"uv": [0, 0, 1, 1], "texture": "#1"},
				"south": {"uv": [0, 0, 1, 1], "texture": "#1"},
				"west": {"uv": [0, 0, 1, 1], "texture": "#1"},
				"up": {"uv": [0, 0, 1, 1], "texture": "#1"},
				"down": {"uv": [0, 0, 1, 1], "texture": "#1"}
			}
		},
		{
			"from": [23, -15.5625, -15.63636],
			"to": [24, -7.5625, 24.36364],
			"rotation": {"angle": 0, "axis": "y", "origin": [7, 14.9375, 9.36364]},
			"faces": {
				"north": {"uv": [0, 0, 1, 1], "texture": "#1"},
				"east": {"uv": [0, 0, 1, 1], "texture": "#1"},
				"south": {"uv": [0, 0, 1, 1], "texture": "#1"},
				"west": {"uv": [0, 0, 1, 1], "texture": "#1"},
				"up": {"uv": [0, 0, 1, 1], "texture": "#1"},
				"down": {"uv": [0, 0, 1, 1], "texture": "#1"}
			}
		},
		{
			"from": [22, 2.4375, -15.63636],
			"to": [23, 10.4375, 24.36364],
			"rotation": {"angle": 0, "axis": "y", "origin": [7, 37.9375, 9.36364]},
			"faces": {
				"north": {"uv": [0, 0, 1, 1], "texture": "#1"},
				"east": {"uv": [0, 0, 1, 1], "texture": "#1"},
				"south": {"uv": [0, 0, 1, 1], "texture": "#1"},
				"west": {"uv": [0, 0, 1, 1], "texture": "#1"},
				"up": {"uv": [0, 0, 1, 1], "texture": "#1"},
				"down": {"uv": [0, 0, 1, 1], "texture": "#1"}
			}
		},
		{
			"from": [-7, 2.4375, -15.63636],
			"to": [-6, 10.4375, 24.36364],
			"rotation": {"angle": 0, "axis": "y", "origin": [7, 37.9375, 9.36364]},
			"faces": {
				"north": {"uv": [0, 0, 1, 1], "texture": "#1"},
				"east": {"uv": [0, 0, 1, 1], "texture": "#1"},
				"south": {"uv": [0, 0, 1, 1], "texture": "#1"},
				"west": {"uv": [0, 0, 1, 1], "texture": "#1"},
				"up": {"uv": [0, 0, 1, 1], "texture": "#1"},
				"down": {"uv": [0, 0, 1, 1], "texture": "#1"}
			}
		},
		{
			"from": [-8, -15.5625, -15.63636],
			"to": [-7, -7.5625, 24.36364],
			"rotation": {"angle": 0, "axis": "y", "origin": [8, 14.9375, 9.36364]},
			"faces": {
				"north": {"uv": [0, 0, 1, 1], "texture": "#1"},
				"east": {"uv": [0, 0, 1, 1], "texture": "#1"},
				"south": {"uv": [0, 0, 1, 1], "texture": "#1"},
				"west": {"uv": [0, 0, 1, 1], "texture": "#1"},
				"up": {"uv": [0, 0, 1, 1], "texture": "#1"},
				"down": {"uv": [0, 0, 1, 1], "texture": "#1"}
			}
		},
		{
			"from": [-5, 15.4375, -15.63636],
			"to": [0, 16.4375, 24.36364],
			"rotation": {"angle": 0, "axis": "y", "origin": [8, 31, 9.36364]},
			"faces": {
				"north": {"uv": [0, 0, 1, 1], "texture": "#1"},
				"east": {"uv": [0, 0, 1, 1], "texture": "#1"},
				"south": {"uv": [0, 0, 1, 1], "texture": "#1"},
				"west": {"uv": [0, 0, 1, 1], "texture": "#1"},
				"up": {"uv": [0, 0, 1, 1], "texture": "#1"},
				"down": {"uv": [0, 0, 1, 1], "texture": "#1"}
			}
		},
		{
			"from": [16, 13.4375, -14.63636],
			"to": [21, 15.4375, -12.63636],
			"rotation": {"angle": 0, "axis": "y", "origin": [7, 48.9375, 9.36364]},
			"faces": {
				"north": {"uv": [0, 0, 1, 1], "texture": "#1"},
				"east": {"uv": [0, 0, 1, 1], "texture": "#1"},
				"south": {"uv": [0, 0, 1, 1], "texture": "#1"},
				"west": {"uv": [0, 0, 1, 1], "texture": "#1"},
				"up": {"uv": [0, 0, 1, 1], "texture": "#1"},
				"down": {"uv": [0, 0, 1, 1], "texture": "#1"}
			}
		},
		{
			"from": [-5, 13.4375, -14.63636],
			"to": [0, 15.4375, -12.63636],
			"rotation": {"angle": 0, "axis": "y", "origin": [7, 48.9375, 9.36364]},
			"faces": {
				"north": {"uv": [0, 0, 1, 1], "texture": "#1"},
				"east": {"uv": [0, 0, 1, 1], "texture": "#1"},
				"south": {"uv": [0, 0, 1, 1], "texture": "#1"},
				"west": {"uv": [0, 0, 1, 1], "texture": "#1"},
				"up": {"uv": [0, 0, 1, 1], "texture": "#1"},
				"down": {"uv": [0, 0, 1, 1], "texture": "#1"}
			}
		},
		{
			"from": [0, 14.4375, -14.63636],
			"to": [16, 16.4375, -12.63636],
			"rotation": {"angle": 0, "axis": "y", "origin": [7, 49.9375, 9.36364]},
			"faces": {
				"north": {"uv": [0, 0, 1, 1], "texture": "#1"},
				"east": {"uv": [0, 0, 1, 1], "texture": "#1"},
				"south": {"uv": [0, 0, 1, 1], "texture": "#1"},
				"west": {"uv": [0, 0, 1, 1], "texture": "#1"},
				"up": {"uv": [0, 0, 1, 1], "texture": "#1"},
				"down": {"uv": [0, 0, 1, 1], "texture": "#1"}
			}
		},
		{
			"from": [-7, 10.4375, -14.63636],
			"to": [-5, 14.4375, -12.63636],
			"rotation": {"angle": 0, "axis": "y", "origin": [7, 45.9375, 9.36364]},
			"faces": {
				"north": {"uv": [0, 0, 1, 1], "texture": "#1"},
				"east": {"uv": [0, 0, 1, 1], "texture": "#1"},
				"south": {"uv": [0, 0, 1, 1], "texture": "#1"},
				"west": {"uv": [0, 0, 1, 1], "texture": "#1"},
				"up": {"uv": [0, 0, 1, 1], "texture": "#1"},
				"down": {"uv": [0, 0, 1, 1], "texture": "#1"}
			}
		},
		{
			"from": [21, 10.4375, -14.63636],
			"to": [23, 14.4375, -12.63636],
			"rotation": {"angle": 0, "axis": "y", "origin": [7, 45.9375, 9.36364]},
			"faces": {
				"north": {"uv": [0, 0, 1, 1], "texture": "#1"},
				"east": {"uv": [0, 0, 1, 1], "texture": "#1"},
				"south": {"uv": [0, 0, 1, 1], "texture": "#1"},
				"west": {"uv": [0, 0, 1, 1], "texture": "#1"},
				"up": {"uv": [0, 0, 1, 1], "texture": "#1"},
				"down": {"uv": [0, 0, 1, 1], "texture": "#1"}
			}
		},
		{
			"from": [20, 2.4375, -14.63636],
			"to": [22, 10.4375, -12.63636],
			"rotation": {"angle": 0, "axis": "y", "origin": [7, 37.9375, 9.36364]},
			"faces": {
				"north": {"uv": [0, 0, 1, 1], "texture": "#1"},
				"east": {"uv": [0, 0, 1, 1], "texture": "#1"},
				"south": {"uv": [0, 0, 1, 1], "texture": "#1"},
				"west": {"uv": [0, 0, 1, 1], "texture": "#1"},
				"up": {"uv": [0, 0, 1, 1], "texture": "#1"},
				"down": {"uv": [0, 0, 1, 1], "texture": "#1"}
			}
		},
		{
			"from": [-6, 2.4375, -14.63636],
			"to": [-4, 10.4375, -12.63636],
			"rotation": {"angle": 0, "axis": "y", "origin": [7, 37.9375, 9.36364]},
			"faces": {
				"north": {"uv": [0, 0, 1, 1], "texture": "#1"},
				"east": {"uv": [0, 0, 1, 1], "texture": "#1"},
				"south": {"uv": [0, 0, 1, 1], "texture": "#1"},
				"west": {"uv": [0, 0, 1, 1], "texture": "#1"},
				"up": {"uv": [0, 0, 1, 1], "texture": "#1"},
				"down": {"uv": [0, 0, 1, 1], "texture": "#1"}
			}
		},
		{
			"from": [19, -3.5625, -14.63636],
			"to": [21, 2.4375, -12.63636],
			"rotation": {"angle": 0, "axis": "y", "origin": [7, 14.9375, 9.36364]},
			"faces": {
				"north": {"uv": [0, 0, 1, 1], "texture": "#1"},
				"east": {"uv": [0, 0, 1, 1], "texture": "#1"},
				"south": {"uv": [0, 0, 1, 1], "texture": "#1"},
				"west": {"uv": [0, 0, 1, 1], "texture": "#1"},
				"up": {"uv": [0, 0, 1, 1], "texture": "#1"},
				"down": {"uv": [0, 0, 1, 1], "texture": "#1"}
			}
		},
		{
			"from": [-5, -3.5625, -14.63636],
			"to": [-3, 2.4375, -12.63636],
			"rotation": {"angle": 0, "axis": "y", "origin": [7, 14.9375, 9.36364]},
			"faces": {
				"north": {"uv": [0, 0, 1, 1], "texture": "#1"},
				"east": {"uv": [0, 0, 1, 1], "texture": "#1"},
				"south": {"uv": [0, 0, 1, 1], "texture": "#1"},
				"west": {"uv": [0, 0, 1, 1], "texture": "#1"},
				"up": {"uv": [0, 0, 1, 1], "texture": "#1"},
				"down": {"uv": [0, 0, 1, 1], "texture": "#1"}
			}
		},
		{
			"from": [20, -7.5625, -14.63636],
			"to": [22, -3.5625, -12.63636],
			"rotation": {"angle": 0, "axis": "y", "origin": [7, 14.9375, 9.36364]},
			"faces": {
				"north": {"uv": [0, 0, 1, 1], "texture": "#1"},
				"east": {"uv": [0, 0, 1, 1], "texture": "#1"},
				"south": {"uv": [0, 0, 1, 1], "texture": "#1"},
				"west": {"uv": [0, 0, 1, 1], "texture": "#1"},
				"up": {"uv": [0, 0, 1, 1], "texture": "#1"},
				"down": {"uv": [0, 0, 1, 1], "texture": "#1"}
			}
		},
		{
			"from": [-6, -7.5625, -14.63636],
			"to": [-4, -3.5625, -12.63636],
			"rotation": {"angle": 0, "axis": "y", "origin": [7, 14.9375, 9.36364]},
			"faces": {
				"north": {"uv": [0, 0, 1, 1], "texture": "#1"},
				"east": {"uv": [0, 0, 1, 1], "texture": "#1"},
				"south": {"uv": [0, 0, 1, 1], "texture": "#1"},
				"west": {"uv": [0, 0, 1, 1], "texture": "#1"},
				"up": {"uv": [0, 0, 1, 1], "texture": "#1"},
				"down": {"uv": [0, 0, 1, 1], "texture": "#1"}
			}
		},
		{
			"from": [21, -15.5625, -14.63636],
			"to": [23, -7.5625, -12.63636],
			"rotation": {"angle": 0, "axis": "y", "origin": [7, 14.9375, 9.36364]},
			"faces": {
				"north": {"uv": [0, 0, 1, 1], "texture": "#1"},
				"east": {"uv": [0, 0, 1, 1], "texture": "#1"},
				"south": {"uv": [0, 0, 1, 1], "texture": "#1"},
				"west": {"uv": [0, 0, 1, 1], "texture": "#1"},
				"up": {"uv": [0, 0, 1, 1], "texture": "#1"},
				"down": {"uv": [0, 0, 1, 1], "texture": "#1"}
			}
		},
		{
			"from": [-7, -15.5625, -14.63636],
			"to": [-5, -7.5625, -12.63636],
			"rotation": {"angle": 0, "axis": "y", "origin": [7, 14.9375, 9.36364]},
			"faces": {
				"north": {"uv": [0, 0, 1, 1], "texture": "#1"},
				"east": {"uv": [0, 0, 1, 1], "texture": "#1"},
				"south": {"uv": [0, 0, 1, 1], "texture": "#1"},
				"west": {"uv": [0, 0, 1, 1], "texture": "#1"},
				"up": {"uv": [0, 0, 1, 1], "texture": "#1"},
				"down": {"uv": [0, 0, 1, 1], "texture": "#1"}
			}
		},
		{
			"from": [16, 16.4375, 2.36364],
			"to": [21, 17.4375, 4.36364],
			"rotation": {"angle": 0, "axis": "y", "origin": [7, 31.9375, 9.36364]},
			"faces": {
				"north": {"uv": [0, 2, 2, 3], "texture": "#2"},
				"east": {"uv": [0, 2, 2, 3], "texture": "#2"},
				"south": {"uv": [0, 2, 2, 3], "texture": "#2"},
				"west": {"uv": [0, 2, 2, 3], "texture": "#2"},
				"up": {"uv": [0, 2, 2, 3], "texture": "#2"},
				"down": {"uv": [0, 2, 2, 3], "texture": "#2"}
			}
		},
		{
			"from": [0, 17.4375, 2.36364],
			"to": [16, 18.4375, 4.36364],
			"rotation": {"angle": 0, "axis": "y", "origin": [7, 42.9375, 9.36364]},
			"faces": {
				"north": {"uv": [0, 2, 2, 3], "texture": "#2"},
				"east": {"uv": [0, 2, 2, 3], "texture": "#2"},
				"south": {"uv": [0, 2, 2, 3], "texture": "#2"},
				"west": {"uv": [0, 2, 2, 3], "texture": "#2"},
				"up": {"uv": [0, 2, 2, 3], "texture": "#2"},
				"down": {"uv": [0, 2, 2, 3], "texture": "#2"}
			}
		},
		{
			"from": [21, 15.4375, 2.36364],
			"to": [23, 16.4375, 4.36364],
			"rotation": {"angle": 0, "axis": "y", "origin": [7, 30.9375, 9.36364]},
			"faces": {
				"north": {"uv": [0, 2, 2, 3], "texture": "#2"},
				"east": {"uv": [0, 2, 2, 3], "texture": "#2"},
				"south": {"uv": [0, 2, 2, 3], "texture": "#2"},
				"west": {"uv": [0, 2, 2, 3], "texture": "#2"},
				"up": {"uv": [0, 2, 2, 3], "texture": "#2"},
				"down": {"uv": [0, 2, 2, 3], "texture": "#2"}
			}
		},
		{
			"from": [23, 14.4375, 2.36364],
			"to": [24, 15.4375, 4.36364],
			"rotation": {"angle": 0, "axis": "y", "origin": [7, 49.9375, 9.36364]},
			"faces": {
				"north": {"uv": [0, 2, 2, 3], "texture": "#2"},
				"east": {"uv": [0, 2, 2, 3], "texture": "#2"},
				"south": {"uv": [0, 2, 2, 3], "texture": "#2"},
				"west": {"uv": [0, 2, 2, 3], "texture": "#2"},
				"up": {"uv": [0, 2, 2, 3], "texture": "#2"},
				"down": {"uv": [0, 2, 2, 3], "texture": "#2"}
			}
		},
		{
			"from": [24, 10.4375, 2.36364],
			"to": [25, 14.4375, 4.36364],
			"rotation": {"angle": 0, "axis": "y", "origin": [7, 45.9375, 9.36364]},
			"faces": {
				"north": {"uv": [0, 2, 2, 6], "texture": "#2"},
				"east": {"uv": [0, 2, 2, 6], "texture": "#2"},
				"south": {"uv": [0, 2, 2, 6], "texture": "#2"},
				"west": {"uv": [0, 2, 2, 6], "texture": "#2"},
				"up": {"uv": [0, 2, 2, 6], "texture": "#2"},
				"down": {"uv": [0, 2, 2, 6], "texture": "#2"}
			}
		},
		{
			"from": [23, 2.4375, 2.36364],
			"to": [24, 10.4375, 4.36364],
			"rotation": {"angle": 0, "axis": "y", "origin": [7, 37.9375, 9.36364]},
			"faces": {
				"north": {"uv": [0, 2, 2, 10], "texture": "#2"},
				"east": {"uv": [0, 2, 2, 10], "texture": "#2"},
				"south": {"uv": [0, 2, 2, 10], "texture": "#2"},
				"west": {"uv": [0, 2, 2, 10], "texture": "#2"},
				"up": {"uv": [0, 2, 2, 10], "texture": "#2"},
				"down": {"uv": [0, 2, 2, 10], "texture": "#2"}
			}
		},
		{
			"from": [22, -3.5625, 2.36364],
			"to": [23, 2.4375, 4.36364],
			"rotation": {"angle": 0, "axis": "y", "origin": [7, 14.9375, 9.36364]},
			"faces": {
				"north": {"uv": [0, 2, 2, 8], "texture": "#2"},
				"east": {"uv": [0, 2, 2, 8], "texture": "#2"},
				"south": {"uv": [0, 2, 2, 8], "texture": "#2"},
				"west": {"uv": [0, 2, 2, 8], "texture": "#2"},
				"up": {"uv": [0, 2, 2, 8], "texture": "#2"},
				"down": {"uv": [0, 2, 2, 8], "texture": "#2"}
			}
		},
		{
			"from": [23, -7.5625, 2.36364],
			"to": [24, -3.5625, 4.36364],
			"rotation": {"angle": 0, "axis": "y", "origin": [7, 14.9375, 9.36364]},
			"faces": {
				"north": {"uv": [0, 2, 2, 6], "texture": "#2"},
				"east": {"uv": [0, 2, 2, 6], "texture": "#2"},
				"south": {"uv": [0, 2, 2, 6], "texture": "#2"},
				"west": {"uv": [0, 2, 2, 6], "texture": "#2"},
				"up": {"uv": [0, 2, 2, 6], "texture": "#2"},
				"down": {"uv": [0, 2, 2, 6], "texture": "#2"}
			}
		},
		{
			"from": [24, -15.5625, 2.36364],
			"to": [25, -7.5625, 4.36364],
			"rotation": {"angle": 0, "axis": "y", "origin": [7, 14.9375, 9.36364]},
			"faces": {
				"north": {"uv": [0, 2, 2, 10], "texture": "#2"},
				"east": {"uv": [0, 2, 2, 10], "texture": "#2"},
				"south": {"uv": [0, 2, 2, 10], "texture": "#2"},
				"west": {"uv": [0, 2, 2, 10], "texture": "#2"},
				"up": {"uv": [0, 2, 2, 10], "texture": "#2"},
				"down": {"uv": [0, 2, 2, 10], "texture": "#2"}
			}
		},
		{
			"from": [-5, 16.4375, 2.36364],
			"to": [0, 17.4375, 4.36364],
			"rotation": {"angle": 0, "axis": "y", "origin": [7, 31.9375, 9.36364]},
			"faces": {
				"north": {"uv": [0, 2, 2, 3], "texture": "#2"},
				"east": {"uv": [0, 2, 2, 3], "texture": "#2"},
				"south": {"uv": [0, 2, 2, 3], "texture": "#2"},
				"west": {"uv": [0, 2, 2, 3], "texture": "#2"},
				"up": {"uv": [0, 2, 2, 3], "texture": "#2"},
				"down": {"uv": [0, 2, 2, 3], "texture": "#2"}
			}
		},
		{
			"from": [-7, 15.4375, 2.36364],
			"to": [-5, 16.4375, 4.36364],
			"rotation": {"angle": 0, "axis": "y", "origin": [7, 30.9375, 9.36364]},
			"faces": {
				"north": {"uv": [0, 2, 2, 3], "texture": "#2"},
				"east": {"uv": [0, 2, 2, 3], "texture": "#2"},
				"south": {"uv": [0, 2, 2, 3], "texture": "#2"},
				"west": {"uv": [0, 2, 2, 3], "texture": "#2"},
				"up": {"uv": [0, 2, 2, 3], "texture": "#2"},
				"down": {"uv": [0, 2, 2, 3], "texture": "#2"}
			}
		},
		{
			"from": [-8, 14.4375, 2.36364],
			"to": [-7, 15.4375, 4.36364],
			"rotation": {"angle": 0, "axis": "y", "origin": [7, 49.9375, 9.36364]},
			"faces": {
				"north": {"uv": [0, 2, 2, 3], "texture": "#2"},
				"east": {"uv": [0, 2, 2, 3], "texture": "#2"},
				"south": {"uv": [0, 2, 2, 3], "texture": "#2"},
				"west": {"uv": [0, 2, 2, 3], "texture": "#2"},
				"up": {"uv": [0, 2, 2, 3], "texture": "#2"},
				"down": {"uv": [0, 2, 2, 3], "texture": "#2"}
			}
		},
		{
			"from": [-9, 10.4375, 2.36364],
			"to": [-8, 14.4375, 4.36364],
			"rotation": {"angle": 0, "axis": "y", "origin": [7, 45.9375, 9.36364]},
			"faces": {
				"north": {"uv": [0, 2, 2, 6], "texture": "#2"},
				"east": {"uv": [0, 2, 2, 6], "texture": "#2"},
				"south": {"uv": [0, 2, 2, 6], "texture": "#2"},
				"west": {"uv": [0, 2, 2, 6], "texture": "#2"},
				"up": {"uv": [0, 2, 2, 6], "texture": "#2"},
				"down": {"uv": [0, 2, 2, 6], "texture": "#2"}
			}
		},
		{
			"from": [-8, 2.4375, 2.36364],
			"to": [-7, 10.4375, 4.36364],
			"rotation": {"angle": 0, "axis": "y", "origin": [7, 37.9375, 9.36364]},
			"faces": {
				"north": {"uv": [0, 2, 2, 10], "texture": "#2"},
				"east": {"uv": [0, 2, 2, 10], "texture": "#2"},
				"south": {"uv": [0, 2, 2, 10], "texture": "#2"},
				"west": {"uv": [0, 2, 2, 10], "texture": "#2"},
				"up": {"uv": [0, 2, 2, 10], "texture": "#2"},
				"down": {"uv": [0, 2, 2, 10], "texture": "#2"}
			}
		},
		{
			"from": [-7, -3.5625, 2.36364],
			"to": [-6, 2.4375, 4.36364],
			"rotation": {"angle": 0, "axis": "y", "origin": [7, 14.9375, 9.36364]},
			"faces": {
				"north": {"uv": [0, 2, 2, 8], "texture": "#2"},
				"east": {"uv": [0, 2, 2, 8], "texture": "#2"},
				"south": {"uv": [0, 2, 2, 8], "texture": "#2"},
				"west": {"uv": [0, 2, 2, 8], "texture": "#2"},
				"up": {"uv": [0, 2, 2, 8], "texture": "#2"},
				"down": {"uv": [0, 2, 2, 8], "texture": "#2"}
			}
		},
		{
			"from": [-8, -7.5625, 2.36364],
			"to": [-7, -3.5625, 4.36364],
			"rotation": {"angle": 0, "axis": "y", "origin": [7, 14.9375, 9.36364]},
			"faces": {
				"north": {"uv": [0, 2, 2, 6], "texture": "#2"},
				"east": {"uv": [0, 2, 2, 6], "texture": "#2"},
				"south": {"uv": [0, 2, 2, 6], "texture": "#2"},
				"west": {"uv": [0, 2, 2, 6], "texture": "#2"},
				"up": {"uv": [0, 2, 2, 6], "texture": "#2"},
				"down": {"uv": [0, 2, 2, 6], "texture": "#2"}
			}
		},
		{
			"from": [-9, -15.5625, 2.36364],
			"to": [-8, -7.5625, 4.36364],
			"rotation": {"angle": 0, "axis": "y", "origin": [7, 14.9375, 9.36364]},
			"faces": {
				"north": {"uv": [0, 2, 2, 10], "texture": "#2"},
				"east": {"uv": [0, 2, 2, 10], "texture": "#2"},
				"south": {"uv": [0, 2, 2, 10], "texture": "#2"},
				"west": {"uv": [0, 2, 2, 10], "texture": "#2"},
				"up": {"uv": [0, 2, 2, 10], "texture": "#2"},
				"down": {"uv": [0, 2, 2, 10], "texture": "#2"}
			}
		},
		{
			"from": [16, 16.4375, 22.36364],
			"to": [21, 17.4375, 24.36364],
			"rotation": {"angle": 0, "axis": "y", "origin": [7, 31.9375, 9.36364]},
			"faces": {
				"north": {"uv": [0, 2, 2, 3], "texture": "#2"},
				"east": {"uv": [0, 2, 2, 3], "texture": "#2"},
				"south": {"uv": [0, 2, 2, 3], "texture": "#2"},
				"west": {"uv": [0, 2, 2, 3], "texture": "#2"},
				"up": {"uv": [0, 2, 2, 3], "texture": "#2"},
				"down": {"uv": [0, 2, 2, 3], "texture": "#2"}
			}
		},
		{
			"from": [0, 17.4375, 22.36364],
			"to": [16, 18.4375, 24.36364],
			"rotation": {"angle": 0, "axis": "y", "origin": [7, 42.9375, 9.36364]},
			"faces": {
				"north": {"uv": [0, 2, 2, 3], "texture": "#2"},
				"east": {"uv": [0, 2, 2, 3], "texture": "#2"},
				"south": {"uv": [0, 2, 2, 3], "texture": "#2"},
				"west": {"uv": [0, 2, 2, 3], "texture": "#2"},
				"up": {"uv": [0, 2, 2, 3], "texture": "#2"},
				"down": {"uv": [0, 2, 2, 3], "texture": "#2"}
			}
		},
		{
			"from": [21, 15.4375, 22.36364],
			"to": [23, 16.4375, 24.36364],
			"rotation": {"angle": 0, "axis": "y", "origin": [7, 30.9375, 9.36364]},
			"faces": {
				"north": {"uv": [0, 2, 2, 3], "texture": "#2"},
				"east": {"uv": [0, 2, 2, 3], "texture": "#2"},
				"south": {"uv": [0, 2, 2, 3], "texture": "#2"},
				"west": {"uv": [0, 2, 2, 3], "texture": "#2"},
				"up": {"uv": [0, 2, 2, 3], "texture": "#2"},
				"down": {"uv": [0, 2, 2, 3], "texture": "#2"}
			}
		},
		{
			"from": [23, 14.4375, 22.36364],
			"to": [24, 15.4375, 24.36364],
			"rotation": {"angle": 0, "axis": "y", "origin": [7, 49.9375, 9.36364]},
			"faces": {
				"north": {"uv": [0, 2, 2, 3], "texture": "#2"},
				"east": {"uv": [0, 2, 2, 3], "texture": "#2"},
				"south": {"uv": [0, 2, 2, 3], "texture": "#2"},
				"west": {"uv": [0, 2, 2, 3], "texture": "#2"},
				"up": {"uv": [0, 2, 2, 3], "texture": "#2"},
				"down": {"uv": [0, 2, 2, 3], "texture": "#2"}
			}
		},
		{
			"from": [24, 10.4375, 22.36364],
			"to": [25, 14.4375, 24.36364],
			"rotation": {"angle": 0, "axis": "y", "origin": [7, 45.9375, 9.36364]},
			"faces": {
				"north": {"uv": [0, 2, 2, 6], "texture": "#2"},
				"east": {"uv": [0, 2, 2, 6], "texture": "#2"},
				"south": {"uv": [0, 2, 2, 6], "texture": "#2"},
				"west": {"uv": [0, 2, 2, 6], "texture": "#2"},
				"up": {"uv": [0, 2, 2, 6], "texture": "#2"},
				"down": {"uv": [0, 2, 2, 6], "texture": "#2"}
			}
		},
		{
			"from": [23, 2.4375, 22.36364],
			"to": [24, 10.4375, 24.36364],
			"rotation": {"angle": 0, "axis": "y", "origin": [7, 37.9375, 9.36364]},
			"faces": {
				"north": {"uv": [0, 2, 2, 10], "texture": "#2"},
				"east": {"uv": [0, 2, 2, 10], "texture": "#2"},
				"south": {"uv": [0, 2, 2, 10], "texture": "#2"},
				"west": {"uv": [0, 2, 2, 10], "texture": "#2"},
				"up": {"uv": [0, 2, 2, 10], "texture": "#2"},
				"down": {"uv": [0, 2, 2, 10], "texture": "#2"}
			}
		},
		{
			"from": [22, -3.5625, 22.36364],
			"to": [23, 2.4375, 24.36364],
			"rotation": {"angle": 0, "axis": "y", "origin": [7, 14.9375, 9.36364]},
			"faces": {
				"north": {"uv": [0, 2, 2, 8], "texture": "#2"},
				"east": {"uv": [0, 2, 2, 8], "texture": "#2"},
				"south": {"uv": [0, 2, 2, 8], "texture": "#2"},
				"west": {"uv": [0, 2, 2, 8], "texture": "#2"},
				"up": {"uv": [0, 2, 2, 8], "texture": "#2"},
				"down": {"uv": [0, 2, 2, 8], "texture": "#2"}
			}
		},
		{
			"from": [23, -7.5625, 22.36364],
			"to": [24, -3.5625, 24.36364],
			"rotation": {"angle": 0, "axis": "y", "origin": [7, 14.9375, 9.36364]},
			"faces": {
				"north": {"uv": [0, 2, 2, 6], "texture": "#2"},
				"east": {"uv": [0, 2, 2, 6], "texture": "#2"},
				"south": {"uv": [0, 2, 2, 6], "texture": "#2"},
				"west": {"uv": [0, 2, 2, 6], "texture": "#2"},
				"up": {"uv": [0, 2, 2, 6], "texture": "#2"},
				"down": {"uv": [0, 2, 2, 6], "texture": "#2"}
			}
		},
		{
			"from": [24, -15.5625, 22.36364],
			"to": [25, -7.5625, 24.36364],
			"rotation": {"angle": 0, "axis": "y", "origin": [7, 14.9375, 9.36364]},
			"faces": {
				"north": {"uv": [0, 2, 2, 10], "texture": "#2"},
				"east": {"uv": [0, 2, 2, 10], "texture": "#2"},
				"south": {"uv": [0, 2, 2, 10], "texture": "#2"},
				"west": {"uv": [0, 2, 2, 10], "texture": "#2"},
				"up": {"uv": [0, 2, 2, 10], "texture": "#2"},
				"down": {"uv": [0, 2, 2, 10], "texture": "#2"}
			}
		},
		{
			"from": [-5, 16.4375, 22.36364],
			"to": [0, 17.4375, 24.36364],
			"rotation": {"angle": 0, "axis": "y", "origin": [7, 31.9375, 9.36364]},
			"faces": {
				"north": {"uv": [0, 2, 2, 3], "texture": "#2"},
				"east": {"uv": [0, 2, 2, 3], "texture": "#2"},
				"south": {"uv": [0, 2, 2, 3], "texture": "#2"},
				"west": {"uv": [0, 2, 2, 3], "texture": "#2"},
				"up": {"uv": [0, 2, 2, 3], "texture": "#2"},
				"down": {"uv": [0, 2, 2, 3], "texture": "#2"}
			}
		},
		{
			"from": [-7, 15.4375, 22.36364],
			"to": [-5, 16.4375, 24.36364],
			"rotation": {"angle": 0, "axis": "y", "origin": [7, 30.9375, 9.36364]},
			"faces": {
				"north": {"uv": [0, 2, 2, 3], "texture": "#2"},
				"east": {"uv": [0, 2, 2, 3], "texture": "#2"},
				"south": {"uv": [0, 2, 2, 3], "texture": "#2"},
				"west": {"uv": [0, 2, 2, 3], "texture": "#2"},
				"up": {"uv": [0, 2, 2, 3], "texture": "#2"},
				"down": {"uv": [0, 2, 2, 3], "texture": "#2"}
			}
		},
		{
			"from": [-8, 14.4375, 22.36364],
			"to": [-7, 15.4375, 24.36364],
			"rotation": {"angle": 0, "axis": "y", "origin": [7, 49.9375, 9.36364]},
			"faces": {
				"north": {"uv": [0, 2, 2, 3], "texture": "#2"},
				"east": {"uv": [0, 2, 2, 3], "texture": "#2"},
				"south": {"uv": [0, 2, 2, 3], "texture": "#2"},
				"west": {"uv": [0, 2, 2, 3], "texture": "#2"},
				"up": {"uv": [0, 2, 2, 3], "texture": "#2"},
				"down": {"uv": [0, 2, 2, 3], "texture": "#2"}
			}
		},
		{
			"from": [-9, 10.4375, 22.36364],
			"to": [-8, 14.4375, 24.36364],
			"rotation": {"angle": 0, "axis": "y", "origin": [7, 45.9375, 9.36364]},
			"faces": {
				"north": {"uv": [0, 2, 2, 6], "texture": "#2"},
				"east": {"uv": [0, 2, 2, 6], "texture": "#2"},
				"south": {"uv": [0, 2, 2, 6], "texture": "#2"},
				"west": {"uv": [0, 2, 2, 6], "texture": "#2"},
				"up": {"uv": [0, 2, 2, 6], "texture": "#2"},
				"down": {"uv": [0, 2, 2, 6], "texture": "#2"}
			}
		},
		{
			"from": [-8, 2.4375, 22.36364],
			"to": [-7, 10.4375, 24.36364],
			"rotation": {"angle": 0, "axis": "y", "origin": [7, 37.9375, 9.36364]},
			"faces": {
				"north": {"uv": [0, 2, 2, 10], "texture": "#2"},
				"east": {"uv": [0, 2, 2, 10], "texture": "#2"},
				"south": {"uv": [0, 2, 2, 10], "texture": "#2"},
				"west": {"uv": [0, 2, 2, 10], "texture": "#2"},
				"up": {"uv": [0, 2, 2, 10], "texture": "#2"},
				"down": {"uv": [0, 2, 2, 10], "texture": "#2"}
			}
		},
		{
			"from": [-7, -3.5625, 22.36364],
			"to": [-6, 2.4375, 24.36364],
			"rotation": {"angle": 0, "axis": "y", "origin": [7, 14.9375, 9.36364]},
			"faces": {
				"north": {"uv": [0, 2, 2, 8], "texture": "#2"},
				"east": {"uv": [0, 2, 2, 8], "texture": "#2"},
				"south": {"uv": [0, 2, 2, 8], "texture": "#2"},
				"west": {"uv": [0, 2, 2, 8], "texture": "#2"},
				"up": {"uv": [0, 2, 2, 8], "texture": "#2"},
				"down": {"uv": [0, 2, 2, 8], "texture": "#2"}
			}
		},
		{
			"from": [-8, -7.5625, 22.36364],
			"to": [-7, -3.5625, 24.36364],
			"rotation": {"angle": 0, "axis": "y", "origin": [7, 14.9375, 9.36364]},
			"faces": {
				"north": {"uv": [0, 2, 2, 6], "texture": "#2"},
				"east": {"uv": [0, 2, 2, 6], "texture": "#2"},
				"south": {"uv": [0, 2, 2, 6], "texture": "#2"},
				"west": {"uv": [0, 2, 2, 6], "texture": "#2"},
				"up": {"uv": [0, 2, 2, 6], "texture": "#2"},
				"down": {"uv": [0, 2, 2, 6], "texture": "#2"}
			}
		},
		{
			"from": [-9, -15.5625, 22.36364],
			"to": [-8, -7.5625, 24.36364],
			"rotation": {"angle": 0, "axis": "y", "origin": [7, 14.9375, 9.36364]},
			"faces": {
				"north": {"uv": [0, 2, 2, 10], "texture": "#2"},
				"east": {"uv": [0, 2, 2, 10], "texture": "#2"},
				"south": {"uv": [0, 2, 2, 10], "texture": "#2"},
				"west": {"uv": [0, 2, 2, 10], "texture": "#2"},
				"up": {"uv": [0, 2, 2, 10], "texture": "#2"},
				"down": {"uv": [0, 2, 2, 10], "texture": "#2"}
			}
		},
		{
			"from": [16, 16.4375, -15.63636],
			"to": [21, 17.4375, -13.63636],
			"rotation": {"angle": 0, "axis": "y", "origin": [7, 31.9375, 9.36364]},
			"faces": {
				"north": {"uv": [0, 2, 2, 3], "texture": "#2"},
				"east": {"uv": [0, 2, 2, 3], "texture": "#2"},
				"south": {"uv": [0, 2, 2, 3], "texture": "#2"},
				"west": {"uv": [0, 2, 2, 3], "texture": "#2"},
				"up": {"uv": [0, 2, 2, 3], "texture": "#2"},
				"down": {"uv": [0, 2, 2, 3], "texture": "#2"}
			}
		},
		{
			"from": [0, 17.4375, -15.63636],
			"to": [16, 18.4375, -13.63636],
			"rotation": {"angle": 0, "axis": "y", "origin": [7, 42.9375, 9.36364]},
			"faces": {
				"north": {"uv": [0, 2, 2, 3], "texture": "#2"},
				"east": {"uv": [0, 2, 2, 3], "texture": "#2"},
				"south": {"uv": [0, 2, 2, 3], "texture": "#2"},
				"west": {"uv": [0, 2, 2, 3], "texture": "#2"},
				"up": {"uv": [0, 2, 2, 3], "texture": "#2"},
				"down": {"uv": [0, 2, 2, 3], "texture": "#2"}
			}
		},
		{
			"from": [21, 15.4375, -15.63636],
			"to": [23, 16.4375, -13.63636],
			"rotation": {"angle": 0, "axis": "y", "origin": [7, 30.9375, 9.36364]},
			"faces": {
				"north": {"uv": [0, 2, 2, 3], "texture": "#2"},
				"east": {"uv": [0, 2, 2, 3], "texture": "#2"},
				"south": {"uv": [0, 2, 2, 3], "texture": "#2"},
				"west": {"uv": [0, 2, 2, 3], "texture": "#2"},
				"up": {"uv": [0, 2, 2, 3], "texture": "#2"},
				"down": {"uv": [0, 2, 2, 3], "texture": "#2"}
			}
		},
		{
			"from": [23, 14.4375, -15.63636],
			"to": [24, 15.4375, -13.63636],
			"rotation": {"angle": 0, "axis": "y", "origin": [7, 49.9375, 9.36364]},
			"faces": {
				"north": {"uv": [0, 2, 2, 3], "texture": "#2"},
				"east": {"uv": [0, 2, 2, 3], "texture": "#2"},
				"south": {"uv": [0, 2, 2, 3], "texture": "#2"},
				"west": {"uv": [0, 2, 2, 3], "texture": "#2"},
				"up": {"uv": [0, 2, 2, 3], "texture": "#2"},
				"down": {"uv": [0, 2, 2, 3], "texture": "#2"}
			}
		},
		{
			"from": [24, 10.4375, -15.63636],
			"to": [25, 14.4375, -13.63636],
			"rotation": {"angle": 0, "axis": "y", "origin": [7, 45.9375, 9.36364]},
			"faces": {
				"north": {"uv": [0, 2, 2, 6], "texture": "#2"},
				"east": {"uv": [0, 2, 2, 6], "texture": "#2"},
				"south": {"uv": [0, 2, 2, 6], "texture": "#2"},
				"west": {"uv": [0, 2, 2, 6], "texture": "#2"},
				"up": {"uv": [0, 2, 2, 6], "texture": "#2"},
				"down": {"uv": [0, 2, 2, 6], "texture": "#2"}
			}
		},
		{
			"from": [23, 2.4375, -15.63636],
			"to": [24, 10.4375, -13.63636],
			"rotation": {"angle": 0, "axis": "y", "origin": [7, 37.9375, 9.36364]},
			"faces": {
				"north": {"uv": [0, 2, 2, 10], "texture": "#2"},
				"east": {"uv": [0, 2, 2, 10], "texture": "#2"},
				"south": {"uv": [0, 2, 2, 10], "texture": "#2"},
				"west": {"uv": [0, 2, 2, 10], "texture": "#2"},
				"up": {"uv": [0, 2, 2, 10], "texture": "#2"},
				"down": {"uv": [0, 2, 2, 10], "texture": "#2"}
			}
		},
		{
			"from": [22, -3.5625, -15.63636],
			"to": [23, 2.4375, -13.63636],
			"rotation": {"angle": 0, "axis": "y", "origin": [7, 14.9375, 9.36364]},
			"faces": {
				"north": {"uv": [0, 2, 2, 8], "texture": "#2"},
				"east": {"uv": [0, 2, 2, 8], "texture": "#2"},
				"south": {"uv": [0, 2, 2, 8], "texture": "#2"},
				"west": {"uv": [0, 2, 2, 8], "texture": "#2"},
				"up": {"uv": [0, 2, 2, 8], "texture": "#2"},
				"down": {"uv": [0, 2, 2, 8], "texture": "#2"}
			}
		},
		{
			"from": [23, -7.5625, -15.63636],
			"to": [24, -3.5625, -13.63636],
			"rotation": {"angle": 0, "axis": "y", "origin": [7, 14.9375, 9.36364]},
			"faces": {
				"north": {"uv": [0, 2, 2, 6], "texture": "#2"},
				"east": {"uv": [0, 2, 2, 6], "texture": "#2"},
				"south": {"uv": [0, 2, 2, 6], "texture": "#2"},
				"west": {"uv": [0, 2, 2, 6], "texture": "#2"},
				"up": {"uv": [0, 2, 2, 6], "texture": "#2"},
				"down": {"uv": [0, 2, 2, 6], "texture": "#2"}
			}
		},
		{
			"from": [24, -15.5625, -15.63636],
			"to": [25, -7.5625, -13.63636],
			"rotation": {"angle": 0, "axis": "y", "origin": [7, 14.9375, 9.36364]},
			"faces": {
				"north": {"uv": [0, 2, 2, 10], "texture": "#2"},
				"east": {"uv": [0, 2, 2, 10], "texture": "#2"},
				"south": {"uv": [0, 2, 2, 10], "texture": "#2"},
				"west": {"uv": [0, 2, 2, 10], "texture": "#2"},
				"up": {"uv": [0, 2, 2, 10], "texture": "#2"},
				"down": {"uv": [0, 2, 2, 10], "texture": "#2"}
			}
		},
		{
			"from": [-5, 16.4375, -15.63636],
			"to": [0, 17.4375, -13.63636],
			"rotation": {"angle": 0, "axis": "y", "origin": [7, 31.9375, 9.36364]},
			"faces": {
				"north": {"uv": [0, 2, 2, 3], "texture": "#2"},
				"east": {"uv": [0, 2, 2, 3], "texture": "#2"},
				"south": {"uv": [0, 2, 2, 3], "texture": "#2"},
				"west": {"uv": [0, 2, 2, 3], "texture": "#2"},
				"up": {"uv": [0, 2, 2, 3], "texture": "#2"},
				"down": {"uv": [0, 2, 2, 3], "texture": "#2"}
			}
		},
		{
			"from": [-7, 15.4375, -15.63636],
			"to": [-5, 16.4375, -13.63636],
			"rotation": {"angle": 0, "axis": "y", "origin": [7, 30.9375, 9.36364]},
			"faces": {
				"north": {"uv": [0, 2, 2, 3], "texture": "#2"},
				"east": {"uv": [0, 2, 2, 3], "texture": "#2"},
				"south": {"uv": [0, 2, 2, 3], "texture": "#2"},
				"west": {"uv": [0, 2, 2, 3], "texture": "#2"},
				"up": {"uv": [0, 2, 2, 3], "texture": "#2"},
				"down": {"uv": [0, 2, 2, 3], "texture": "#2"}
			}
		},
		{
			"from": [-8, 14.4375, -15.63636],
			"to": [-7, 15.4375, -13.63636],
			"rotation": {"angle": 0, "axis": "y", "origin": [7, 49.9375, 9.36364]},
			"faces": {
				"north": {"uv": [0, 2, 2, 3], "texture": "#2"},
				"east": {"uv": [0, 2, 2, 3], "texture": "#2"},
				"south": {"uv": [0, 2, 2, 3], "texture": "#2"},
				"west": {"uv": [0, 2, 2, 3], "texture": "#2"},
				"up": {"uv": [0, 2, 2, 3], "texture": "#2"},
				"down": {"uv": [0, 2, 2, 3], "texture": "#2"}
			}
		},
		{
			"from": [-9, 10.4375, -15.63636],
			"to": [-8, 14.4375, -13.63636],
			"rotation": {"angle": 0, "axis": "y", "origin": [7, 45.9375, 9.36364]},
			"faces": {
				"north": {"uv": [0, 2, 2, 6], "texture": "#2"},
				"east": {"uv": [0, 2, 2, 6], "texture": "#2"},
				"south": {"uv": [0, 2, 2, 6], "texture": "#2"},
				"west": {"uv": [0, 2, 2, 6], "texture": "#2"},
				"up": {"uv": [0, 2, 2, 6], "texture": "#2"},
				"down": {"uv": [0, 2, 2, 6], "texture": "#2"}
			}
		},
		{
			"from": [-8, 2.4375, -15.63636],
			"to": [-7, 10.4375, -13.63636],
			"rotation": {"angle": 0, "axis": "y", "origin": [7, 37.9375, 9.36364]},
			"faces": {
				"north": {"uv": [0, 2, 2, 10], "texture": "#2"},
				"east": {"uv": [0, 2, 2, 10], "texture": "#2"},
				"south": {"uv": [0, 2, 2, 10], "texture": "#2"},
				"west": {"uv": [0, 2, 2, 10], "texture": "#2"},
				"up": {"uv": [0, 2, 2, 10], "texture": "#2"},
				"down": {"uv": [0, 2, 2, 10], "texture": "#2"}
			}
		},
		{
			"from": [-7, -3.5625, -15.63636],
			"to": [-6, 2.4375, -13.63636],
			"rotation": {"angle": 0, "axis": "y", "origin": [7, 14.9375, 9.36364]},
			"faces": {
				"north": {"uv": [0, 2, 2, 8], "texture": "#2"},
				"east": {"uv": [0, 2, 2, 8], "texture": "#2"},
				"south": {"uv": [0, 2, 2, 8], "texture": "#2"},
				"west": {"uv": [0, 2, 2, 8], "texture": "#2"},
				"up": {"uv": [0, 2, 2, 8], "texture": "#2"},
				"down": {"uv": [0, 2, 2, 8], "texture": "#2"}
			}
		},
		{
			"from": [-8, -7.5625, -15.63636],
			"to": [-7, -3.5625, -13.63636],
			"rotation": {"angle": 0, "axis": "y", "origin": [7, 14.9375, 9.36364]},
			"faces": {
				"north": {"uv": [0, 2, 2, 6], "texture": "#2"},
				"east": {"uv": [0, 2, 2, 6], "texture": "#2"},
				"south": {"uv": [0, 2, 2, 6], "texture": "#2"},
				"west": {"uv": [0, 2, 2, 6], "texture": "#2"},
				"up": {"uv": [0, 2, 2, 6], "texture": "#2"},
				"down": {"uv": [0, 2, 2, 6], "texture": "#2"}
			}
		},
		{
			"from": [-9, -15.5625, -15.63636],
			"to": [-8, -7.5625, -13.63636],
			"rotation": {"angle": 0, "axis": "y", "origin": [7, 14.9375, 9.36364]},
			"faces": {
				"north": {"uv": [0, 2, 2, 10], "texture": "#2"},
				"east": {"uv": [0, 2, 2, 10], "texture": "#2"},
				"south": {"uv": [0, 2, 2, 10], "texture": "#2"},
				"west": {"uv": [0, 2, 2, 10], "texture": "#2"},
				"up": {"uv": [0, 2, 2, 10], "texture": "#2"},
				"down": {"uv": [0, 2, 2, 10], "texture": "#2"}
			}
		},
		{
			"from": [16, 13.4375, 21.36364],
			"to": [21, 15.4375, 23.36364],
			"rotation": {"angle": 0, "axis": "y", "origin": [7, 48.9375, 9.36364]},
			"faces": {
				"north": {"uv": [0, 0, 1, 1], "texture": "#1"},
				"east": {"uv": [0, 0, 1, 1], "texture": "#1"},
				"south": {"uv": [0, 0, 1, 1], "texture": "#1"},
				"west": {"uv": [0, 0, 1, 1], "texture": "#1"},
				"up": {"uv": [0, 0, 1, 1], "texture": "#1"},
				"down": {"uv": [0, 0, 1, 1], "texture": "#1"}
			}
		},
		{
			"from": [-5, 13.4375, 21.36364],
			"to": [0, 15.4375, 23.36364],
			"rotation": {"angle": 0, "axis": "y", "origin": [7, 48.9375, 9.36364]},
			"faces": {
				"north": {"uv": [0, 0, 1, 1], "texture": "#1"},
				"east": {"uv": [0, 0, 1, 1], "texture": "#1"},
				"south": {"uv": [0, 0, 1, 1], "texture": "#1"},
				"west": {"uv": [0, 0, 1, 1], "texture": "#1"},
				"up": {"uv": [0, 0, 1, 1], "texture": "#1"},
				"down": {"uv": [0, 0, 1, 1], "texture": "#1"}
			}
		},
		{
			"from": [0, 14.4375, 21.36364],
			"to": [16, 16.4375, 23.36364],
			"rotation": {"angle": 0, "axis": "y", "origin": [7, 49.9375, 9.36364]},
			"faces": {
				"north": {"uv": [0, 0, 1, 1], "texture": "#1"},
				"east": {"uv": [0, 0, 1, 1], "texture": "#1"},
				"south": {"uv": [0, 0, 1, 1], "texture": "#1"},
				"west": {"uv": [0, 0, 1, 1], "texture": "#1"},
				"up": {"uv": [0, 0, 1, 1], "texture": "#1"},
				"down": {"uv": [0, 0, 1, 1], "texture": "#1"}
			}
		},
		{
			"from": [-7, 10.4375, 21.36364],
			"to": [-5, 14.4375, 23.36364],
			"rotation": {"angle": 0, "axis": "y", "origin": [7, 45.9375, 9.36364]},
			"faces": {
				"north": {"uv": [0, 0, 1, 1], "texture": "#1"},
				"east": {"uv": [0, 0, 1, 1], "texture": "#1"},
				"south": {"uv": [0, 0, 1, 1], "texture": "#1"},
				"west": {"uv": [0, 0, 1, 1], "texture": "#1"},
				"up": {"uv": [0, 0, 1, 1], "texture": "#1"},
				"down": {"uv": [0, 0, 1, 1], "texture": "#1"}
			}
		},
		{
			"from": [21, 10.4375, 21.36364],
			"to": [23, 14.4375, 23.36364],
			"rotation": {"angle": 0, "axis": "y", "origin": [7, 45.9375, 9.36364]},
			"faces": {
				"north": {"uv": [0, 0, 1, 1], "texture": "#1"},
				"east": {"uv": [0, 0, 1, 1], "texture": "#1"},
				"south": {"uv": [0, 0, 1, 1], "texture": "#1"},
				"west": {"uv": [0, 0, 1, 1], "texture": "#1"},
				"up": {"uv": [0, 0, 1, 1], "texture": "#1"},
				"down": {"uv": [0, 0, 1, 1], "texture": "#1"}
			}
		},
		{
			"from": [20, 2.4375, 21.36364],
			"to": [22, 10.4375, 23.36364],
			"rotation": {"angle": 0, "axis": "y", "origin": [7, 37.9375, 9.36364]},
			"faces": {
				"north": {"uv": [0, 0, 1, 1], "texture": "#1"},
				"east": {"uv": [0, 0, 1, 1], "texture": "#1"},
				"south": {"uv": [0, 0, 1, 1], "texture": "#1"},
				"west": {"uv": [0, 0, 1, 1], "texture": "#1"},
				"up": {"uv": [0, 0, 1, 1], "texture": "#1"},
				"down": {"uv": [0, 0, 1, 1], "texture": "#1"}
			}
		},
		{
			"from": [-6, 2.4375, 21.36364],
			"to": [-4, 10.4375, 23.36364],
			"rotation": {"angle": 0, "axis": "y", "origin": [7, 37.9375, 9.36364]},
			"faces": {
				"north": {"uv": [0, 0, 1, 1], "texture": "#1"},
				"east": {"uv": [0, 0, 1, 1], "texture": "#1"},
				"south": {"uv": [0, 0, 1, 1], "texture": "#1"},
				"west": {"uv": [0, 0, 1, 1], "texture": "#1"},
				"up": {"uv": [0, 0, 1, 1], "texture": "#1"},
				"down": {"uv": [0, 0, 1, 1], "texture": "#1"}
			}
		},
		{
			"from": [19, -3.5625, 21.36364],
			"to": [21, 2.4375, 23.36364],
			"rotation": {"angle": 0, "axis": "y", "origin": [7, 14.9375, 9.36364]},
			"faces": {
				"north": {"uv": [0, 0, 1, 1], "texture": "#1"},
				"east": {"uv": [0, 0, 1, 1], "texture": "#1"},
				"south": {"uv": [0, 0, 1, 1], "texture": "#1"},
				"west": {"uv": [0, 0, 1, 1], "texture": "#1"},
				"up": {"uv": [0, 0, 1, 1], "texture": "#1"},
				"down": {"uv": [0, 0, 1, 1], "texture": "#1"}
			}
		},
		{
			"from": [-5, -3.5625, 21.36364],
			"to": [-3, 2.4375, 23.36364],
			"rotation": {"angle": 0, "axis": "y", "origin": [7, 14.9375, 9.36364]},
			"faces": {
				"north": {"uv": [0, 0, 1, 1], "texture": "#1"},
				"east": {"uv": [0, 0, 1, 1], "texture": "#1"},
				"south": {"uv": [0, 0, 1, 1], "texture": "#1"},
				"west": {"uv": [0, 0, 1, 1], "texture": "#1"},
				"up": {"uv": [0, 0, 1, 1], "texture": "#1"},
				"down": {"uv": [0, 0, 1, 1], "texture": "#1"}
			}
		},
		{
			"from": [20, -7.5625, 21.36364],
			"to": [22, -3.5625, 23.36364],
			"rotation": {"angle": 0, "axis": "y", "origin": [7, 14.9375, 9.36364]},
			"faces": {
				"north": {"uv": [0, 0, 1, 1], "texture": "#1"},
				"east": {"uv": [0, 0, 1, 1], "texture": "#1"},
				"south": {"uv": [0, 0, 1, 1], "texture": "#1"},
				"west": {"uv": [0, 0, 1, 1], "texture": "#1"},
				"up": {"uv": [0, 0, 1, 1], "texture": "#1"},
				"down": {"uv": [0, 0, 1, 1], "texture": "#1"}
			}
		},
		{
			"from": [-6, -7.5625, 21.36364],
			"to": [-4, -3.5625, 23.36364],
			"rotation": {"angle": 0, "axis": "y", "origin": [7, 14.9375, 9.36364]},
			"faces": {
				"north": {"uv": [0, 0, 1, 1], "texture": "#1"},
				"east": {"uv": [0, 0, 1, 1], "texture": "#1"},
				"south": {"uv": [0, 0, 1, 1], "texture": "#1"},
				"west": {"uv": [0, 0, 1, 1], "texture": "#1"},
				"up": {"uv": [0, 0, 1, 1], "texture": "#1"},
				"down": {"uv": [0, 0, 1, 1], "texture": "#1"}
			}
		},
		{
			"from": [21, -15.5625, 21.36364],
			"to": [23, -7.5625, 23.36364],
			"rotation": {"angle": 0, "axis": "y", "origin": [7, 14.9375, 9.36364]},
			"faces": {
				"north": {"uv": [0, 0, 1, 1], "texture": "#1"},
				"east": {"uv": [0, 0, 1, 1], "texture": "#1"},
				"south": {"uv": [0, 0, 1, 1], "texture": "#1"},
				"west": {"uv": [0, 0, 1, 1], "texture": "#1"},
				"up": {"uv": [0, 0, 1, 1], "texture": "#1"},
				"down": {"uv": [0, 0, 1, 1], "texture": "#1"}
			}
		},
		{
			"from": [-7, -15.5625, 21.36364],
			"to": [-5, -7.5625, 23.36364],
			"rotation": {"angle": 0, "axis": "y", "origin": [7, 14.9375, 9.36364]},
			"faces": {
				"north": {"uv": [0, 0, 1, 1], "texture": "#1"},
				"east": {"uv": [0, 0, 1, 1], "texture": "#1"},
				"south": {"uv": [0, 0, 1, 1], "texture": "#1"},
				"west": {"uv": [0, 0, 1, 1], "texture": "#1"},
				"up": {"uv": [0, 0, 1, 1], "texture": "#1"},
				"down": {"uv": [0, 0, 1, 1], "texture": "#1"}
			}
		}
	],
	"display": {
		"head": {
			"translation": [0, -1.9, 0],
			"scale": [1.8, 1.8, 1.8]
		}
	},
	"groups": [
		{
			"name": "group",
			"origin": [8, 51.5, 33],
			"children": [0, 1, 2, 3, 4, 5, 6, 7, 8, 9, 10, 11, 12, 13, 14]
		},
		{
			"name": "group",
			"origin": [7, 51.4375, 33],
			"children": [15, 16, 17, 18, 19, 20, 21, 22, 23, 24, 25, 26, 27]
		},
		{
			"name": "group",
			"origin": [7, 51.4375, 33],
			"children": [28, 29, 30, 31, 32, 33, 34, 35, 36, 37, 38, 39, 40, 41, 42, 43, 44]
		},
		{
			"name": "group",
			"origin": [7, 51.4375, 33],
			"children": [45, 46, 47, 48, 49, 50, 51, 52, 53, 54, 55, 56, 57, 58, 59, 60, 61]
		},
		{
			"name": "group",
			"origin": [7, 51.4375, 33],
			"children": [62, 63, 64, 65, 66, 67, 68, 69, 70, 71, 72, 73, 74, 75, 76, 77, 78]
		},
		{
			"name": "group",
			"origin": [7, 51.4375, 33],
			"children": [79, 80, 81, 82, 83, 84, 85, 86, 87, 88, 89, 90, 91]
		}
	]
}