{
	"textures": {
		"0": "custom/portable_jukebox/main",
		"2": "custom/portable_jukebox/iron",
		"4": "custom/portable_jukebox/gray",
		"particle": "custom/portable_jukebox/main"
	},
	"elements": [
		{
			"from": [13.5, 0, 1.5],
			"to": [15.5, 2, 2.5],
			"rotation": {"angle": 0, "axis": "y", "origin": [8, 0.5, 8]},
			"faces": {
				"north": {"uv": [0, 0, 2, 2], "texture": "#0"},
				"east": {"uv": [0, 0, 1, 2], "texture": "#0"},
				"south": {"uv": [0, 0, 2, 2], "texture": "#0"},
				"west": {"uv": [0, 0, 1, 2], "texture": "#0"},
				"up": {"uv": [0, 0, 2, 1], "texture": "#0"},
				"down": {"uv": [0, 0, 2, 1], "texture": "#0"}
			}
		},
		{
			"from": [13.5, 0, 13.5],
			"to": [15.5, 2, 14.5],
			"rotation": {"angle": 0, "axis": "y", "origin": [8, 0.5, 8]},
			"faces": {
				"north": {"uv": [0, 0, 2, 2], "texture": "#0"},
				"east": {"uv": [0, 0, 1, 2], "texture": "#0"},
				"south": {"uv": [0, 0, 2, 2], "texture": "#0"},
				"west": {"uv": [0, 0, 1, 2], "texture": "#0"},
				"up": {"uv": [0, 0, 2, 1], "texture": "#0"},
				"down": {"uv": [0, 0, 2, 1], "texture": "#0"}
			}
		},
		{
			"from": [-0.5, 0, 2.5],
			"to": [0.5, 2, 13.5],
			"rotation": {"angle": 0, "axis": "y", "origin": [8, 0.5, 8]},
			"faces": {
				"north": {"uv": [0, 0, 1, 2], "texture": "#0"},
				"east": {"uv": [0, 0, 11, 2], "texture": "#0"},
				"south": {"uv": [0, 0, 1, 2], "texture": "#0"},
				"west": {"uv": [0, 0, 11, 2], "texture": "#0"},
				"up": {"uv": [0, 0, 11, 1], "rotation": 270, "texture": "#0"},
				"down": {"uv": [0, 0, 11, 1], "rotation": 90, "texture": "#0"}
			}
		},
		{
			"from": [2.5, 0, 0.5],
			"to": [13.5, 2, 1.5],
			"rotation": {"angle": 0, "axis": "y", "origin": [8, 0.5, 8]},
			"faces": {
				"north": {"uv": [0, 0, 11, 2], "texture": "#0"},
				"east": {"uv": [0, 0, 1, 2], "texture": "#0"},
				"south": {"uv": [0, 0, 11, 2], "texture": "#0"},
				"west": {"uv": [0, 0, 1, 2], "texture": "#0"},
				"up": {"uv": [0, 0, 11, 1], "texture": "#0"},
				"down": {"uv": [0, 0, 11, 1], "texture": "#0"}
			}
		},
		{
			"from": [2.5, 0, 1.5],
			"to": [13.5, 2, 2.5],
			"rotation": {"angle": 0, "axis": "y", "origin": [8, 0.5, 9]},
			"faces": {
				"north": {"uv": [0, 0, 11, 2], "texture": "#missing"},
				"east": {"uv": [0, 0, 11, 2], "texture": "#missing"},
				"south": {"uv": [0, 0, 11, 2], "texture": "#missing"},
				"west": {"uv": [0, 0, 11, 2], "texture": "#missing"},
				"up": {"uv": [0, 0, 11, 2], "texture": "#missing"},
				"down": {"uv": [0, 0, 11, 2], "texture": "#0"}
			}
		},
		{
			"from": [2.5, 0, 13.5],
			"to": [13.5, 2, 14.5],
			"rotation": {"angle": 0, "axis": "y", "origin": [8, 0.5, 21]},
			"faces": {
				"north": {"uv": [0, 0, 11, 1], "texture": "#missing"},
				"east": {"uv": [0, 0, 11, 1], "texture": "#missing"},
				"south": {"uv": [0, 0, 11, 1], "texture": "#missing"},
				"west": {"uv": [0, 0, 11, 1], "texture": "#missing"},
				"up": {"uv": [0, 0, 11, 1], "texture": "#missing"},
				"down": {"uv": [0, 0, 11, 1], "texture": "#0"}
			}
		},
		{
			"from": [15.5, 0, 2.5],
			"to": [16.5, 2, 13.5],
			"rotation": {"angle": 0, "axis": "y", "origin": [8, 0.5, 8]},
			"faces": {
				"north": {"uv": [0, 0, 1, 2], "texture": "#0"},
				"east": {"uv": [0, 0, 11, 2], "texture": "#0"},
				"south": {"uv": [0, 0, 1, 2], "texture": "#0"},
				"west": {"uv": [0, 0, 11, 2], "texture": "#0"},
				"up": {"uv": [0, 0, 1, 11], "texture": "#0"},
				"down": {"uv": [0, 0, 1, 11], "texture": "#0"}
			}
		},
		{
			"from": [0.5, 0, 2.5],
			"to": [15.5, 2, 13.5],
			"rotation": {"angle": 0, "axis": "y", "origin": [7, 0.5, 8]},
			"faces": {
				"north": {"uv": [0, 0, 15, 2], "texture": "#missing"},
				"east": {"uv": [0, 0, 11, 2], "texture": "#missing"},
				"south": {"uv": [0, 0, 15, 2], "texture": "#missing"},
				"west": {"uv": [0, 0, 11, 2], "texture": "#missing"},
				"up": {"uv": [0, 0, 15, 11], "texture": "#missing"},
				"down": {"uv": [0, 0, 15, 11], "texture": "#0"}
			}
		},
		{
			"from": [0.5, 0, 1.5],
			"to": [2.5, 2, 2.5],
			"rotation": {"angle": 0, "axis": "y", "origin": [8, 0.5, 8]},
			"faces": {
				"north": {"uv": [0, 0, 2, 2], "texture": "#0"},
				"east": {"uv": [0, 0, 1, 2], "texture": "#0"},
				"south": {"uv": [0, 0, 2, 2], "texture": "#0"},
				"west": {"uv": [0, 0, 1, 2], "texture": "#0"},
				"up": {"uv": [0, 0, 1, 2], "rotation": 270, "texture": "#0"},
				"down": {"uv": [0, 0, 1, 2], "rotation": 90, "texture": "#0"}
			}
		},
		{
			"from": [2.5, 0, 14.5],
			"to": [13.5, 2, 15.5],
			"rotation": {"angle": 0, "axis": "y", "origin": [8, 0.5, 8]},
			"faces": {
				"north": {"uv": [0, 0, 11, 2], "texture": "#0"},
				"east": {"uv": [0, 0, 1, 2], "texture": "#0"},
				"south": {"uv": [0, 0, 11, 2], "texture": "#0"},
				"west": {"uv": [0, 0, 1, 2], "texture": "#0"},
				"up": {"uv": [0, 0, 11, 1], "texture": "#0"},
				"down": {"uv": [0, 0, 11, 1], "texture": "#0"}
			}
		},
		{
			"from": [0.5, 0, 13.5],
			"to": [2.5, 2, 14.5],
			"rotation": {"angle": 0, "axis": "y", "origin": [8, 0.5, 8]},
			"faces": {
				"north": {"uv": [0, 0, 2, 2], "texture": "#0"},
				"east": {"uv": [0, 0, 1, 2], "texture": "#0"},
				"south": {"uv": [0, 0, 2, 2], "texture": "#0"},
				"west": {"uv": [0, 0, 1, 2], "texture": "#0"},
				"up": {"uv": [0, 0, 1, 2], "rotation": 270, "texture": "#0"},
				"down": {"uv": [0, 0, 1, 2], "rotation": 90, "texture": "#0"}
			}
		},
		{
			"from": [13.5, 2, 13.5],
			"to": [15.5, 4, 14.5],
			"rotation": {"angle": 0, "axis": "x", "origin": [8, 3, 8]},
			"faces": {
				"north": {"uv": [0, 0, 2, 2], "rotation": 180, "texture": "#0"},
				"east": {"uv": [0, 0, 1, 2], "rotation": 180, "texture": "#0"},
				"south": {"uv": [0, 0, 2, 2], "rotation": 180, "texture": "#0"},
				"west": {"uv": [0, 0, 1, 2], "rotation": 180, "texture": "#0"},
				"up": {"uv": [0, 0, 2, 1], "texture": "#0"},
				"down": {"uv": [0, 0, 2, 1], "texture": "#0"}
			}
		},
		{
			"from": [13.5, 2, 1.5],
			"to": [15.5, 4, 2.5],
			"rotation": {"angle": 0, "axis": "x", "origin": [8, 3, 8]},
			"faces": {
				"north": {"uv": [0, 0, 2, 2], "rotation": 180, "texture": "#0"},
				"east": {"uv": [0, 0, 1, 2], "rotation": 180, "texture": "#0"},
				"south": {"uv": [0, 0, 2, 2], "rotation": 180, "texture": "#0"},
				"west": {"uv": [0, 0, 1, 2], "rotation": 180, "texture": "#0"},
				"up": {"uv": [0, 0, 2, 1], "texture": "#0"},
				"down": {"uv": [0, 0, 2, 1], "texture": "#0"}
			}
		},
		{
			"from": [-0.5, 2, 2.5],
			"to": [0.5, 4, 13.5],
			"rotation": {"angle": 0, "axis": "x", "origin": [8, 3, 8]},
			"faces": {
				"north": {"uv": [0, 0, 1, 2], "rotation": 180, "texture": "#0"},
				"east": {"uv": [0, 0, 11, 2], "rotation": 180, "texture": "#0"},
				"south": {"uv": [0, 0, 1, 2], "rotation": 180, "texture": "#0"},
				"west": {"uv": [0, 0, 11, 2], "rotation": 180, "texture": "#0"},
				"up": {"uv": [0, 0, 11, 1], "rotation": 90, "texture": "#0"},
				"down": {"uv": [0, 0, 11, 1], "rotation": 270, "texture": "#0"}
			}
		},
		{
			"from": [2.5, 2, 14.5],
			"to": [13.5, 4, 15.5],
			"rotation": {"angle": 0, "axis": "x", "origin": [8, 3, 8]},
			"faces": {
				"north": {"uv": [0, 0, 11, 2], "rotation": 180, "texture": "#0"},
				"east": {"uv": [0, 0, 1, 2], "rotation": 180, "texture": "#0"},
				"south": {"uv": [0, 0, 11, 2], "rotation": 180, "texture": "#0"},
				"west": {"uv": [0, 0, 1, 2], "rotation": 180, "texture": "#0"},
				"up": {"uv": [0, 0, 11, 1], "texture": "#0"},
				"down": {"uv": [0, 0, 11, 1], "texture": "#0"}
			}
		},
		{
			"from": [2.5, 2, 13.5],
			"to": [13.5, 4, 14.5],
			"rotation": {"angle": 0, "axis": "x", "origin": [8, 3, 8]},
			"faces": {
				"north": {"uv": [0, 0, 11, 2], "rotation": 180, "texture": "#0"},
				"east": {"uv": [0, 0, 1, 2], "rotation": 180, "texture": "#0"},
				"south": {"uv": [0, 0, 11, 2], "rotation": 180, "texture": "#0"},
				"west": {"uv": [0, 0, 1, 2], "rotation": 180, "texture": "#0"},
				"up": {"uv": [0, 0, 11, 1], "texture": "#0"},
				"down": {"uv": [0, 0, 11, 1], "texture": "#0"}
			}
		},
		{
			"from": [2.5, 3.5625, 1.5],
			"to": [13.5, 4, 2.3125],
			"rotation": {"angle": 0, "axis": "x", "origin": [8, 3.1875, 8]},
			"faces": {
				"north": {"uv": [0, 0, 11, 0.4375], "rotation": 180, "texture": "#0"},
				"east": {"uv": [0, 0, 0.8125, 0.4375], "rotation": 180, "texture": "#0"},
				"south": {"uv": [0, 0, 11, 0.4375], "rotation": 180, "texture": "#0"},
				"west": {"uv": [0, 0, 0.8125, 0.4375], "rotation": 180, "texture": "#0"},
				"up": {"uv": [0, 0, 11, 0.8125], "texture": "#0"},
				"down": {"uv": [0, 0, 11, 0.8125], "texture": "#0"}
			}
		},
		{
			"from": [15.5, 2, 2.5],
			"to": [16.5, 4, 13.5],
			"rotation": {"angle": 0, "axis": "x", "origin": [8, 3, 8]},
			"faces": {
				"north": {"uv": [0, 0, 1, 2], "rotation": 180, "texture": "#0"},
				"east": {"uv": [0, 0, 11, 2], "rotation": 180, "texture": "#0"},
				"south": {"uv": [0, 0, 1, 2], "rotation": 180, "texture": "#0"},
				"west": {"uv": [0, 0, 11, 2], "rotation": 180, "texture": "#0"},
				"up": {"uv": [0, 0, 1, 11], "texture": "#0"},
				"down": {"uv": [0, 0, 1, 11], "texture": "#0"}
			}
		},
		{
			"from": [0.5, 3.5625, 2.3125],
			"to": [15.5, 4.1875, 13.625],
			"rotation": {"angle": 0, "axis": "x", "origin": [8, 3, 8]},
			"faces": {
				"north": {"uv": [0, 0, 15, 0.625], "rotation": 180, "texture": "#0"},
				"east": {"uv": [0, 0, 11.3125, 0.625], "rotation": 180, "texture": "#0"},
				"south": {"uv": [0, 0, 15, 0.625], "rotation": 180, "texture": "#0"},
				"west": {"uv": [0, 0, 11.3125, 0.625], "rotation": 180, "texture": "#0"},
				"up": {"uv": [0, 0, 15, 11.3125], "texture": "#0"},
				"down": {"uv": [0, 0, 15, 11.3125], "texture": "#0"}
			}
		},
		{
			"from": [0.5, 2, 13.5],
			"to": [2.5, 4, 14.5],
			"rotation": {"angle": 0, "axis": "x", "origin": [8, 3, 8]},
			"faces": {
				"north": {"uv": [0, 0, 2, 2], "rotation": 180, "texture": "#0"},
				"east": {"uv": [0, 0, 1, 2], "rotation": 180, "texture": "#0"},
				"south": {"uv": [0, 0, 2, 2], "rotation": 180, "texture": "#0"},
				"west": {"uv": [0, 0, 1, 2], "rotation": 180, "texture": "#0"},
				"up": {"uv": [0, 0, 1, 2], "rotation": 90, "texture": "#0"},
				"down": {"uv": [0, 0, 1, 2], "rotation": 270, "texture": "#0"}
			}
		},
		{
			"from": [2.5, 2, 0.5],
			"to": [13.5, 4, 1.5],
			"rotation": {"angle": 0, "axis": "x", "origin": [8, 3, 8]},
			"faces": {
				"north": {"uv": [0, 0, 11, 2], "rotation": 180, "texture": "#0"},
				"east": {"uv": [0, 0, 1, 2], "rotation": 180, "texture": "#0"},
				"south": {"uv": [0, 0, 11, 2], "rotation": 180, "texture": "#0"},
				"west": {"uv": [0, 0, 1, 2], "rotation": 180, "texture": "#0"},
				"up": {"uv": [0, 0, 11, 1], "texture": "#0"},
				"down": {"uv": [0, 0, 11, 1], "texture": "#0"}
			}
		},
		{
			"from": [0.5, 2, 1.5],
			"to": [2.5, 4, 2.5],
			"rotation": {"angle": 0, "axis": "x", "origin": [8, 3, 8]},
			"faces": {
				"north": {"uv": [0, 0, 2, 2], "rotation": 180, "texture": "#0"},
				"east": {"uv": [0, 0, 1, 2], "rotation": 180, "texture": "#0"},
				"south": {"uv": [0, 0, 2, 2], "rotation": 180, "texture": "#0"},
				"west": {"uv": [0, 0, 1, 2], "rotation": 180, "texture": "#0"},
				"up": {"uv": [0, 0, 1, 2], "rotation": 90, "texture": "#0"},
				"down": {"uv": [0, 0, 1, 2], "rotation": 270, "texture": "#0"}
			}
		},
		{
			"from": [-0.71875, 0.375, 7.59375],
			"to": [-0.46875, 1.4375, 8.53125],
			"rotation": {"angle": 0, "axis": "y", "origin": [-0.6875, 1, 8.28125]},
			"faces": {
				"north": {"uv": [0, 0, 0.25, 1.0625], "texture": "#2"},
				"east": {"uv": [0, 0, 0.25, 1.0625], "texture": "#2"},
				"south": {"uv": [0, 0, 0.25, 1.0625], "texture": "#2"},
				"west": {"uv": [0, 0, 0.25, 1.0625], "texture": "#2"},
				"up": {"uv": [0, 0, 0.25, 1.0625], "texture": "#2"},
				"down": {"uv": [0, 0, 0.25, 1.0625], "texture": "#2"}
			}
		},
		{
			"from": [16.51042, 0.375, 7.59375],
			"to": [16.76042, 1.4375, 8.53125],
			"rotation": {"angle": 0, "axis": "y", "origin": [16.58333, 1.61458, 8.0625]},
			"faces": {
				"north": {"uv": [0, 0, 0.25, 1.0625], "texture": "#2"},
				"east": {"uv": [0, 0, 0.25, 1.0625], "texture": "#2"},
				"south": {"uv": [0, 0, 0.25, 1.0625], "texture": "#2"},
				"west": {"uv": [0, 0, 0.25, 1.0625], "texture": "#2"},
				"up": {"uv": [0, 0, 0.25, 1.0625], "rotation": 180, "texture": "#2"},
				"down": {"uv": [0, 0, 0.25, 1.0625], "rotation": 180, "texture": "#2"}
			}
		},
		{
			"from": [-0.59375, 1.25, 7.59375],
			"to": [-0.46875, 1.9375, 8.53125],
			"rotation": {"angle": 0, "axis": "z", "origin": [-0.6875, 1.5, 8.28125]},
			"faces": {
				"north": {"uv": [0, 0, 0.125, 0.6875], "texture": "#2"},
				"east": {"uv": [0, 0, 0.125, 0.6875], "texture": "#2"},
				"south": {"uv": [0, 0, 0.125, 0.6875], "texture": "#2"},
				"west": {"uv": [0, 0, 0.125, 0.6875], "texture": "#2"},
				"up": {"uv": [0, 0, 0.125, 0.6875], "texture": "#2"},
				"down": {"uv": [0, 0, 0.125, 0.6875], "texture": "#2"}
			}
		},
		{
			"from": [16.51042, 1.25, 7.59375],
			"to": [16.63542, 1.9375, 8.53125],
			"rotation": {"angle": 0, "axis": "y", "origin": [16.58333, 1.61458, 8.0625]},
			"faces": {
				"north": {"uv": [0, 0, 0.125, 0.6875], "texture": "#2"},
				"east": {"uv": [0, 0, 0.125, 0.6875], "texture": "#2"},
				"south": {"uv": [0, 0, 0.125, 0.6875], "texture": "#2"},
				"west": {"uv": [0, 0, 0.125, 0.6875], "texture": "#2"},
				"up": {"uv": [0, 0, 0.125, 0.6875], "rotation": 180, "texture": "#2"},
				"down": {"uv": [0, 0, 0.125, 0.6875], "rotation": 180, "texture": "#2"}
			}
		},
		{
			"from": [-0.53125, 1.9375, 7.59375],
			"to": [-0.46875, 2.75, 8.53125],
			"rotation": {"angle": 0, "axis": "z", "origin": [-0.625, 2, 8.28125]},
			"faces": {
				"north": {"uv": [0, 0, 0.0625, 0.5], "texture": "#2"},
				"east": {"uv": [0, 0, 0.0625, 0.5], "texture": "#2"},
				"south": {"uv": [0, 0, 0.0625, 0.5], "texture": "#2"},
				"west": {"uv": [0, 0, 0.0625, 0.5], "texture": "#2"},
				"up": {"uv": [0, 0, 0.0625, 0.5], "texture": "#2"},
				"down": {"uv": [0, 0, 0.0625, 0.5], "texture": "#2"}
			}
		},
		{
			"from": [16.51042, 1.9375, 7.59375],
			"to": [16.57292, 2.75, 8.53125],
			"rotation": {"angle": 0, "axis": "y", "origin": [16.58333, 1.61458, 8.0625]},
			"faces": {
				"north": {"uv": [0, 0, 0.0625, 0.5], "texture": "#2"},
				"east": {"uv": [0, 0, 0.0625, 0.5], "texture": "#2"},
				"south": {"uv": [0, 0, 0.0625, 0.5], "texture": "#2"},
				"west": {"uv": [0, 0, 0.0625, 0.5], "texture": "#2"},
				"up": {"uv": [0, 0, 0.0625, 0.5], "rotation": 180, "texture": "#2"},
				"down": {"uv": [0, 0, 0.0625, 0.5], "rotation": 180, "texture": "#2"}
			}
		},
		{
			"from": [2.8125, 0.625, 0.0625],
			"to": [4.1875, 1.375, 0.5],
			"rotation": {"angle": 0, "axis": "y", "origin": [6.3125, 0.5, 7]},
			"faces": {
				"north": {"uv": [0, 0, 1.375, 0.75], "texture": "#4"},
				"east": {"uv": [0, 0, 0.4375, 0.75], "texture": "#4"},
				"south": {"uv": [0, 0, 1.375, 0.75], "texture": "#4"},
				"west": {"uv": [0, 0, 0.4375, 0.75], "texture": "#4"},
				"up": {"uv": [0, 0, 1.375, 0.4375], "texture": "#4"},
				"down": {"uv": [0, 0, 1.375, 0.4375], "texture": "#4"}
			}
		},
		{
			"from": [8, 0.6875, -0.5625],
			"to": [12.75, 1.3125, -0.25],
			"rotation": {"angle": -22.5, "axis": "y", "origin": [10.5625, 1, -0.40625]},
			"faces": {
				"north": {"uv": [1, 1, 9.375, 1.625], "texture": "#2"},
				"east": {"uv": [2, 1, 2.313, 1.625], "texture": "#2"},
				"south": {"uv": [1, 1, 9.375, 1.625], "texture": "#2"},
				"west": {"uv": [2, 1, 2.313, 1.625], "texture": "#2"},
				"up": {"uv": [2, 1, 10.375, 1.313], "texture": "#2"},
				"down": {"uv": [1, 1, 9.375, 1.313], "texture": "#2"}
			}
		},
		{
			"from": [8.375, 0.6875, -0.5625],
			"to": [12.75, 1.3125, -0.25],
			"rotation": {"angle": -22.5, "axis": "y", "origin": [10.5625, 1, -0.40625]},
			"faces": {
				"north": {"uv": [1, 1, 9.375, 1.625], "texture": "#2"},
				"east": {"uv": [2, 1, 2.313, 1.625], "texture": "#2"},
				"south": {"uv": [1, 1, 9.375, 1.625], "texture": "#2"},
				"west": {"uv": [2, 1, 2.313, 1.625], "texture": "#2"},
				"up": {"uv": [2, 1, 10.375, 1.313], "texture": "#2"},
				"down": {"uv": [1, 1, 9.375, 1.313], "texture": "#2"}
			}
		},
		{
			"from": [3.75, 0.6875, -0.6875],
			"to": [8.4375, 1.3125, -0.375],
			"rotation": {"angle": 22.5, "axis": "y", "origin": [5.9375, 1, -0.53125]},
			"faces": {
				"north": {"uv": [1, 1, 9.375, 1.625], "texture": "#2"},
				"east": {"uv": [2, 1, 2.313, 1.625], "texture": "#2"},
				"south": {"uv": [1, 1, 9.375, 1.625], "texture": "#2"},
				"west": {"uv": [2, 1, 2.313, 1.625], "texture": "#2"},
				"up": {"uv": [2, 1, 10.375, 1.313], "rotation": 180, "texture": "#2"},
				"down": {"uv": [1, 1, 9.375, 1.313], "rotation": 180, "texture": "#2"}
			}
		},
		{
			"from": [11.8125, 0.625, 0.0625],
			"to": [13.1875, 1.375, 0.5],
			"rotation": {"angle": 0, "axis": "y", "origin": [15.3125, 0.5, 7]},
			"faces": {
				"north": {"uv": [0, 0, 1.375, 0.75], "texture": "#4"},
				"east": {"uv": [0, 0, 0.4375, 0.75], "texture": "#4"},
				"south": {"uv": [0, 0, 1.375, 0.75], "texture": "#4"},
				"west": {"uv": [0, 0, 0.4375, 0.75], "texture": "#4"},
				"up": {"uv": [0, 0, 1.375, 0.4375], "texture": "#4"},
				"down": {"uv": [0, 0, 1.375, 0.4375], "texture": "#4"}
			}
		},
		{
			"from": [3.125, 1.52308, 14.77877],
			"to": [3.3125, 2.83558, 15.65377],
			"rotation": {"angle": 0, "axis": "x", "origin": [3.21875, 2.17933, 15.21627]},
			"faces": {
				"north": {"uv": [0, 0, 0.1875, 1.3125], "texture": "#2"},
				"east": {"uv": [0, 0, 0.875, 1.3125], "texture": "#2"},
				"south": {"uv": [0, 0, 0.1875, 1.3125], "texture": "#2"},
				"west": {"uv": [0, 0, 0.875, 1.3125], "texture": "#2"},
				"up": {"uv": [0, 0, 0.1875, 0.875], "texture": "#2"},
				"down": {"uv": [0, 0, 0.1875, 0.875], "texture": "#2"}
			}
		},
		{
			"from": [12.5, 1.52308, 14.77877],
			"to": [12.6875, 2.83558, 15.65377],
			"rotation": {"angle": 0, "axis": "x", "origin": [12.59375, 2.17933, 15.21627]},
			"faces": {
				"north": {"uv": [0, 0, 0.1875, 1.3125], "texture": "#2"},
				"east": {"uv": [0, 0, 0.875, 1.3125], "texture": "#2"},
				"south": {"uv": [0, 0, 0.1875, 1.3125], "texture": "#2"},
				"west": {"uv": [0, 0, 0.875, 1.3125], "texture": "#2"},
				"up": {"uv": [0, 0, 0.1875, 0.875], "texture": "#2"},
				"down": {"uv": [0, 0, 0.1875, 0.875], "texture": "#2"}
			}
		}
	],
	"display": {
		"thirdperson_righthand": {
			"rotation": [170.25, 0.75, -100.5],
			"translation": [2.75, -1.75, -3.5],
			"scale": [0.6, 0.6, 0.6]
		},
		"thirdperson_lefthand": {
			"rotation": [170.25, 0.75, -100.5],
			"translation": [2.75, -1.75, -3.5],
			"scale": [0.6, 0.6, 0.6]
		},
		"firstperson_righthand": {
			"rotation": [84, 0, -100.5],
			"translation": [6.25, -1.5, -3.5],
			"scale": [0.6, 0.6, 0.6]
		},
		"firstperson_lefthand": {
			"rotation": [84, 0, -100.5],
			"translation": [6.25, -1.5, -3.5],
			"scale": [0.6, 0.6, 0.6]
		},
		"ground": {
			"scale": [0.6, 0.6, 0.6]
		},
		"gui": {
			"rotation": [-82, -180, 34],
			"translation": [1.75, -0.75, 0],
			"scale": [0.6, 0.6, 0.6]
		},
		"head": {
			"translation": [0, -35, 0],
			"scale": [2, 2, 2]
		},
		"fixed": {
			"rotation": [-90, 0, 0],
			"translation": [0, 1, -8.5]
		}
	},
	"groups": [
		{
			"name": "group",
			"origin": [1.5, 0.5, 14.5],
			"children": [0, 1, 2, 3, 4, 5, 6, 7, 8, 9, 10]
		},
		{
			"name": "group",
			"origin": [1.5, 0.5, 14.5],
			"children": [11, 12, 13, 14, 15, 16, 17, 18, 19, 20, 21]
		},
		{
			"name": "group",
			"origin": [17.08139, 1.20553, 8.0625],
			"children": [22, 23, 24, 25, 26, 27, 28, 29, 30, 31, 32]
		}, 33, 34]
}
