{
	"credit": "Made with Blockbench",
	"textures": {
		"0": "custom/communism_banner",
		"particle": "custom/communism_banner"
	},
	"elements": [
		{
			"from": [3, -4, -3],
			"to": [3.5, 32, -2.5],
			"rotation": {"angle": 0, "axis": "y", "origin": [11, 8, 5]},
			"faces": {
				"north": {"uv": [4.25, 2.25, 4.5, 2.5], "texture": "#0"},
				"east": {"uv": [4.25, 2.25, 4.5, 2.5], "texture": "#0"},
				"south": {"uv": [4.25, 2.25, 4.5, 2.5], "texture": "#0"},
				"west": {"uv": [4.25, 2.25, 4.5, 2.5], "texture": "#0"},
				"up": {"uv": [4.25, 2.25, 4.5, 2.5], "texture": "#0"},
				"down": {"uv": [4.25, 2.25, 4.5, 2.5], "texture": "#0"}
			}
		},
		{
			"from": [3.25, 17.3, -2.45],
			"to": [3.251, 31.3, 24.3],
			"rotation": {"angle": 0, "axis": "y", "origin": [11, 7.3, 11.3]},
			"faces": {
				"north": {"uv": [0, 0, 0.001, 14], "texture": "#missing"},
				"east": {"uv": [0, 0, 15.938, 7.813], "texture": "#0"},
				"south": {"uv": [0, 0, 0.001, 14], "texture": "#missing"},
				"west": {"uv": [16, 0, 0, 7.813], "texture": "#0"},
				"up": {"uv": [0, 0, 0.001, 16], "texture": "#missing"},
				"down": {"uv": [0, 0, 0.001, 16], "texture": "#missing"}
			}
		}
	],
	"display": {
		"head": {
			"rotation": [9, 0, 0],
			"translation": [5.25, -36, 28.5],
			"scale": [1.9, 1.9, 1.9]
		}
	}
}