{
	"credit": "Made with Blockbench",
	"textures": {
		"0": "entity/enderdragon/dragon",
		"particle": "entity/enderdragon/dragon"
	},
	"elements": [
		{
			"from": [-1.25, 10.25, 7.5],
			"to": [7.5, 10.75, 8],
			"rotation": {"angle": 0, "axis": "y", "origin": [10.25, 18.25, 15]},
			"faces": {
				"north": {"uv": [7.5, 5.563, 12, 6.063], "texture": "#0"},
				"east": {"uv": [7.5, 5.563, 8, 6.063], "texture": "#0"},
				"south": {"uv": [7.5, 5.563, 12, 6.063], "texture": "#0"},
				"west": {"uv": [7, 6, 7.5, 6.5], "texture": "#0"},
				"up": {"uv": [7.5, 5.563, 12, 6.063], "texture": "#0"},
				"down": {"uv": [7.5, 5.563, 12, 6.063], "texture": "#0"}
			}
		},
		{
			"from": [-9.9, 10.35, 7.6],
			"to": [-1, 10.65, 7.875],
			"rotation": {"angle": 22.5, "axis": "y", "origin": [-1, 10.25, 8]},
			"faces": {
				"north": {"uv": [7.5, 5.563, 12, 6.063], "texture": "#0"},
				"east": {"uv": [7.5, 5.563, 8, 6.063], "texture": "#0"},
				"south": {"uv": [7.5, 5.563, 12, 6.063], "texture": "#0"},
				"west": {"uv": [7, 6, 7.5, 6.5], "texture": "#0"},
				"up": {"uv": [7.5, 5.563, 12, 6.063], "texture": "#0"},
				"down": {"uv": [7.5, 5.563, 12, 6.063], "texture": "#0"}
			}
		},
		{
			"from": [-9.75, 2.5, 8.2],
			"to": [-1, 10.35, 8.201],
			"rotation": {"angle": 22.5, "axis": "y", "origin": [-2.25, 2.5, 8.6]},
			"faces": {
				"north": {"uv": [0, 9.063, 3.5, 12.438], "rotation": 180, "texture": "#0"},
				"east": {"uv": [7.75, 10, 8.25, 10.5], "texture": "#0"},
				"south": {"uv": [0, 9, 3.5, 12.438], "rotation": 270, "texture": "#0"},
				"west": {"uv": [6.938, 11, 7.438, 11.5], "texture": "#0"},
				"up": {"uv": [7.813, 10.688, 12.313, 11.188], "texture": "#0"},
				"down": {"uv": [7.313, 12.375, 11.813, 12.875], "texture": "#0"}
			}
		},
		{
			"from": [-1.25, 2.5, 7.75],
			"to": [7.5, 10.25, 7.751],
			"rotation": {"angle": 0, "axis": "y", "origin": [10.25, 13.5, 15.25]},
			"faces": {
				"north": {"uv": [0, 5.813, 3.5, 8.999], "rotation": 180, "texture": "#0"},
				"east": {"uv": [6.375, 10.813, 9.875, 14.313], "rotation": 180, "texture": "#0"},
				"south": {"uv": [3.5, 5.813, 0, 8.999], "rotation": 180, "texture": "#0"},
				"west": {"uv": [5.688, 10.25, 8.688, 13.25], "rotation": 180, "texture": "#0"},
				"up": {"uv": [6.75, 10.5, 10.25, 14], "rotation": 180, "texture": "#0"},
				"down": {"uv": [9.313, 11, 12.813, 14.5], "rotation": 180, "texture": "#0"}
			}
		},
		{
			"from": [8.5, 2.5, 7.75],
			"to": [17.25, 10.25, 7.751],
			"rotation": {"angle": 0, "axis": "y", "origin": [20, 13.5, 15.25]},
			"faces": {
				"north": {"uv": [3.5, 5.813, 0, 8.999], "rotation": 180, "texture": "#0"},
				"east": {"uv": [6.375, 10.813, 9.875, 14.313], "rotation": 180, "texture": "#0"},
				"south": {"uv": [0, 5.813, 3.5, 8.999], "rotation": 180, "texture": "#0"},
				"west": {"uv": [5.688, 10.25, 8.688, 13.25], "rotation": 180, "texture": "#0"},
				"up": {"uv": [6.75, 10.5, 10.25, 14], "rotation": 180, "texture": "#0"},
				"down": {"uv": [9.313, 11, 12.813, 14.5], "rotation": 180, "texture": "#0"}
			}
		},
		{
			"from": [8.5, 10.25, 7.5],
			"to": [17.25, 10.75, 8],
			"rotation": {"angle": 0, "axis": "y", "origin": [20, 18.25, 15]},
			"faces": {
				"north": {"uv": [7.5, 5.563, 12, 6.063], "texture": "#0"},
				"east": {"uv": [7.5, 5.563, 8, 6.063], "texture": "#0"},
				"south": {"uv": [7.5, 5.563, 12, 6.063], "texture": "#0"},
				"west": {"uv": [7, 6, 7.5, 6.5], "texture": "#0"},
				"up": {"uv": [7.5, 5.563, 12, 6.063], "texture": "#0"},
				"down": {"uv": [7.5, 5.563, 12, 6.063], "texture": "#0"}
			}
		},
		{
			"from": [16.4, 10.325, 11.025],
			"to": [25.3, 10.625, 11.3],
			"rotation": {"angle": -22.5, "axis": "y", "origin": [25.3, 10.225, 11.425]},
			"faces": {
				"north": {"uv": [7.5, 5.563, 12, 6.063], "texture": "#0"},
				"east": {"uv": [7.5, 5.563, 8, 6.063], "texture": "#0"},
				"south": {"uv": [7.5, 5.563, 12, 6.063], "texture": "#0"},
				"west": {"uv": [7, 6, 7.5, 6.5], "texture": "#0"},
				"up": {"uv": [7.5, 5.563, 12, 6.063], "texture": "#0"},
				"down": {"uv": [7.5, 5.563, 12, 6.063], "texture": "#0"}
			}
		},
		{
			"from": [17.275, 2.5, 8.249],
			"to": [26.025, 10.35, 8.25],
			"rotation": {"angle": -22.5, "axis": "y", "origin": [18.525, 2.5, 7.85]},
			"faces": {
				"north": {"uv": [0, 12.438, 3.5, 9], "texture": "#0"},
				"east": {"uv": [6.938, 11, 7.438, 11.5], "texture": "#0"},
				"south": {"uv": [0, 9.063, 3.5, 12.438], "rotation": 180, "texture": "#0"},
				"west": {"uv": [7.75, 10, 8.25, 10.5], "texture": "#0"},
				"up": {"uv": [7.813, 10.688, 12.313, 11.188], "rotation": 180, "texture": "#0"},
				"down": {"uv": [7.313, 12.375, 11.813, 12.875], "rotation": 180, "texture": "#0"}
			}
		}
	],
	"display": {
		"head": {
			"translation": [0, -45, 9],
			"scale": [4, 4, 4]
		}
	},
	"groups": [0, 1, 2, 3,
		{
			"name": "group",
			"origin": [14.75, 2.5, 8.6],
			"children": [4, 5, 6, 7]
		}
	]
}