{
	"credit": "Made with Blockbench",
	"textures": {
		"0": "block/spruce_planks",
		"1": "block/light_gray_shulker_box",
		"particle": "block/spruce_planks"
	},
	"elements": [
		{
			"from": [4, 4.6875, 3],
			"to": [12, 5.6875, 4],
			"rotation": {"angle": -45, "axis": "x", "origin": [11.5, 5.1875, 8]},
			"faces": {
				"north": {"uv": [0, 2, 8, 3], "texture": "#0"},
				"east": {"uv": [0, 2, 8, 3], "texture": "#0"},
				"south": {"uv": [0, 2, 8, 3], "texture": "#0"},
				"west": {"uv": [0, 2, 8, 3], "texture": "#0"},
				"up": {"uv": [0, 2, 8, 3], "texture": "#0"},
				"down": {"uv": [0, 2, 8, 3], "texture": "#0"}
			}
		},
		{
			"from": [12, 4.6875, 1],
			"to": [13, 5.6875, 15.3125],
			"rotation": {"angle": -45, "axis": "x", "origin": [12.5, 5.1875, 8]},
			"faces": {
				"north": {"uv": [0, 0, 1, 1], "rotation": 180, "texture": "#0"},
				"east": {"uv": [0, 0, 14.3125, 1], "rotation": 180, "texture": "#0"},
				"south": {"uv": [0, 0, 1, 1], "rotation": 180, "texture": "#missing"},
				"west": {"uv": [0, 0, 14.3125, 1], "rotation": 180, "texture": "#0"},
				"up": {"uv": [0, 1, 1, 15.313], "texture": "#0"},
				"down": {"uv": [0, 0, 1, 14.3125], "texture": "#0"}
			}
		},
		{
			"from": [3, 4.6875, 1],
			"to": [4, 5.6875, 15.5],
			"rotation": {"angle": -45, "axis": "x", "origin": [3.5, 5.1875, 8]},
			"faces": {
				"north": {"uv": [0, 0, 1, 1], "rotation": 180, "texture": "#0"},
				"east": {"uv": [0, 0, 14.5, 1], "rotation": 180, "texture": "#0"},
				"south": {"uv": [0, 0, 1, 1], "rotation": 180, "texture": "#missing"},
				"west": {"uv": [0, 0, 14.5, 1], "rotation": 180, "texture": "#0"},
				"up": {"uv": [0, 0, 1, 14.5], "texture": "#0"},
				"down": {"uv": [0, 0, 1, 14.5], "texture": "#0"}
			}
		},
		{
			"from": [3, 10.1875, 14.5],
			"to": [4, 22.6875, 15.5],
			"rotation": {"angle": 22.5, "axis": "x", "origin": [3.5, 14.1875, 15]},
			"faces": {
				"north": {"uv": [0, 0, 1, 12.5], "rotation": 180, "texture": "#0"},
				"east": {"uv": [0, 0, 12.5, 1], "rotation": 270, "texture": "#0"},
				"south": {"uv": [0, 0, 1, 12.5], "texture": "#0"},
				"west": {"uv": [0, 0, 12.5, 1], "rotation": 90, "texture": "#0"},
				"up": {"uv": [0, 0, 1, 1], "rotation": 180, "texture": "#0"},
				"down": {"uv": [0, 0, 1, 1], "texture": "#0"}
			}
		},
		{
			"from": [4, 18.1875, 15.75],
			"to": [12, 18.6875, 16.75],
			"rotation": {"angle": 22.5, "axis": "x", "origin": [4.5, 17.1875, 16.25]},
			"faces": {
				"north": {"uv": [0, 0, 8, 0.5], "rotation": 180, "texture": "#0"},
				"east": {"uv": [0, 0, 0.5, 1], "rotation": 270, "texture": "#0"},
				"south": {"uv": [0, 0, 8, 0.5], "texture": "#0"},
				"west": {"uv": [0, 0, 0.5, 1], "rotation": 90, "texture": "#0"},
				"up": {"uv": [0, 0, 8, 1], "rotation": 180, "texture": "#0"},
				"down": {"uv": [0, 0, 8, 1], "texture": "#0"}
			}
		},
		{
			"from": [4, 15.125, 14.5],
			"to": [12, 15.625, 15.5],
			"rotation": {"angle": 22.5, "axis": "x", "origin": [4.5, 14.125, 15]},
			"faces": {
				"north": {"uv": [0, 0, 8, 0.5], "rotation": 180, "texture": "#0"},
				"east": {"uv": [0, 0, 0.5, 1], "rotation": 270, "texture": "#0"},
				"south": {"uv": [0, 0, 8, 0.5], "texture": "#0"},
				"west": {"uv": [0, 0, 0.5, 1], "rotation": 90, "texture": "#0"},
				"up": {"uv": [0, 0, 8, 1], "rotation": 180, "texture": "#0"},
				"down": {"uv": [0, 0, 8, 1], "texture": "#0"}
			}
		},
		{
			"from": [12, 10.1875, 14.5],
			"to": [13, 22.6875, 15.5],
			"rotation": {"angle": 22.5, "axis": "x", "origin": [12.5, 14.1875, 15]},
			"faces": {
				"north": {"uv": [0, 0, 1, 12.5], "rotation": 180, "texture": "#0"},
				"east": {"uv": [0, 0, 12.5, 1], "rotation": 270, "texture": "#0"},
				"south": {"uv": [0, 0, 1, 12.5], "texture": "#0"},
				"west": {"uv": [0, 0, 12.5, 1], "rotation": 90, "texture": "#0"},
				"up": {"uv": [0, 0, 1, 1], "rotation": 180, "texture": "#0"},
				"down": {"uv": [0, 0, 1, 1], "texture": "#0"}
			}
		},
		{
			"from": [4, 12.1875, 14.5],
			"to": [12, 22.6875, 14.75],
			"rotation": {"angle": 22.5, "axis": "x", "origin": [11.5, 14.1875, 15]},
			"faces": {
				"north": {"uv": [0, 0, 16, 15.5], "rotation": 180, "texture": "#1"},
				"east": {"uv": [0, 0, 10.5, 0.25], "rotation": 270, "texture": "#1"},
				"south": {"uv": [0, 0, 16, 15.5], "texture": "#1"},
				"west": {"uv": [0, 0, 10.5, 0.25], "rotation": 90, "texture": "#1"},
				"up": {"uv": [0, 0, 8, 0.25], "rotation": 180, "texture": "#1"},
				"down": {"uv": [0, 0, 8, 0.25], "texture": "#1"}
			}
		},
		{
			"from": [12, 4.6875, 0.5625],
			"to": [13, 5.6875, 15],
			"rotation": {"angle": 45, "axis": "x", "origin": [12.5, 5.1875, 8]},
			"faces": {
				"north": {"uv": [0, 0, 1, 1], "texture": "#missing"},
				"east": {"uv": [0, 0, 14.4375, 1], "texture": "#0"},
				"south": {"uv": [0, 0, 1, 1], "texture": "#0"},
				"west": {"uv": [0, 0, 14.4375, 1], "texture": "#0"},
				"up": {"uv": [0, 0, 1, 14.4375], "texture": "#0"},
				"down": {"uv": [0, 0, 1, 14.4375], "texture": "#0"}
			}
		},
		{
			"from": [4, 4.6875, 12],
			"to": [12, 5.6875, 13],
			"rotation": {"angle": 45, "axis": "x", "origin": [11.5, 5.1875, 8]},
			"faces": {
				"north": {"uv": [0, 0, 8, 1], "texture": "#0"},
				"east": {"uv": [0, 0, 8, 1], "texture": "#0"},
				"south": {"uv": [0, 0, 8, 1], "texture": "#0"},
				"west": {"uv": [0, 0, 8, 1], "texture": "#0"},
				"up": {"uv": [0, 0, 8, 1], "texture": "#0"},
				"down": {"uv": [0, 0, 8, 1], "texture": "#0"}
			}
		},
		{
			"from": [3, 4.6875, 0.625],
			"to": [4, 5.6875, 15],
			"rotation": {"angle": 45, "axis": "x", "origin": [3.5, 5.1875, 8]},
			"faces": {
				"north": {"uv": [0, 0, 1, 1], "texture": "#missing"},
				"east": {"uv": [0, 0, 14.375, 1], "texture": "#0"},
				"south": {"uv": [0, 0, 1, 1], "texture": "#0"},
				"west": {"uv": [0, 0, 14.375, 1], "texture": "#0"},
				"up": {"uv": [0, 0, 1, 14.375], "texture": "#0"},
				"down": {"uv": [0, 0, 1, 14.375], "texture": "#0"}
			}
		},
		{
			"from": [3, 10, 2],
			"to": [4, 11, 14],
			"rotation": {"angle": 0, "axis": "y", "origin": [3.5, 10.5, 2.5]},
			"faces": {
				"north": {"uv": [0, 0, 1, 1], "texture": "#0"},
				"east": {"uv": [0, 0, 12, 1], "texture": "#0"},
				"south": {"uv": [0, 0, 1, 1], "texture": "#0"},
				"west": {"uv": [0, 0, 12, 1], "texture": "#0"},
				"up": {"uv": [0, 0, 1, 12], "texture": "#0"},
				"down": {"uv": [0, 0, 1, 12], "texture": "#0"}
			}
		},
		{
			"from": [12, 10, 2],
			"to": [13, 11, 14],
			"rotation": {"angle": 0, "axis": "y", "origin": [12.5, 10.5, 2.5]},
			"faces": {
				"north": {"uv": [0, 0, 1, 1], "texture": "#0"},
				"east": {"uv": [0, 0, 12, 1], "texture": "#0"},
				"south": {"uv": [0, 0, 1, 1], "texture": "#0"},
				"west": {"uv": [0, 0, 12, 1], "texture": "#0"},
				"up": {"uv": [0, 0, 1, 12], "texture": "#0"},
				"down": {"uv": [0, 0, 1, 12], "texture": "#0"}
			}
		},
		{
			"from": [13, 10, 8],
			"to": [13.5, 15, 9],
			"rotation": {"angle": 22.5, "axis": "x", "origin": [13.25, 12, 8.5]},
			"faces": {
				"north": {"uv": [0, 0, 0.5, 5], "texture": "#0"},
				"east": {"uv": [0, 0, 1, 5], "texture": "#0"},
				"south": {"uv": [0, 0, 0.5, 5], "texture": "#0"},
				"west": {"uv": [0, 0, 1, 5], "texture": "#0"},
				"up": {"uv": [0, 0, 0.5, 1], "texture": "#missing"},
				"down": {"uv": [0, 0, 0.5, 1], "texture": "#0"}
			}
		},
		{
			"from": [2.5, 14.5, 5.5],
			"to": [3, 15.5, 15.5],
			"rotation": {"angle": 0, "axis": "x", "origin": [2.75, 15, 10.5]},
			"faces": {
				"north": {"uv": [0, 0, 0.5, 1], "rotation": 180, "texture": "#0"},
				"east": {"uv": [0, 0, 1, 10], "rotation": 270, "texture": "#0"},
				"south": {"uv": [0, 0, 0.5, 1], "texture": "#0"},
				"west": {"uv": [0, 0, 1, 10], "rotation": 90, "texture": "#0"},
				"up": {"uv": [0, 0, 0.5, 10], "rotation": 180, "texture": "#0"},
				"down": {"uv": [0, 0, 0.5, 10], "texture": "#0"}
			}
		},
		{
			"from": [13, 14.5, 5.5],
			"to": [13.5, 15.5, 15.5],
			"rotation": {"angle": 0, "axis": "x", "origin": [13.25, 15, 10.5]},
			"faces": {
				"north": {"uv": [0, 0, 0.5, 1], "rotation": 180, "texture": "#0"},
				"east": {"uv": [0, 0, 1, 10], "rotation": 270, "texture": "#0"},
				"south": {"uv": [0, 0, 0.5, 1], "texture": "#0"},
				"west": {"uv": [0, 0, 1, 10], "rotation": 90, "texture": "#0"},
				"up": {"uv": [0, 0, 0.5, 10], "rotation": 180, "texture": "#0"},
				"down": {"uv": [0, 0, 0.5, 10], "texture": "#0"}
			}
		},
		{
			"from": [2.5, 10, 8],
			"to": [3, 15, 9],
			"rotation": {"angle": 22.5, "axis": "x", "origin": [2.75, 12, 8.5]},
			"faces": {
				"north": {"uv": [0, 0, 0.5, 5], "texture": "#0"},
				"east": {"uv": [0, 0, 1, 5], "texture": "#0"},
				"south": {"uv": [0, 0, 0.5, 5], "texture": "#0"},
				"west": {"uv": [0, 0, 1, 5], "texture": "#0"},
				"up": {"uv": [0, 0, 0.5, 1], "texture": "#0"},
				"down": {"uv": [0, 0, 0.5, 1], "texture": "#0"}
			}
		},
		{
			"from": [4, 10.75, 2],
			"to": [12, 11, 14],
			"rotation": {"angle": 0, "axis": "y", "origin": [11.5, 11.25, 2.5]},
			"faces": {
				"north": {"uv": [0, 0, 8, 0.25], "texture": "#1"},
				"east": {"uv": [0, 0, 12, 0.25], "texture": "#1"},
				"south": {"uv": [0, 0, 8, 0.25], "texture": "#1"},
				"west": {"uv": [0, 0, 12, 0.25], "texture": "#1"},
				"up": {"uv": [0, 0, 16, 16], "texture": "#1"},
				"down": {"uv": [0, 0, 16, 16], "texture": "#1"}
			}
		}
	],
	"display": {
		"thirdperson_righthand": {
			"rotation": [21.25, 152.75, 0],
			"translation": [0, 0, -1],
			"scale": [0.4, 0.4, 0.4]
		},
		"thirdperson_lefthand": {
			"rotation": [21.25, 152.75, 0],
			"translation": [0, 0, -1],
			"scale": [0.4, 0.4, 0.4]
		},
		"firstperson_righthand": {
			"rotation": [0, 110, 0],
			"translation": [0, 0, -1],
			"scale": [0.4, 0.4, 0.4]
		},
		"firstperson_lefthand": {
			"rotation": [0, 110, 0],
			"translation": [0, 0, -1],
			"scale": [0.4, 0.4, 0.4]
		},
		"ground": {
			"scale": [0.6, 0.6, 0.6]
		},
		"gui": {
			"rotation": [20.5, 154, 0],
			"translation": [-0.25, -2, 0],
			"scale": [0.6, 0.6, 0.6]
		},
		"head": {
			"translation": [0, -33.75, 0],
			"scale": [2.5, 2.2, 2.2]
		},
		"fixed": {
			"rotation": [-6.25, 0, 0],
			"translation": [0, 0, -6],
			"scale": [0.6, 0.6, 0.6]
		}
	}
}