{
	"credit": "Made with Blockbench",
	"parent": "pumpkin",
	"texture_size": [32, 32],
	"textures": {
		"0": "item/custom/gas_mask/document",
		"1": "item/custom/gas_mask/fl_down",
		"2": "item/custom/gas_mask/fl_side",
		"3": "item/custom/gas_mask/fl_up",
		"4": "item/custom/gas_mask/pumpkin_face_off",
		"6": "item/custom/gas_mask/pumpkin_top",
		"7": "item/custom/gas_mask/sh_top",
		"8": "item/custom/gas_mask/sh_side",
		"particle": "item/custom/gas_mask/document"
	},
	"elements": [
		{
			"from": [0, 0, 0],
			"to": [16, 16, 16],
			"faces": {
				"north": {"uv": [0, 0, 16, 16], "texture": "#4"},
				"east": {"uv": [0, 0, 16, 16], "texture": "#6"},
				"south": {"uv": [0, 0, 16, 16], "texture": "#6"},
				"west": {"uv": [0, 0, 16, 16], "texture": "#6"},
				"up": {"uv": [0, 0, 16, 16], "texture": "#6"},
				"down": {"uv": [0, 0, 16, 16], "texture": "#0"}
			}
		},
		{
			"from": [6, -2, -1],
			"to": [10, 1, 3],
			"rotation": {"angle": 0, "axis": "y", "origin": [14, 8, 8]},
			"faces": {
				"north": {"uv": [0, 0, 16, 16], "texture": "#7"},
				"east": {"uv": [0, 0, 16, 16], "texture": "#7"},
				"south": {"uv": [0, 0, 16, 16], "texture": "#7"},
				"west": {"uv": [0, 0, 16, 16], "texture": "#7"},
				"up": {"uv": [0, 0, 16, 16], "texture": "#8"},
				"down": {"uv": [0, 0, 16, 16], "texture": "#8"}
			}
		},
		{
			"from": [5, -5, -2],
			"to": [11, -2, 4],
			"rotation": {"angle": 0, "axis": "y", "origin": [13, 5, 8]},
			"faces": {
				"north": {"uv": [0, 0, 16, 16], "texture": "#2"},
				"east": {"uv": [0, 0, 16, 16], "texture": "#2"},
				"south": {"uv": [0, 0, 16, 16], "texture": "#2"},
				"west": {"uv": [0, 0, 16, 16], "texture": "#2"},
				"up": {"uv": [0, 0, 16, 16], "texture": "#3"},
				"down": {"uv": [0, 0, 16, 16], "texture": "#1"}
			}
		}
	],
	"display": {
		"thirdperson_righthand": {
			"rotation": [50, 65, 0],
			"scale": [0.45, 0.45, 0.45]
		},
		"thirdperson_lefthand": {
			"rotation": [50, 65, 0],
			"scale": [0.45, 0.45, 0.45]
		},
		"firstperson_righthand": {
			"rotation": [0, 95, 0],
			"translation": [0, 3.5, 0],
			"scale": [0.45, 0.45, 0.45]
		},
		"firstperson_lefthand": {
			"rotation": [0, 95, 0],
			"translation": [0, 3.5, 0],
			"scale": [0.45, 0.45, 0.45]
		},
		"ground": {
			"rotation": [45, 0, 0],
			"translation": [0, 3.5, 0],
			"scale": [0.65, 0.65, 0.65]
		},
		"gui": {
			"rotation": [0, -150, 0],
			"translation": [0, 0.25, 0],
			"scale": [0.9, 0.9, 0.9]
		},
		"head": {
			"translation": [0, -0.5, 0],
			"scale": [0.9, 0.9, 0.9]
		},
		"fixed": {
			"rotation": [7, 0, 0],
			"translation": [0, 1.5, 6.75],
			"scale": [1.55, 1.55, 1.55]
		}
	}
}