{
	"credit": "Made with Blockbench",
	"textures": {
		"0": "item/custom/hat",
		"particle": "item/custom/hat"
	},
	"elements": [
		{
			"from": [1, 0, 1],
			"to": [15, 0.25, 15],
			"faces": {
				"north": {"uv": [0, 8, 5, 13], "texture": "#0"},
				"east": {"uv": [0, 8, 5, 13], "texture": "#0"},
				"south": {"uv": [0, 8, 5, 13], "texture": "#0"},
				"west": {"uv": [0, 8, 5, 13], "texture": "#0"},
				"up": {"uv": [0, 8, 5, 13], "texture": "#0"},
				"down": {"uv": [0, 8, 5, 13], "texture": "#0"}
			}
		},
		{
			"from": [1, 0, 15],
			"to": [15, 0.25, 16],
			"rotation": {"angle": 0, "axis": "y", "origin": [8, 8, 22]},
			"faces": {
				"north": {"uv": [0, 8, 5, 13], "texture": "#0"},
				"east": {"uv": [0, 8, 5, 13], "texture": "#0"},
				"south": {"uv": [0, 8, 5, 13], "texture": "#0"},
				"west": {"uv": [0, 8, 5, 13], "texture": "#0"},
				"up": {"uv": [0, 8, 5, 13], "texture": "#0"},
				"down": {"uv": [0, 8, 5, 13], "texture": "#0"}
			}
		},
		{
			"from": [15, 0, 1],
			"to": [16, 0.25, 15],
			"faces": {
				"north": {"uv": [0, 8, 5, 13], "rotation": 270, "texture": "#0"},
				"east": {"uv": [0, 8, 5, 13], "rotation": 270, "texture": "#0"},
				"south": {"uv": [0, 8, 5, 13], "rotation": 270, "texture": "#0"},
				"west": {"uv": [0, 8, 5, 13], "rotation": 270, "texture": "#0"},
				"up": {"uv": [0, 8, 5, 13], "rotation": 270, "texture": "#0"},
				"down": {"uv": [0, 8, 5, 13], "rotation": 270, "texture": "#0"}
			}
		},
		{
			"from": [15, 0, 15],
			"to": [15.75, 0.25, 15.75],
			"rotation": {"angle": 0, "axis": "y", "origin": [8, 8, 9]},
			"faces": {
				"north": {"uv": [0, 8, 5, 13], "rotation": 270, "texture": "#0"},
				"east": {"uv": [0, 8, 5, 13], "rotation": 270, "texture": "#0"},
				"south": {"uv": [0, 8, 5, 13], "rotation": 270, "texture": "#0"},
				"west": {"uv": [0, 8, 5, 13], "rotation": 270, "texture": "#0"},
				"up": {"uv": [0, 8, 5, 13], "rotation": 270, "texture": "#0"},
				"down": {"uv": [0, 8, 5, 13], "rotation": 270, "texture": "#0"}
			}
		},
		{
			"from": [0.25, 0, 15],
			"to": [1, 0.25, 15.75],
			"rotation": {"angle": 0, "axis": "y", "origin": [7, 8, 8]},
			"faces": {
				"north": {"uv": [0, 8, 5, 13], "texture": "#0"},
				"east": {"uv": [0, 8, 5, 13], "texture": "#0"},
				"south": {"uv": [0, 8, 5, 13], "texture": "#0"},
				"west": {"uv": [0, 8, 5, 13], "texture": "#0"},
				"up": {"uv": [0, 8, 5, 13], "texture": "#0"},
				"down": {"uv": [0, 8, 5, 13], "texture": "#0"}
			}
		},
		{
			"from": [0.25, 0, 0.25],
			"to": [1, 0.25, 1],
			"rotation": {"angle": 0, "axis": "y", "origin": [8, 8, 7]},
			"faces": {
				"north": {"uv": [0, 8, 5, 13], "rotation": 90, "texture": "#0"},
				"east": {"uv": [0, 8, 5, 13], "rotation": 90, "texture": "#0"},
				"south": {"uv": [0, 8, 5, 13], "rotation": 90, "texture": "#0"},
				"west": {"uv": [0, 8, 5, 13], "rotation": 90, "texture": "#0"},
				"up": {"uv": [0, 8, 5, 13], "rotation": 90, "texture": "#0"},
				"down": {"uv": [0, 8, 5, 13], "rotation": 90, "texture": "#0"}
			}
		},
		{
			"from": [15, 0, 0.25],
			"to": [15.75, 0.25, 1],
			"rotation": {"angle": 0, "axis": "y", "origin": [9, 8, 8]},
			"faces": {
				"north": {"uv": [0, 8, 5, 13], "rotation": 180, "texture": "#0"},
				"east": {"uv": [0, 8, 5, 13], "rotation": 180, "texture": "#0"},
				"south": {"uv": [0, 8, 5, 13], "rotation": 180, "texture": "#0"},
				"west": {"uv": [0, 8, 5, 13], "rotation": 180, "texture": "#0"},
				"up": {"uv": [0, 8, 5, 13], "rotation": 180, "texture": "#0"},
				"down": {"uv": [0, 8, 5, 13], "rotation": 180, "texture": "#0"}
			}
		},
		{
			"from": [1, 0, 0],
			"to": [15, 0.25, 1],
			"faces": {
				"north": {"uv": [0, 8, 5, 13], "rotation": 180, "texture": "#0"},
				"east": {"uv": [0, 8, 5, 13], "rotation": 180, "texture": "#0"},
				"south": {"uv": [0, 8, 5, 13], "rotation": 180, "texture": "#0"},
				"west": {"uv": [0, 8, 5, 13], "rotation": 180, "texture": "#0"},
				"up": {"uv": [0, 8, 5, 13], "rotation": 180, "texture": "#0"},
				"down": {"uv": [0, 8, 5, 13], "rotation": 180, "texture": "#0"}
			}
		},
		{
			"from": [0, 0, 1],
			"to": [1, 0.25, 15],
			"faces": {
				"north": {"uv": [0, 8, 5, 13], "rotation": 90, "texture": "#0"},
				"east": {"uv": [0, 8, 5, 13], "rotation": 90, "texture": "#0"},
				"south": {"uv": [0, 8, 5, 13], "rotation": 90, "texture": "#0"},
				"west": {"uv": [0, 8, 5, 13], "rotation": 90, "texture": "#0"},
				"up": {"uv": [0, 8, 5, 13], "rotation": 90, "texture": "#0"},
				"down": {"uv": [0, 8, 5, 13], "rotation": 90, "texture": "#0"}
			}
		},
		{
			"from": [3, 0.25, 3],
			"to": [13, 3, 13],
			"rotation": {"angle": 0, "axis": "y", "origin": [11, 8.25, 11]},
			"faces": {
				"north": {"uv": [0, 6, 10, 10.25], "texture": "#0"},
				"east": {"uv": [0, 6, 10, 10.25], "texture": "#0"},
				"south": {"uv": [0, 6, 10, 10.25], "texture": "#0"},
				"west": {"uv": [0, 6, 10, 10.25], "texture": "#0"},
				"up": {"uv": [0, 6, 10, 10.25], "texture": "#0"},
				"down": {"uv": [0, 6, 10, 10.25], "texture": "#0"}
			}
		},
		{
			"from": [3.25, 3, 3.25],
			"to": [12.75, 6.5, 12.75],
			"rotation": {"angle": 0, "axis": "y", "origin": [11, 11, 11]},
			"faces": {
				"north": {"uv": [0, 6, 9.5, 10.25], "rotation": 180, "texture": "#0"},
				"east": {"uv": [0, 6, 9.5, 10.25], "rotation": 180, "texture": "#0"},
				"south": {"uv": [0, 6, 9.5, 10.25], "rotation": 180, "texture": "#0"},
				"west": {"uv": [0, 6, 9.5, 10.25], "rotation": 180, "texture": "#0"},
				"up": {"uv": [0, 6, 9.5, 10.25], "rotation": 180, "texture": "#0"},
				"down": {"uv": [0, 6, 9.5, 10.25], "rotation": 180, "texture": "#0"}
			}
		},
		{
			"from": [2.95, 1.25, 3],
			"to": [3, 2.25, 13],
			"rotation": {"angle": 0, "axis": "y", "origin": [8, 9.25, 8]},
			"faces": {
				"north": {"uv": [0, 3, 10, 4], "texture": "#0"},
				"east": {"uv": [0, 3, 10, 4], "texture": "#0"},
				"south": {"uv": [0, 3, 10, 4], "texture": "#0"},
				"west": {"uv": [0, 3, 10, 4], "texture": "#0"},
				"up": {"uv": [0, 3, 10, 4], "texture": "#0"},
				"down": {"uv": [0, 3, 10, 4], "texture": "#0"}
			}
		},
		{
			"from": [3.2, 4, 3.25],
			"to": [3.25, 5, 12.75],
			"rotation": {"angle": 0, "axis": "y", "origin": [8.25, 12, 8]},
			"faces": {
				"north": {"uv": [0, 1, 10, 2], "texture": "#0"},
				"east": {"uv": [0, 1, 10, 2], "texture": "#0"},
				"south": {"uv": [0, 1, 10, 2], "texture": "#0"},
				"west": {"uv": [0, 1, 10, 2], "texture": "#0"},
				"up": {"uv": [0, 1, 10, 2], "texture": "#0"},
				"down": {"uv": [0, 1, 10, 2], "texture": "#0"}
			}
		},
		{
			"from": [3, 1.25, 13],
			"to": [13, 2.25, 13.05],
			"rotation": {"angle": 0, "axis": "y", "origin": [8, 9.25, 8]},
			"faces": {
				"north": {"uv": [0, 3, 10, 4], "texture": "#0"},
				"east": {"uv": [0, 3, 10, 4], "texture": "#0"},
				"south": {"uv": [0, 3, 10, 4], "texture": "#0"},
				"west": {"uv": [0, 3, 10, 4], "texture": "#0"},
				"up": {"uv": [0, 3, 10, 4], "texture": "#0"},
				"down": {"uv": [0, 3, 10, 4], "texture": "#0"}
			}
		},
		{
			"from": [3.25, 4, 12.75],
			"to": [12.75, 5, 12.8],
			"rotation": {"angle": 0, "axis": "y", "origin": [8, 12, 7.75]},
			"faces": {
				"north": {"uv": [0, 1, 10, 2], "texture": "#0"},
				"east": {"uv": [0, 1, 10, 2], "texture": "#0"},
				"south": {"uv": [0, 1, 10, 2], "texture": "#0"},
				"west": {"uv": [0, 1, 10, 2], "texture": "#0"},
				"up": {"uv": [0, 1, 10, 2], "texture": "#0"},
				"down": {"uv": [0, 1, 10, 2], "texture": "#0"}
			}
		},
		{
			"from": [13, 1.25, 3],
			"to": [13.05, 2.25, 13],
			"rotation": {"angle": 0, "axis": "y", "origin": [8, 9.25, 8]},
			"faces": {
				"north": {"uv": [0, 3, 10, 4], "texture": "#0"},
				"east": {"uv": [0, 3, 10, 4], "texture": "#0"},
				"south": {"uv": [0, 3, 10, 4], "texture": "#0"},
				"west": {"uv": [0, 3, 10, 4], "texture": "#0"},
				"up": {"uv": [0, 3, 10, 4], "texture": "#0"},
				"down": {"uv": [0, 3, 10, 4], "texture": "#0"}
			}
		},
		{
			"from": [12.75, 4, 3.25],
			"to": [12.8, 5, 12.75],
			"rotation": {"angle": 0, "axis": "y", "origin": [7.75, 12, 8]},
			"faces": {
				"north": {"uv": [0, 1, 10, 2], "texture": "#0"},
				"east": {"uv": [0, 1, 10, 2], "texture": "#0"},
				"south": {"uv": [0, 1, 10, 2], "texture": "#0"},
				"west": {"uv": [0, 1, 10, 2], "texture": "#0"},
				"up": {"uv": [0, 1, 10, 2], "texture": "#0"},
				"down": {"uv": [0, 1, 10, 2], "texture": "#0"}
			}
		},
		{
			"from": [3, 1.25, 2.95],
			"to": [13, 2.25, 3],
			"rotation": {"angle": 0, "axis": "y", "origin": [8, 9.25, 8]},
			"faces": {
				"north": {"uv": [0, 3, 10, 4], "texture": "#0"},
				"east": {"uv": [0, 3, 10, 4], "texture": "#0"},
				"south": {"uv": [0, 3, 10, 4], "texture": "#0"},
				"west": {"uv": [0, 3, 10, 4], "texture": "#0"},
				"up": {"uv": [0, 3, 10, 4], "texture": "#0"},
				"down": {"uv": [0, 3, 10, 4], "texture": "#0"}
			}
		},
		{
			"from": [3.25, 4, 3.2],
			"to": [12.75, 5, 3.25],
			"rotation": {"angle": 0, "axis": "y", "origin": [8, 12, 8.25]},
			"faces": {
				"north": {"uv": [0, 1, 10, 2], "texture": "#0"},
				"east": {"uv": [0, 1, 10, 2], "texture": "#0"},
				"south": {"uv": [0, 1, 10, 2], "texture": "#0"},
				"west": {"uv": [0, 1, 10, 2], "texture": "#0"},
				"up": {"uv": [0, 1, 10, 2], "texture": "#0"},
				"down": {"uv": [0, 1, 10, 2], "texture": "#0"}
			}
		}
	],
	"display": {
		"thirdperson_righthand": {
			"rotation": [66.25, 49, 0],
			"translation": [0.25, 1.5, 1.5],
			"scale": [0.2, 0.2, 0.2]
		},
		"thirdperson_lefthand": {
			"rotation": [65, 51, 0],
			"translation": [0, 1.25, 1],
			"scale": [0.2, 0.2, 0.2]
		},
		"firstperson_righthand": {
			"rotation": [0, 57, 7],
			"translation": [-0.75, 7, 3.25],
			"scale": [0.5, 0.5, 0.5]
		},
		"firstperson_lefthand": {
			"rotation": [0, 57, 7],
			"translation": [0.75, 7, 3.25],
			"scale": [0.5, 0.5, 0.5]
		},
		"ground": {
			"translation": [0, 1.75, 0],
			"scale": [0.6, 0.6, 0.6]
		},
		"gui": {
			"rotation": [-40, 44, 0],
			"translation": [0, 4.25, 0],
			"scale": [0.7, 0.7, 0.7]
		},
		"head": {
			"translation": [0, 16, 0],
			"scale": [1.2, 1.2, 1.2]
		},
		"fixed": {
			"rotation": [-25, 50, 0],
			"translation": [0, 5, -5.25]
		}
	}
}