{
	"credit": "Made with Blockbench",
	"textures": {
		"1": "item/custom/ghast/ghast",
		"particle": "item/custom/ghast/ghast"
	},
	"elements": [
		{
			"from": [0, 3, 0],
			"to": [16, 19, 16],
			"faces": {
				"north": {"uv": [4, 4, 8, 8], "texture": "#1"},
				"east": {"uv": [0, 4, 4, 8], "texture": "#1"},
				"south": {"uv": [12, 4, 16, 8], "texture": "#1"},
				"west": {"uv": [8, 4, 12, 8], "texture": "#1"},
				"up": {"uv": [4, 4, 8, 0], "texture": "#1"},
				"down": {"uv": [12, 4, 8, 0], "texture": "#1"}
			}
		},
		{
			"from": [16.5, 18, 6],
			"to": [18.5, 21, 8],
			"rotation": {"angle": -45, "axis": "z", "origin": [16.5, 21, 6]},
			"faces": {
				"north": {"uv": [0, 15, 0.5, 15.5], "texture": "#1"},
				"east": {"uv": [0, 15, 0.5, 15.5], "texture": "#1"},
				"south": {"uv": [0, 15, 0.5, 15.5], "texture": "#1"},
				"west": {"uv": [0, 15, 0.5, 15.5], "texture": "#1"},
				"up": {"uv": [0, 15, 0.5, 15.5], "texture": "#1"},
				"down": {"uv": [0, 15, 0.5, 15.5], "texture": "#1"}
			}
		},
		{
			"from": [17.25, 20, 6.25],
			"to": [18.75, 22.5, 7.75],
			"rotation": {"angle": -22.5, "axis": "z", "origin": [17.25, 22.5, 6.25]},
			"faces": {
				"north": {"uv": [0, 15, 0.5, 15.5], "texture": "#1"},
				"east": {"uv": [0, 15, 0.5, 15.5], "texture": "#1"},
				"south": {"uv": [0, 15, 0.5, 15.5], "texture": "#1"},
				"west": {"uv": [0, 15, 0.5, 15.5], "texture": "#1"},
				"up": {"uv": [0, 15, 0.5, 15.5], "texture": "#1"},
				"down": {"uv": [0, 15, 0.5, 15.5], "texture": "#1"}
			}
		},
		{
			"from": [17.5, 21.75, 6.5],
			"to": [18.5, 24.25, 7.5],
			"faces": {
				"north": {"uv": [0, 15, 0.5, 15.5], "texture": "#1"},
				"east": {"uv": [0, 15, 0.5, 15.5], "texture": "#1"},
				"south": {"uv": [0, 15, 0.5, 15.5], "texture": "#1"},
				"west": {"uv": [0, 15, 0.5, 15.5], "texture": "#1"},
				"up": {"uv": [0, 15, 0.5, 15.5], "texture": "#1"},
				"down": {"uv": [0, 15, 0.5, 15.5], "texture": "#1"}
			}
		},
		{
			"from": [12.8125, 16.4375, 5.875],
			"to": [15.8125, 18.9375, 8.25],
			"rotation": {"angle": 22.5, "axis": "z", "origin": [12.8125, 18.9375, 5.875]},
			"faces": {
				"north": {"uv": [2, 15, 2.5, 15.5], "texture": "#1"},
				"east": {"uv": [2, 15, 2.5, 15.5], "texture": "#1"},
				"south": {"uv": [2, 15, 2.5, 15.5], "texture": "#1"},
				"west": {"uv": [2, 15, 2.5, 15.5], "texture": "#1"},
				"up": {"uv": [2, 15, 2.5, 15.5], "texture": "#1"},
				"down": {"uv": [2, 15, 2.5, 15.5], "texture": "#1"}
			}
		},
		{
			"from": [0.375, 17.5, 5.875],
			"to": [3.375, 20, 8.25],
			"rotation": {"angle": -22.5, "axis": "z", "origin": [0.375, 20, 5.875]},
			"faces": {
				"north": {"uv": [2, 15, 2.5, 15.5], "texture": "#1"},
				"east": {"uv": [2, 15, 2.5, 15.5], "texture": "#1"},
				"south": {"uv": [2, 15, 2.5, 15.5], "texture": "#1"},
				"west": {"uv": [2, 15, 2.5, 15.5], "texture": "#1"},
				"up": {"uv": [2, 15, 2.5, 15.5], "texture": "#1"},
				"down": {"uv": [2, 15, 2.5, 15.5], "texture": "#1"}
			}
		},
		{
			"from": [-2, 16.5, 6],
			"to": [0, 19.5, 8],
			"rotation": {"angle": 45, "axis": "z", "origin": [-2, 19.5, 6]},
			"faces": {
				"north": {"uv": [0, 15, 0.5, 15.5], "texture": "#1"},
				"east": {"uv": [0, 15, 0.5, 15.5], "texture": "#1"},
				"south": {"uv": [0, 15, 0.5, 15.5], "texture": "#1"},
				"west": {"uv": [0, 15, 0.5, 15.5], "texture": "#1"},
				"up": {"uv": [0, 15, 0.5, 15.5], "texture": "#1"},
				"down": {"uv": [0, 15, 0.5, 15.5], "texture": "#1"}
			}
		},
		{
			"from": [-2.75, 19.5, 6.25],
			"to": [-1.25, 22, 7.75],
			"rotation": {"angle": 22.5, "axis": "z", "origin": [-2.75, 22, 6.25]},
			"faces": {
				"north": {"uv": [0, 15, 0.5, 15.5], "texture": "#1"},
				"east": {"uv": [0, 15, 0.5, 15.5], "texture": "#1"},
				"south": {"uv": [0, 15, 0.5, 15.5], "texture": "#1"},
				"west": {"uv": [0, 15, 0.5, 15.5], "texture": "#1"},
				"up": {"uv": [0, 15, 0.5, 15.5], "texture": "#1"},
				"down": {"uv": [0, 15, 0.5, 15.5], "texture": "#1"}
			}
		},
		{
			"from": [-2.5625, 21.9375, 6.5],
			"to": [-1.5625, 24.4375, 7.5],
			"faces": {
				"north": {"uv": [0, 15, 0.5, 15.5], "texture": "#1"},
				"east": {"uv": [0, 15, 0.5, 15.5], "texture": "#1"},
				"south": {"uv": [0, 15, 0.5, 15.5], "texture": "#1"},
				"west": {"uv": [0, 15, 0.5, 15.5], "texture": "#1"},
				"up": {"uv": [0, 15, 0.5, 15.5], "texture": "#1"},
				"down": {"uv": [0, 15, 0.5, 15.5], "texture": "#1"}
			}
		},
		{
			"from": [11, -3, 2],
			"to": [14, 3, 5],
			"rotation": {"angle": -22.5, "axis": "x", "origin": [11, 3, 2]},
			"faces": {
				"north": {"uv": [2, 15, 2.5, 15.5], "texture": "#1"},
				"east": {"uv": [2, 15, 2.5, 15.5], "texture": "#1"},
				"south": {"uv": [2, 15, 2.5, 15.5], "texture": "#1"},
				"west": {"uv": [2, 15, 2.5, 15.5], "texture": "#1"},
				"up": {"uv": [2, 15, 2.5, 15.5], "texture": "#1"},
				"down": {"uv": [2, 15, 2.5, 15.5], "texture": "#1"}
			}
		},
		{
			"from": [11, -7.5, 4.3125],
			"to": [14, -2.5, 7.3125],
			"rotation": {"angle": -45, "axis": "x", "origin": [11, -2.5, 4.3125]},
			"faces": {
				"north": {"uv": [2, 15, 2.5, 15.5], "texture": "#1"},
				"east": {"uv": [2, 15, 2.5, 15.5], "texture": "#1"},
				"south": {"uv": [2, 15, 2.5, 15.5], "texture": "#1"},
				"west": {"uv": [2, 15, 2.5, 15.5], "texture": "#1"},
				"up": {"uv": [2, 15, 2.5, 15.5], "texture": "#1"},
				"down": {"uv": [2, 15, 2.5, 15.5], "texture": "#1"}
			}
		},
		{
			"from": [16, 9, 5],
			"to": [21, 13, 9],
			"rotation": {"angle": -22.5, "axis": "y", "origin": [16, 9, 5]},
			"faces": {
				"north": {"uv": [2, 15, 2.5, 15.5], "texture": "#1"},
				"east": {"uv": [2, 15, 2.5, 15.5], "texture": "#1"},
				"south": {"uv": [2, 15, 2.5, 15.5], "texture": "#1"},
				"west": {"uv": [2, 15, 2.5, 15.5], "texture": "#1"},
				"up": {"uv": [2, 15, 2.5, 15.5], "texture": "#1"},
				"down": {"uv": [2, 15, 2.5, 15.5], "texture": "#1"}
			}
		},
		{
			"from": [20.375, 9.3125, 7],
			"to": [25.375, 12.8125, 10.5],
			"rotation": {"angle": -45, "axis": "y", "origin": [20.375, 9.3125, 7]},
			"faces": {
				"north": {"uv": [2, 15, 2.5, 15.5], "texture": "#1"},
				"east": {"uv": [2, 15, 2.5, 15.5], "texture": "#1"},
				"south": {"uv": [2, 15, 2.5, 15.5], "texture": "#1"},
				"west": {"uv": [2, 15, 2.5, 15.5], "texture": "#1"},
				"up": {"uv": [2, 15, 2.5, 15.5], "texture": "#1"},
				"down": {"uv": [2, 15, 2.5, 15.5], "texture": "#1"}
			}
		},
		{
			"from": [20.875, 9.5625, 11.5625],
			"to": [23.875, 12.5625, 17.0625],
			"rotation": {"angle": 22.5, "axis": "y", "origin": [20.875, 9.5625, 11.5625]},
			"faces": {
				"north": {"uv": [2, 15, 2.5, 15.5], "texture": "#1"},
				"east": {"uv": [2, 15, 2.5, 15.5], "texture": "#1"},
				"south": {"uv": [2, 15, 2.5, 15.5], "texture": "#1"},
				"west": {"uv": [2, 15, 2.5, 15.5], "texture": "#1"},
				"up": {"uv": [2, 15, 2.5, 15.5], "texture": "#1"},
				"down": {"uv": [2, 15, 2.5, 15.5], "texture": "#1"}
			}
		},
		{
			"from": [-4.5, 9, 6.875],
			"to": [0.5, 13, 10.875],
			"rotation": {"angle": 22.5, "axis": "y", "origin": [-4.5, 9, 6.875]},
			"faces": {
				"north": {"uv": [2, 15, 2.5, 15.5], "texture": "#1"},
				"east": {"uv": [2, 15, 2.5, 15.5], "texture": "#1"},
				"south": {"uv": [2, 15, 2.5, 15.5], "texture": "#1"},
				"west": {"uv": [2, 15, 2.5, 15.5], "texture": "#1"},
				"up": {"uv": [2, 15, 2.5, 15.5], "texture": "#1"},
				"down": {"uv": [2, 15, 2.5, 15.5], "texture": "#1"}
			}
		},
		{
			"from": [-7.5625, 9.3125, 10.4375],
			"to": [-2.5625, 12.8125, 13.9375],
			"rotation": {"angle": 45, "axis": "y", "origin": [-7.5625, 9.3125, 10.4375]},
			"faces": {
				"north": {"uv": [2, 15, 2.5, 15.5], "texture": "#1"},
				"east": {"uv": [2, 15, 2.5, 15.5], "texture": "#1"},
				"south": {"uv": [2, 15, 2.5, 15.5], "texture": "#1"},
				"west": {"uv": [2, 15, 2.5, 15.5], "texture": "#1"},
				"up": {"uv": [2, 15, 2.5, 15.5], "texture": "#1"},
				"down": {"uv": [2, 15, 2.5, 15.5], "texture": "#1"}
			}
		},
		{
			"from": [-7.3125, 9.5625, 10.4375],
			"to": [-4.3125, 12.5625, 15.9375],
			"rotation": {"angle": -22.5, "axis": "y", "origin": [-7.3125, 9.5625, 10.4375]},
			"faces": {
				"north": {"uv": [2, 15, 2.5, 15.5], "texture": "#1"},
				"east": {"uv": [2, 15, 2.5, 15.5], "texture": "#1"},
				"south": {"uv": [2, 15, 2.5, 15.5], "texture": "#1"},
				"west": {"uv": [2, 15, 2.5, 15.5], "texture": "#1"},
				"up": {"uv": [2, 15, 2.5, 15.5], "texture": "#1"},
				"down": {"uv": [2, 15, 2.5, 15.5], "texture": "#1"}
			}
		},
		{
			"from": [2, -2.8125, 2.9375],
			"to": [5, 3.1875, 5.9375],
			"rotation": {"angle": -22.5, "axis": "x", "origin": [2, 3.1875, 2.9375]},
			"faces": {
				"north": {"uv": [2, 15, 2.5, 15.5], "texture": "#1"},
				"east": {"uv": [2, 15, 2.5, 15.5], "texture": "#1"},
				"south": {"uv": [2, 15, 2.5, 15.5], "texture": "#1"},
				"west": {"uv": [2, 15, 2.5, 15.5], "texture": "#1"},
				"up": {"uv": [2, 15, 2.5, 15.5], "texture": "#1"},
				"down": {"uv": [2, 15, 2.5, 15.5], "texture": "#1"}
			}
		},
		{
			"from": [2, -7.3125, 5.25],
			"to": [5, -2.3125, 8.25],
			"rotation": {"angle": -45, "axis": "x", "origin": [2, -2.3125, 5.25]},
			"faces": {
				"north": {"uv": [2, 15, 2.5, 15.5], "texture": "#1"},
				"east": {"uv": [2, 15, 2.5, 15.5], "texture": "#1"},
				"south": {"uv": [2, 15, 2.5, 15.5], "texture": "#1"},
				"west": {"uv": [2, 15, 2.5, 15.5], "texture": "#1"},
				"up": {"uv": [2, 15, 2.5, 15.5], "texture": "#1"},
				"down": {"uv": [2, 15, 2.5, 15.5], "texture": "#1"}
			}
		},
		{
			"from": [4.5, -2.5, 7],
			"to": [7.5, 3.5, 10],
			"rotation": {"angle": -22.5, "axis": "x", "origin": [4.5, 3.5, 7]},
			"faces": {
				"north": {"uv": [2, 15, 2.5, 15.5], "texture": "#1"},
				"east": {"uv": [2, 15, 2.5, 15.5], "texture": "#1"},
				"south": {"uv": [2, 15, 2.5, 15.5], "texture": "#1"},
				"west": {"uv": [2, 15, 2.5, 15.5], "texture": "#1"},
				"up": {"uv": [2, 15, 2.5, 15.5], "texture": "#1"},
				"down": {"uv": [2, 15, 2.5, 15.5], "texture": "#1"}
			}
		},
		{
			"from": [4.5, -7, 9.25],
			"to": [7.5, -2, 12.25],
			"rotation": {"angle": -45, "axis": "x", "origin": [4.5, -2, 9.25]},
			"faces": {
				"north": {"uv": [2, 15, 2.5, 15.5], "texture": "#1"},
				"east": {"uv": [2, 15, 2.5, 15.5], "texture": "#1"},
				"south": {"uv": [2, 15, 2.5, 15.5], "texture": "#1"},
				"west": {"uv": [2, 15, 2.5, 15.5], "texture": "#1"},
				"up": {"uv": [2, 15, 2.5, 15.5], "texture": "#1"},
				"down": {"uv": [2, 15, 2.5, 15.5], "texture": "#1"}
			}
		},
		{
			"from": [7, -4, 5.5],
			"to": [10, 3.5, 8.5],
			"rotation": {"angle": -22.5, "axis": "x", "origin": [7, 3.5, 5.5]},
			"faces": {
				"north": {"uv": [2, 15, 2.5, 15.5], "texture": "#1"},
				"east": {"uv": [2, 15, 2.5, 15.5], "texture": "#1"},
				"south": {"uv": [2, 15, 2.5, 15.5], "texture": "#1"},
				"west": {"uv": [2, 15, 2.5, 15.5], "texture": "#1"},
				"up": {"uv": [2, 15, 2.5, 15.5], "texture": "#1"},
				"down": {"uv": [2, 15, 2.5, 15.5], "texture": "#1"}
			}
		},
		{
			"from": [7, -6.9375, 8.375],
			"to": [10, -3.4375, 11.375],
			"rotation": {"angle": -45, "axis": "x", "origin": [7, -3.4375, 8.375]},
			"faces": {
				"north": {"uv": [2, 15, 2.5, 15.5], "texture": "#1"},
				"east": {"uv": [2, 15, 2.5, 15.5], "texture": "#1"},
				"south": {"uv": [2, 15, 2.5, 15.5], "texture": "#1"},
				"west": {"uv": [2, 15, 2.5, 15.5], "texture": "#1"},
				"up": {"uv": [2, 15, 2.5, 15.5], "texture": "#1"},
				"down": {"uv": [2, 15, 2.5, 15.5], "texture": "#1"}
			}
		},
		{
			"from": [9.5, -2.5, 10],
			"to": [12.5, 3.5, 13],
			"rotation": {"angle": -22.5, "axis": "x", "origin": [9.5, 3.5, 10]},
			"faces": {
				"north": {"uv": [2, 15, 2.5, 15.5], "texture": "#1"},
				"east": {"uv": [2, 15, 2.5, 15.5], "texture": "#1"},
				"south": {"uv": [2, 15, 2.5, 15.5], "texture": "#1"},
				"west": {"uv": [2, 15, 2.5, 15.5], "texture": "#1"},
				"up": {"uv": [2, 15, 2.5, 15.5], "texture": "#1"},
				"down": {"uv": [2, 15, 2.5, 15.5], "texture": "#1"}
			}
		},
		{
			"from": [9.5, -7, 12.3125],
			"to": [12.5, -2, 15.3125],
			"rotation": {"angle": -45, "axis": "x", "origin": [9.5, -2, 12.3125]},
			"faces": {
				"north": {"uv": [2, 15, 2.5, 15.5], "texture": "#1"},
				"east": {"uv": [2, 15, 2.5, 15.5], "texture": "#1"},
				"south": {"uv": [2, 15, 2.5, 15.5], "texture": "#1"},
				"west": {"uv": [2, 15, 2.5, 15.5], "texture": "#1"},
				"up": {"uv": [2, 15, 2.5, 15.5], "texture": "#1"},
				"down": {"uv": [2, 15, 2.5, 15.5], "texture": "#1"}
			}
		},
		{
			"from": [1.5, -2.5, 10],
			"to": [4.5, 3.5, 13],
			"rotation": {"angle": -22.5, "axis": "x", "origin": [1.5, 3.5, 10]},
			"faces": {
				"north": {"uv": [2, 15, 2.5, 15.5], "texture": "#1"},
				"east": {"uv": [2, 15, 2.5, 15.5], "texture": "#1"},
				"south": {"uv": [2, 15, 2.5, 15.5], "texture": "#1"},
				"west": {"uv": [2, 15, 2.5, 15.5], "texture": "#1"},
				"up": {"uv": [2, 15, 2.5, 15.5], "texture": "#1"},
				"down": {"uv": [2, 15, 2.5, 15.5], "texture": "#1"}
			}
		},
		{
			"from": [1.5, -7, 12.3125],
			"to": [4.5, -2, 15.3125],
			"rotation": {"angle": -45, "axis": "x", "origin": [1.5, -2, 12.3125]},
			"faces": {
				"north": {"uv": [2, 15, 2.5, 15.5], "texture": "#1"},
				"east": {"uv": [2, 15, 2.5, 15.5], "texture": "#1"},
				"south": {"uv": [2, 15, 2.5, 15.5], "texture": "#1"},
				"west": {"uv": [2, 15, 2.5, 15.5], "texture": "#1"},
				"up": {"uv": [2, 15, 2.5, 15.5], "texture": "#1"},
				"down": {"uv": [2, 15, 2.5, 15.5], "texture": "#1"}
			}
		},
		{
			"from": [-1, 2.125, 4],
			"to": [3.5, 6.125, 8],
			"rotation": {"angle": 22.5, "axis": "z", "origin": [-1, 6.125, 4]},
			"faces": {
				"north": {"uv": [2, 15, 2.5, 15.5], "texture": "#1"},
				"east": {"uv": [2, 15, 2.5, 15.5], "texture": "#1"},
				"south": {"uv": [2, 15, 2.5, 15.5], "texture": "#1"},
				"west": {"uv": [2, 15, 2.5, 15.5], "texture": "#1"},
				"up": {"uv": [2, 15, 2.5, 15.5], "texture": "#1"},
				"down": {"uv": [2, 15, 2.5, 15.5], "texture": "#1"}
			}
		},
		{
			"from": [-2.5625, 1.75, 4.3125],
			"to": [-0.0625, 5.25, 7.8125],
			"rotation": {"angle": 22.5, "axis": "z", "origin": [-2.5625, 5.25, 4.3125]},
			"faces": {
				"north": {"uv": [2, 15, 2.5, 15.5], "texture": "#1"},
				"east": {"uv": [2, 15, 2.5, 15.5], "texture": "#1"},
				"south": {"uv": [2, 15, 2.5, 15.5], "texture": "#1"},
				"west": {"uv": [2, 15, 2.5, 15.5], "texture": "#1"},
				"up": {"uv": [2, 15, 2.5, 15.5], "texture": "#1"},
				"down": {"uv": [2, 15, 2.5, 15.5], "texture": "#1"}
			}
		},
		{
			"from": [-5.125, 2.125, 4.625],
			"to": [-1.125, 5.125, 7.625],
			"faces": {
				"north": {"uv": [2, 15, 2.5, 15.5], "texture": "#1"},
				"east": {"uv": [2, 15, 2.5, 15.5], "texture": "#1"},
				"south": {"uv": [2, 15, 2.5, 15.5], "texture": "#1"},
				"west": {"uv": [2, 15, 2.5, 15.5], "texture": "#1"},
				"up": {"uv": [2, 15, 2.5, 15.5], "texture": "#1"},
				"down": {"uv": [2, 15, 2.5, 15.5], "texture": "#1"}
			}
		},
		{
			"from": [-8.5, 2.375, 6.1875],
			"to": [-4.5, 4.875, 8.6875],
			"rotation": {"angle": 22.5, "axis": "y", "origin": [-8.5, 2.375, 6.1875]},
			"faces": {
				"north": {"uv": [2, 15, 2.5, 15.5], "texture": "#1"},
				"east": {"uv": [2, 15, 2.5, 15.5], "texture": "#1"},
				"south": {"uv": [2, 15, 2.5, 15.5], "texture": "#1"},
				"west": {"uv": [2, 15, 2.5, 15.5], "texture": "#1"},
				"up": {"uv": [2, 15, 2.5, 15.5], "texture": "#1"},
				"down": {"uv": [2, 15, 2.5, 15.5], "texture": "#1"}
			}
		},
		{
			"from": [13.9375, 3.5, 4],
			"to": [18.4375, 7.5, 8],
			"rotation": {"angle": -22.5, "axis": "z", "origin": [13.9375, 7.5, 4]},
			"faces": {
				"north": {"uv": [2, 15, 2.5, 15.5], "texture": "#1"},
				"east": {"uv": [2, 15, 2.5, 15.5], "texture": "#1"},
				"south": {"uv": [2, 15, 2.5, 15.5], "texture": "#1"},
				"west": {"uv": [2, 15, 2.5, 15.5], "texture": "#1"},
				"up": {"uv": [2, 15, 2.5, 15.5], "texture": "#1"},
				"down": {"uv": [2, 15, 2.5, 15.5], "texture": "#1"}
			}
		},
		{
			"from": [17.8125, 2.125, 4.3125],
			"to": [20.3125, 5.625, 7.8125],
			"rotation": {"angle": -22.5, "axis": "z", "origin": [17.8125, 5.625, 4.3125]},
			"faces": {
				"north": {"uv": [2, 15, 2.5, 15.5], "texture": "#1"},
				"east": {"uv": [2, 15, 2.5, 15.5], "texture": "#1"},
				"south": {"uv": [2, 15, 2.5, 15.5], "texture": "#1"},
				"west": {"uv": [2, 15, 2.5, 15.5], "texture": "#1"},
				"up": {"uv": [2, 15, 2.5, 15.5], "texture": "#1"},
				"down": {"uv": [2, 15, 2.5, 15.5], "texture": "#1"}
			}
		},
		{
			"from": [18.6875, 1.5625, 4.625],
			"to": [22.6875, 4.5625, 7.625],
			"faces": {
				"north": {"uv": [2, 15, 2.5, 15.5], "texture": "#1"},
				"east": {"uv": [2, 15, 2.5, 15.5], "texture": "#1"},
				"south": {"uv": [2, 15, 2.5, 15.5], "texture": "#1"},
				"west": {"uv": [2, 15, 2.5, 15.5], "texture": "#1"},
				"up": {"uv": [2, 15, 2.5, 15.5], "texture": "#1"},
				"down": {"uv": [2, 15, 2.5, 15.5], "texture": "#1"}
			}
		},
		{
			"from": [22.4375, 1.75, 4.6875],
			"to": [26.4375, 4.25, 7.1875],
			"rotation": {"angle": -22.5, "axis": "y", "origin": [22.4375, 1.75, 4.6875]},
			"faces": {
				"north": {"uv": [2, 15, 2.5, 15.5], "texture": "#1"},
				"east": {"uv": [2, 15, 2.5, 15.5], "texture": "#1"},
				"south": {"uv": [2, 15, 2.5, 15.5], "texture": "#1"},
				"west": {"uv": [2, 15, 2.5, 15.5], "texture": "#1"},
				"up": {"uv": [2, 15, 2.5, 15.5], "texture": "#1"},
				"down": {"uv": [2, 15, 2.5, 15.5], "texture": "#1"}
			}
		}
	],
	"display": {
		"thirdperson_righthand": {
			"rotation": [90, 0, 0],
			"translation": [-6, 0, 0],
			"scale": [0.1, 0.1, 0.1]
		},
		"head": {
			"translation": [0, -10.5, 0],
			"scale": [1.5, 1.5, 1.5]
		}
	}
}