{
	"credit": "Made with Blockbench",
	"textures": {
		"0": "block/spruce_planks",
		"1": "block/oak_planks",
		"2": "block/stripped_spruce_log",
		"3": "block/iron_bars",
		"particle": "block/spruce_planks"
	},
	"elements": [
		{
			"from": [1, 4, 0],
			"to": [2, 6, 16],
			"rotation": {"angle": 0, "axis": "y", "origin": [9, 12, 10]},
			"faces": {
				"north": {"uv": [14, 10, 15, 12], "texture": "#1"},
				"east": {"uv": [15, 2, 16, 4], "texture": "#1"},
				"south": {"uv": [0, 6, 1, 8], "texture": "#1"},
				"west": {"uv": [0, 10, 16, 12], "texture": "#1"},
				"up": {"uv": [0, 0, 1, 1], "texture": "#1"},
				"down": {"uv": [0, 3, 16, 4], "rotation": 90, "texture": "#1"}
			}
		},
		{
			"from": [13, 11, 0],
			"to": [14, 13, 16],
			"rotation": {"angle": 0, "axis": "z", "origin": [11, 5, 10]},
			"faces": {
				"north": {"uv": [14, 10, 15, 12], "rotation": 180, "texture": "#1"},
				"east": {"uv": [0, 10, 16, 12], "rotation": 180, "texture": "#1"},
				"south": {"uv": [0, 6, 1, 8], "rotation": 180, "texture": "#1"},
				"west": {"uv": [15, 2, 16, 4], "rotation": 180, "texture": "#1"},
				"up": {"uv": [0, 3, 16, 4], "rotation": 270, "texture": "#1"},
				"down": {"uv": [0, 0, 1, 1], "rotation": 180, "texture": "#1"}
			}
		},
		{
			"from": [1, 11, 0],
			"to": [2, 13, 16],
			"rotation": {"angle": 0, "axis": "y", "origin": [9, 19, 10]},
			"faces": {
				"north": {"uv": [14, 3, 15, 5], "texture": "#1"},
				"east": {"uv": [0, 0, 16, 2], "texture": "#1"},
				"south": {"uv": [0, 3, 1, 5], "texture": "#1"},
				"west": {"uv": [0, 3, 16, 5], "texture": "#1"},
				"up": {"uv": [0, 3, 16, 4], "rotation": 90, "texture": "#1"},
				"down": {"uv": [0, 0, 1, 2], "texture": "#1"}
			}
		},
		{
			"from": [13, 4, 0],
			"to": [14, 6, 16],
			"rotation": {"angle": 0, "axis": "z", "origin": [11, 5, 10]},
			"faces": {
				"north": {"uv": [14, 3, 15, 5], "rotation": 180, "texture": "#1"},
				"east": {"uv": [0, 3, 16, 5], "rotation": 180, "texture": "#1"},
				"south": {"uv": [0, 3, 1, 5], "rotation": 180, "texture": "#1"},
				"west": {"uv": [0, 0, 16, 2], "rotation": 180, "texture": "#1"},
				"up": {"uv": [0, 0, 1, 2], "rotation": 180, "texture": "#1"},
				"down": {"uv": [0, 3, 16, 4], "rotation": 270, "texture": "#1"}
			}
		},
		{
			"from": [0, 6, 0],
			"to": [1, 11, 16],
			"rotation": {"angle": 0, "axis": "y", "origin": [8, 14, 10]},
			"faces": {
				"north": {"uv": [15, 5, 16, 10], "texture": "#1"},
				"east": {"uv": [0, 1, 16, 6], "texture": "#1"},
				"south": {"uv": [0, 1, 1, 6], "texture": "#1"},
				"west": {"uv": [0, 5, 16, 10], "texture": "#1"},
				"up": {"uv": [0, 0, 16, 1], "rotation": 90, "texture": "#1"},
				"down": {"uv": [0, 0, 16, 1], "rotation": 90, "texture": "#1"}
			}
		},
		{
			"from": [14, 6, 0],
			"to": [15, 11, 16],
			"rotation": {"angle": 0, "axis": "z", "origin": [11, 5, 10]},
			"faces": {
				"north": {"uv": [15, 5, 16, 10], "rotation": 180, "texture": "#1"},
				"east": {"uv": [0, 5, 16, 10], "rotation": 180, "texture": "#1"},
				"south": {"uv": [0, 1, 1, 6], "rotation": 180, "texture": "#1"},
				"west": {"uv": [0, 1, 16, 6], "rotation": 180, "texture": "#1"},
				"up": {"uv": [0, 0, 16, 1], "rotation": 270, "texture": "#1"},
				"down": {"uv": [0, 0, 16, 1], "rotation": 270, "texture": "#1"}
			}
		},
		{
			"from": [2, 3, 0],
			"to": [3, 4, 16],
			"rotation": {"angle": 0, "axis": "y", "origin": [10, 11, 10]},
			"faces": {
				"north": {"uv": [13, 12, 14, 13], "texture": "#1"},
				"east": {"uv": [0, 0, 16, 1], "texture": "#1"},
				"south": {"uv": [0, 0, 1, 1], "texture": "#1"},
				"west": {"uv": [0, 13, 16, 14], "texture": "#1"},
				"up": {"uv": [0, 0, 1, 1], "texture": "#1"},
				"down": {"uv": [0, 0, 16, 1], "rotation": 90, "texture": "#1"}
			}
		},
		{
			"from": [12, 13, 0],
			"to": [13, 14, 16],
			"rotation": {"angle": 0, "axis": "z", "origin": [11, 5, 10]},
			"faces": {
				"north": {"uv": [13, 12, 14, 13], "rotation": 180, "texture": "#1"},
				"east": {"uv": [0, 13, 16, 14], "rotation": 180, "texture": "#1"},
				"south": {"uv": [0, 0, 1, 1], "rotation": 180, "texture": "#1"},
				"west": {"uv": [0, 0, 16, 1], "rotation": 180, "texture": "#1"},
				"up": {"uv": [0, 0, 16, 1], "rotation": 270, "texture": "#1"},
				"down": {"uv": [0, 0, 1, 1], "rotation": 180, "texture": "#1"}
			}
		},
		{
			"from": [2, 13, 0],
			"to": [3, 14, 16],
			"rotation": {"angle": 0, "axis": "y", "origin": [10, 21, 10]},
			"faces": {
				"north": {"uv": [13, 2, 14, 3], "texture": "#1"},
				"east": {"uv": [0, 0, 16, 1], "texture": "#1"},
				"south": {"uv": [0, 3, 1, 4], "texture": "#1"},
				"west": {"uv": [0, 3, 16, 4], "texture": "#1"},
				"up": {"uv": [0, 0, 16, 1], "rotation": 90, "texture": "#1"},
				"down": {"uv": [0, 0, 1, 1], "texture": "#1"}
			}
		},
		{
			"from": [12, 3, 0],
			"to": [13, 4, 16],
			"rotation": {"angle": 0, "axis": "z", "origin": [11, 5, 10]},
			"faces": {
				"north": {"uv": [13, 2, 14, 3], "rotation": 180, "texture": "#1"},
				"east": {"uv": [0, 3, 16, 4], "rotation": 180, "texture": "#1"},
				"south": {"uv": [0, 3, 1, 4], "rotation": 180, "texture": "#1"},
				"west": {"uv": [0, 0, 16, 1], "rotation": 180, "texture": "#1"},
				"up": {"uv": [0, 0, 1, 1], "rotation": 180, "texture": "#1"},
				"down": {"uv": [0, 0, 16, 1], "rotation": 270, "texture": "#1"}
			}
		},
		{
			"from": [3, 2, 0],
			"to": [5, 3, 16],
			"rotation": {"angle": 0, "axis": "y", "origin": [11, 10, 10]},
			"faces": {
				"north": {"uv": [11, 13, 13, 14], "texture": "#1"},
				"east": {"uv": [0, 0, 16, 1], "texture": "#1"},
				"south": {"uv": [0, 0, 2, 1], "texture": "#1"},
				"west": {"uv": [0, 14, 16, 15], "texture": "#1"},
				"up": {"uv": [0, 0, 2, 1], "texture": "#1"},
				"down": {"uv": [0, 0, 16, 2], "rotation": 90, "texture": "#1"}
			}
		},
		{
			"from": [10, 14, 0],
			"to": [12, 15, 16],
			"rotation": {"angle": 0, "axis": "z", "origin": [11, 5, 10]},
			"faces": {
				"north": {"uv": [11, 13, 13, 14], "rotation": 180, "texture": "#1"},
				"east": {"uv": [0, 14, 16, 15], "rotation": 180, "texture": "#1"},
				"south": {"uv": [0, 0, 2, 1], "rotation": 180, "texture": "#1"},
				"west": {"uv": [0, 0, 16, 1], "rotation": 180, "texture": "#1"},
				"up": {"uv": [0, 0, 16, 2], "rotation": 270, "texture": "#1"},
				"down": {"uv": [0, 0, 2, 1], "rotation": 180, "texture": "#1"}
			}
		},
		{
			"from": [3, 14, 0],
			"to": [5, 15, 16],
			"rotation": {"angle": 0, "axis": "y", "origin": [11, 22, 10]},
			"faces": {
				"north": {"uv": [11, 1, 13, 2], "texture": "#1"},
				"east": {"uv": [0, 0, 16, 1], "texture": "#1"},
				"south": {"uv": [0, 0, 2, 1], "texture": "#1"},
				"west": {"uv": [0, 14, 16, 15], "texture": "#1"},
				"up": {"uv": [0, 0, 16, 2], "rotation": 90, "texture": "#1"},
				"down": {"uv": [0, 0, 2, 1], "texture": "#1"}
			}
		},
		{
			"from": [10, 2, 0],
			"to": [12, 3, 16],
			"rotation": {"angle": 0, "axis": "z", "origin": [11, 5, 10]},
			"faces": {
				"north": {"uv": [11, 1, 13, 2], "rotation": 180, "texture": "#1"},
				"east": {"uv": [0, 14, 16, 15], "rotation": 180, "texture": "#1"},
				"south": {"uv": [0, 0, 2, 1], "rotation": 180, "texture": "#1"},
				"west": {"uv": [0, 0, 16, 1], "rotation": 180, "texture": "#1"},
				"up": {"uv": [0, 0, 2, 1], "rotation": 180, "texture": "#1"},
				"down": {"uv": [0, 0, 16, 2], "rotation": 270, "texture": "#1"}
			}
		},
		{
			"from": [5, 1, 0],
			"to": [10, 2, 16],
			"rotation": {"angle": 0, "axis": "y", "origin": [13, 9, 10]},
			"faces": {
				"north": {"uv": [6, 14, 11, 15], "texture": "#1"},
				"east": {"uv": [0, 0, 16, 1], "texture": "#1"},
				"south": {"uv": [0, 0, 1, 4], "rotation": 90, "texture": "#1"},
				"west": {"uv": [0, 14, 16, 15], "texture": "#1"},
				"up": {"uv": [0, 0, 1, 5], "texture": "#1"},
				"down": {"uv": [0, 0, 16, 4], "rotation": 90, "texture": "#1"}
			}
		},
		{
			"from": [1, 0, 2],
			"to": [14, 4, 3],
			"rotation": {"angle": 0, "axis": "y", "origin": [13, 8, 10]},
			"faces": {
				"north": {"uv": [0, 0, 13, 4], "texture": "#2"},
				"east": {"uv": [0, 0, 1, 4], "texture": "#2"},
				"south": {"uv": [0, 0, 13, 4], "texture": "#2"},
				"west": {"uv": [0, 0, 1, 4], "texture": "#2"},
				"up": {"uv": [0, 0, 13, 1], "texture": "#missing"},
				"down": {"uv": [0, 0, 13, 1], "texture": "#2"}
			}
		},
		{
			"from": [1, 0, 13],
			"to": [14, 4, 14],
			"rotation": {"angle": 0, "axis": "y", "origin": [13, 8, 21]},
			"faces": {
				"north": {"uv": [0, 0, 13, 4], "texture": "#2"},
				"east": {"uv": [0, 0, 1, 4], "texture": "#2"},
				"south": {"uv": [0, 0, 13, 4], "texture": "#2"},
				"west": {"uv": [0, 0, 1, 4], "texture": "#2"},
				"up": {"uv": [0, 0, 13, 1], "texture": "#missing"},
				"down": {"uv": [0, 0, 13, 1], "texture": "#2"}
			}
		},
		{
			"from": [5, 2, 0.5],
			"to": [10, 15, 15.5],
			"rotation": {"angle": 0, "axis": "y", "origin": [13, 10, 10]},
			"faces": {
				"north": {"uv": [5, 0, 10, 13], "texture": "#0"},
				"east": {"uv": [5, 0, 10, 13], "texture": "#0"},
				"south": {"uv": [5, 0, 10, 13], "texture": "#0"},
				"west": {"uv": [5, 0, 10, 13], "texture": "#0"},
				"up": {"uv": [5, 0, 10, 13], "texture": "#0"},
				"down": {"uv": [5, 0, 10, 13], "texture": "#0"}
			}
		},
		{
			"from": [3, 3, 0.5],
			"to": [5, 14, 15.5],
			"rotation": {"angle": 0, "axis": "y", "origin": [8, 10, 10]},
			"faces": {
				"north": {"uv": [10, 1, 12, 12], "texture": "#0"},
				"east": {"uv": [10, 1, 12, 12], "texture": "#0"},
				"south": {"uv": [10, 1, 12, 12], "texture": "#0"},
				"west": {"uv": [10, 1, 12, 12], "texture": "#0"},
				"up": {"uv": [10, 1, 12, 12], "texture": "#0"},
				"down": {"uv": [10, 1, 12, 12], "texture": "#0"}
			}
		},
		{
			"from": [10, 3, 0.5],
			"to": [12, 14, 15.5],
			"rotation": {"angle": 0, "axis": "y", "origin": [15, 10, 10]},
			"faces": {
				"north": {"uv": [3, 1, 5, 12], "texture": "#0"},
				"east": {"uv": [3, 1, 5, 12], "texture": "#0"},
				"south": {"uv": [3, 1, 5, 12], "texture": "#0"},
				"west": {"uv": [3, 1, 5, 12], "texture": "#0"},
				"up": {"uv": [3, 1, 5, 12], "texture": "#0"},
				"down": {"uv": [3, 1, 5, 12], "texture": "#0"}
			}
		},
		{
			"from": [2, 4, 0.5],
			"to": [3, 13, 15.5],
			"rotation": {"angle": 0, "axis": "y", "origin": [6, 10, 10]},
			"faces": {
				"north": {"uv": [12, 2, 13, 11], "texture": "#0"},
				"east": {"uv": [12, 2, 13, 11], "texture": "#0"},
				"south": {"uv": [12, 2, 13, 11], "texture": "#0"},
				"west": {"uv": [12, 2, 13, 11], "texture": "#0"},
				"up": {"uv": [12, 2, 13, 11], "texture": "#0"},
				"down": {"uv": [12, 2, 13, 11], "texture": "#0"}
			}
		},
		{
			"from": [12, 4, 0.5],
			"to": [13, 13, 15.5],
			"rotation": {"angle": 0, "axis": "y", "origin": [16, 10, 10]},
			"faces": {
				"north": {"uv": [2, 2, 3, 11], "texture": "#0"},
				"east": {"uv": [2, 2, 3, 11], "texture": "#0"},
				"south": {"uv": [2, 2, 3, 11], "texture": "#0"},
				"west": {"uv": [2, 2, 3, 11], "texture": "#0"},
				"up": {"uv": [2, 2, 3, 11], "texture": "#0"},
				"down": {"uv": [2, 2, 3, 11], "texture": "#0"}
			}
		},
		{
			"from": [1, 6, 0.5],
			"to": [2, 11, 15.5],
			"rotation": {"angle": 0, "axis": "y", "origin": [5, 10, 10]},
			"faces": {
				"north": {"uv": [13, 4, 14, 9], "texture": "#0"},
				"east": {"uv": [13, 4, 14, 9], "texture": "#0"},
				"south": {"uv": [13, 4, 14, 9], "texture": "#0"},
				"west": {"uv": [13, 4, 14, 9], "texture": "#0"},
				"up": {"uv": [13, 4, 14, 9], "texture": "#0"},
				"down": {"uv": [13, 4, 14, 9], "texture": "#0"}
			}
		},
		{
			"from": [13, 6, 0.5],
			"to": [14, 11, 15.5],
			"rotation": {"angle": 0, "axis": "y", "origin": [17, 10, 10]},
			"faces": {
				"north": {"uv": [1, 4, 2, 9], "texture": "#0"},
				"east": {"uv": [1, 4, 2, 9], "texture": "#0"},
				"south": {"uv": [1, 4, 2, 9], "texture": "#0"},
				"west": {"uv": [1, 4, 2, 9], "texture": "#0"},
				"up": {"uv": [1, 4, 2, 9], "texture": "#0"},
				"down": {"uv": [1, 4, 2, 9], "texture": "#0"}
			}
		},
		{
			"from": [5, 15, 0],
			"to": [10, 16, 16],
			"rotation": {"angle": 0, "axis": "y", "origin": [13, 23, 10]},
			"faces": {
				"north": {"uv": [6, 0, 11, 1], "texture": "#1"},
				"east": {"uv": [0, 1, 16, 2], "texture": "#1"},
				"south": {"uv": [0, 0, 1, 4], "rotation": 90, "texture": "#1"},
				"west": {"uv": [0, 15, 16, 16], "texture": "#1"},
				"up": {"uv": [0, 0, 16, 4], "rotation": 90, "texture": "#1"},
				"down": {"uv": [0, 0, 5, 1], "texture": "#1"}
			}
		},
		{
			"from": [7.225, 2.225, -2.225],
			"to": [7.775, 2.775, 0.525],
			"rotation": {"angle": 0, "axis": "y", "origin": [15, 10, 7.525]},
			"faces": {
				"north": {"uv": [1, 7, 2.75, 8], "texture": "#3"},
				"east": {"uv": [1, 7, 2.75, 8], "texture": "#3"},
				"south": {"uv": [1, 7, 2.75, 8], "texture": "#3"},
				"west": {"uv": [1, 7, 2.75, 8], "texture": "#3"},
				"up": {"uv": [1, 7, 2.75, 8], "texture": "#3"},
				"down": {"uv": [1, 7, 2.75, 8], "texture": "#3"}
			}
		},
		{
			"from": [7.275, 1.675, -2.2],
			"to": [7.725, 2.225, -1.675],
			"rotation": {"angle": 0, "axis": "y", "origin": [15, 9.45, 7.525]},
			"faces": {
				"north": {"uv": [2, 2, 2.525, 2.55], "texture": "#3"},
				"east": {"uv": [2, 2, 2.525, 2.55], "texture": "#3"},
				"south": {"uv": [2, 2, 2.525, 2.55], "texture": "#3"},
				"west": {"uv": [2, 2, 2.525, 2.55], "texture": "#3"},
				"up": {"uv": [2, 2, 2.525, 2.55], "texture": "#3"},
				"down": {"uv": [2, 2, 2.525, 2.55], "texture": "#3"}
			}
		}
	],
	"display": {
		"head": {
			"rotation": [90, 0, 0],
			"translation": [0, -45.25, 16.5],
			"scale": [1.5, 1.5, 1.5]
		}
	}
}