{
	"credit": "Made with Blockbench",
	"textures": {
		"0": "custom/portable_jukebox/main",
		"1": "custom/portable_jukebox/disk",
		"2": "custom/portable_jukebox/iron",
		"3": "custom/portable_jukebox/white",
		"4": "custom/portable_jukebox/gray",
		"5": "custom/portable_jukebox/dynamic",
		"6": "custom/portable_jukebox/disc_disc",
		"7": "custom/portable_jukebox/disc_disc_center",
		"particle": "custom/portable_jukebox/main"
	},
	"elements": [
		{
			"from": [13.5, 0, 1.5],
			"to": [15.5, 2, 2.5],
			"rotation": {"angle": 0, "axis": "y", "origin": [8, 0.5, 8]},
			"faces": {
				"north": {"uv": [0, 0, 2, 2], "texture": "#0"},
				"east": {"uv": [0, 0, 1, 2], "texture": "#0"},
				"south": {"uv": [0, 0, 2, 2], "texture": "#0"},
				"west": {"uv": [0, 0, 1, 2], "texture": "#0"},
				"up": {"uv": [0, 0, 2, 1], "texture": "#0"},
				"down": {"uv": [0, 0, 2, 1], "texture": "#0"}
			}
		},
		{
			"from": [13.5, 0, 13.5],
			"to": [15.5, 2, 14.5],
			"rotation": {"angle": 0, "axis": "y", "origin": [8, 0.5, 8]},
			"faces": {
				"north": {"uv": [0, 0, 2, 2], "texture": "#0"},
				"east": {"uv": [0, 0, 1, 2], "texture": "#0"},
				"south": {"uv": [0, 0, 2, 2], "texture": "#0"},
				"west": {"uv": [0, 0, 1, 2], "texture": "#0"},
				"up": {"uv": [0, 0, 2, 1], "texture": "#0"},
				"down": {"uv": [0, 0, 2, 1], "texture": "#0"}
			}
		},
		{
			"from": [-0.5, 0, 2.5],
			"to": [0.5, 2, 13.5],
			"rotation": {"angle": 0, "axis": "y", "origin": [8, 0.5, 8]},
			"faces": {
				"north": {"uv": [0, 0, 1, 2], "texture": "#0"},
				"east": {"uv": [0, 0, 11, 2], "texture": "#0"},
				"south": {"uv": [0, 0, 1, 2], "texture": "#0"},
				"west": {"uv": [0, 0, 11, 2], "texture": "#0"},
				"up": {"uv": [0, 0, 11, 1], "rotation": 270, "texture": "#0"},
				"down": {"uv": [0, 0, 11, 1], "rotation": 90, "texture": "#0"}
			}
		},
		{
			"from": [2.5, 0, 0.5],
			"to": [13.5, 2, 1.5],
			"rotation": {"angle": 0, "axis": "y", "origin": [8, 0.5, 8]},
			"faces": {
				"north": {"uv": [0, 0, 11, 2], "texture": "#0"},
				"east": {"uv": [0, 0, 1, 2], "texture": "#0"},
				"south": {"uv": [0, 0, 11, 2], "texture": "#0"},
				"west": {"uv": [0, 0, 1, 2], "texture": "#0"},
				"up": {"uv": [0, 0, 11, 1], "texture": "#0"},
				"down": {"uv": [0, 0, 11, 1], "texture": "#0"}
			}
		},
		{
			"from": [2.5, 0, 1.5],
			"to": [13.5, 2, 2.5],
			"rotation": {"angle": 0, "axis": "y", "origin": [8, 0.5, 9]},
			"faces": {
				"north": {"uv": [0, 0, 11, 2], "texture": "#3"},
				"east": {"uv": [0, 0, 11, 2], "texture": "#3"},
				"south": {"uv": [0, 0, 11, 2], "texture": "#3"},
				"west": {"uv": [0, 0, 11, 2], "texture": "#3"},
				"up": {"uv": [0, 0, 11, 2], "texture": "#3"},
				"down": {"uv": [0, 0, 11, 2], "texture": "#0"}
			}
		},
		{
			"from": [2.5, 0, 13.5],
			"to": [13.5, 2, 14.5],
			"rotation": {"angle": 0, "axis": "y", "origin": [8, 0.5, 21]},
			"faces": {
				"north": {"uv": [0, 0, 11, 1], "texture": "#3"},
				"east": {"uv": [0, 0, 11, 1], "texture": "#3"},
				"south": {"uv": [0, 0, 11, 1], "texture": "#3"},
				"west": {"uv": [0, 0, 11, 1], "texture": "#3"},
				"up": {"uv": [0, 0, 11, 1], "texture": "#3"},
				"down": {"uv": [0, 0, 11, 1], "texture": "#0"}
			}
		},
		{
			"from": [15.5, 0, 2.5],
			"to": [16.5, 2, 13.5],
			"rotation": {"angle": 0, "axis": "y", "origin": [8, 0.5, 8]},
			"faces": {
				"north": {"uv": [0, 0, 1, 2], "texture": "#0"},
				"east": {"uv": [0, 0, 11, 2], "texture": "#0"},
				"south": {"uv": [0, 0, 1, 2], "texture": "#0"},
				"west": {"uv": [0, 0, 11, 2], "texture": "#0"},
				"up": {"uv": [0, 0, 1, 11], "texture": "#0"},
				"down": {"uv": [0, 0, 1, 11], "texture": "#0"}
			}
		},
		{
			"from": [0.5, 0, 2.5],
			"to": [15.5, 2, 13.5],
			"rotation": {"angle": 0, "axis": "y", "origin": [7, 0.5, 8]},
			"faces": {
				"north": {"uv": [0, 0, 15, 2], "texture": "#3"},
				"east": {"uv": [0, 0, 11, 2], "texture": "#3"},
				"south": {"uv": [0, 0, 15, 2], "texture": "#3"},
				"west": {"uv": [0, 0, 11, 2], "texture": "#3"},
				"up": {"uv": [0, 0, 15, 11], "texture": "#3"},
				"down": {"uv": [0, 0, 15, 11], "texture": "#0"}
			}
		},
		{
			"from": [1.8125, 2, 3.5],
			"to": [14.8125, 2.25, 12.5],
			"rotation": {"angle": 0, "axis": "y", "origin": [7.3125, 2.5, 8]},
			"faces": {
				"north": {"uv": [0, 0, 13, 0.25], "texture": "#4"},
				"east": {"uv": [0, 0, 9, 0.25], "texture": "#4"},
				"south": {"uv": [0, 0, 13, 0.25], "texture": "#4"},
				"west": {"uv": [0, 0, 9, 0.25], "texture": "#4"},
				"up": {"uv": [0, 0, 13, 9], "texture": "#4"},
				"down": {"uv": [0, 0, 13, 9], "texture": "#4"}
			}
		},
		{
			"from": [0.8125, 2, 3.5],
			"to": [1.3125, 2.75, 4],
			"rotation": {"angle": 0, "axis": "y", "origin": [-5.6875, 2.5, 8]},
			"faces": {
				"north": {"uv": [0, 0, 0.5, 0.75], "texture": "#2"},
				"east": {"uv": [0, 0, 0.5, 0.75], "texture": "#2"},
				"south": {"uv": [0, 0, 0.5, 0.75], "texture": "#2"},
				"west": {"uv": [0, 0, 0.5, 0.75], "texture": "#2"},
				"up": {"uv": [0, 0, 0.5, 0.5], "texture": "#1"},
				"down": {"uv": [0, 0, 0.5, 0.5], "texture": "#2"}
			}
		},
		{
			"from": [2.8125, 2, 11.5],
			"to": [3.3125, 2.75, 12],
			"rotation": {"angle": 0, "axis": "y", "origin": [3.0625, 2.375, 11.75]},
			"faces": {
				"north": {"uv": [0, 0, 0.5, 0.75], "texture": "#2"},
				"east": {"uv": [0, 0, 0.5, 0.75], "texture": "#2"},
				"south": {"uv": [0, 0, 0.5, 0.75], "texture": "#2"},
				"west": {"uv": [0, 0, 0.5, 0.75], "texture": "#2"},
				"up": {"uv": [0, 0, 0.5, 0.5], "texture": "#2"},
				"down": {"uv": [0, 0, 0.5, 0.5], "texture": "#2"}
			}
		},
		{
			"from": [2.8125, 2.75, 10.1875],
			"to": [3.3125, 3, 11.8125],
			"rotation": {"angle": 22.5, "axis": "x", "origin": [3.0625, 3, 11.4375]},
			"faces": {
				"north": {"uv": [0, 0, 0.5, 0.25], "rotation": 180, "texture": "#1"},
				"east": {"uv": [0, 0, 0.25, 1.625], "rotation": 90, "texture": "#1"},
				"south": {"uv": [0, 0, 0.5, 0.25], "texture": "#1"},
				"west": {"uv": [0, 0, 0.25, 1.625], "rotation": 270, "texture": "#1"},
				"up": {"uv": [0, 0, 0.5, 1.625], "texture": "#1"},
				"down": {"uv": [0, 0, 0.5, 1.625], "rotation": 180, "texture": "#1"}
			}
		},
		{
			"from": [2.8125, 3.0625, 5.3125],
			"to": [3.3125, 3.3125, 6.875],
			"rotation": {"angle": -22.5, "axis": "x", "origin": [3.0625, 3.3125, 6.5]},
			"faces": {
				"north": {"uv": [0, 0, 0.5, 0.25], "rotation": 180, "texture": "#1"},
				"east": {"uv": [0, 0, 0.25, 1.5625], "rotation": 90, "texture": "#1"},
				"south": {"uv": [0, 0, 0.5, 0.25], "texture": "#1"},
				"west": {"uv": [0, 0, 0.25, 1.5625], "rotation": 270, "texture": "#1"},
				"up": {"uv": [0, 0, 0.5, 1.5625], "texture": "#1"},
				"down": {"uv": [0, 0, 0.5, 1.5625], "rotation": 180, "texture": "#1"}
			}
		},
		{
			"from": [2.8125, 3.25, 6.875],
			"to": [3.3125, 3.5, 10.3125],
			"rotation": {"angle": 0, "axis": "y", "origin": [3.0625, 3.5, 9.9375]},
			"faces": {
				"north": {"uv": [0, 0, 0.5, 0.25], "rotation": 180, "texture": "#1"},
				"east": {"uv": [0, 0, 0.25, 3.4375], "rotation": 90, "texture": "#1"},
				"south": {"uv": [0, 0, 0.5, 0.25], "texture": "#1"},
				"west": {"uv": [0, 0, 0.25, 3.4375], "rotation": 270, "texture": "#1"},
				"up": {"uv": [0, 0, 0.5, 3.4375], "texture": "#1"},
				"down": {"uv": [0, 0, 0.5, 3.4375], "rotation": 180, "texture": "#1"}
			}
		},
		{
			"from": [2.8125, 2.625, 5.75],
			"to": [3.3125, 2.875, 11.5],
			"rotation": {"angle": 0, "axis": "y", "origin": [3.0625, 2.875, 9.9375]},
			"faces": {
				"north": {"uv": [0, 0, 0.5, 0.25], "rotation": 180, "texture": "#4"},
				"east": {"uv": [0, 0, 0.25, 5.75], "rotation": 90, "texture": "#4"},
				"south": {"uv": [0, 0, 0.5, 0.25], "texture": "#4"},
				"west": {"uv": [0, 0, 0.25, 5.75], "rotation": 270, "texture": "#4"},
				"up": {"uv": [0, 0, 0.5, 5.75], "texture": "#4"},
				"down": {"uv": [0, 0, 0.5, 5.75], "rotation": 180, "texture": "#4"}
			}
		},
		{
			"from": [3.25, 2.625, 3.4375],
			"to": [3.75, 2.875, 6.25],
			"rotation": {"angle": -22.5, "axis": "y", "origin": [3.5, 2.875, 4.6875]},
			"faces": {
				"north": {"uv": [0, 0, 0.5, 0.25], "rotation": 180, "texture": "#1"},
				"east": {"uv": [0, 0, 0.25, 2.8125], "rotation": 90, "texture": "#1"},
				"south": {"uv": [0, 0, 0.5, 0.25], "texture": "#1"},
				"west": {"uv": [0, 0, 0.25, 2.8125], "rotation": 270, "texture": "#1"},
				"up": {"uv": [0, 0, 0.5, 2.8125], "texture": "#1"},
				"down": {"uv": [0, 0, 0.5, 2.8125], "rotation": 180, "texture": "#1"}
			}
		},
		{
			"from": [0.8125, 2, 5.5],
			"to": [1.3125, 2.75, 6],
			"rotation": {"angle": 0, "axis": "y", "origin": [-5.6875, 2.5, 10]},
			"faces": {
				"north": {"uv": [0, 0, 0.5, 0.75], "texture": "#2"},
				"east": {"uv": [0, 0, 0.5, 0.75], "texture": "#2"},
				"south": {"uv": [0, 0, 0.5, 0.75], "texture": "#2"},
				"west": {"uv": [0, 0, 0.5, 0.75], "texture": "#2"},
				"up": {"uv": [0, 0, 0.5, 0.5], "texture": "#1"},
				"down": {"uv": [0, 0, 0.5, 0.5], "texture": "#2"}
			}
		},
		{
			"from": [0.5, 0, 1.5],
			"to": [2.5, 2, 2.5],
			"rotation": {"angle": 0, "axis": "y", "origin": [8, 0.5, 8]},
			"faces": {
				"north": {"uv": [0, 0, 2, 2], "texture": "#0"},
				"east": {"uv": [0, 0, 1, 2], "texture": "#0"},
				"south": {"uv": [0, 0, 2, 2], "texture": "#0"},
				"west": {"uv": [0, 0, 1, 2], "texture": "#0"},
				"up": {"uv": [0, 0, 1, 2], "rotation": 270, "texture": "#0"},
				"down": {"uv": [0, 0, 1, 2], "rotation": 90, "texture": "#0"}
			}
		},
		{
			"from": [2.5, 0, 14.5],
			"to": [13.5, 2, 15.5],
			"rotation": {"angle": 0, "axis": "y", "origin": [8, 0.5, 8]},
			"faces": {
				"north": {"uv": [0, 0, 11, 2], "texture": "#0"},
				"east": {"uv": [0, 0, 1, 2], "texture": "#0"},
				"south": {"uv": [0, 0, 11, 2], "texture": "#0"},
				"west": {"uv": [0, 0, 1, 2], "texture": "#0"},
				"up": {"uv": [0, 0, 11, 1], "texture": "#0"},
				"down": {"uv": [0, 0, 11, 1], "texture": "#0"}
			}
		},
		{
			"from": [0.5, 0, 13.5],
			"to": [2.5, 2, 14.5],
			"rotation": {"angle": 0, "axis": "y", "origin": [8, 0.5, 8]},
			"faces": {
				"north": {"uv": [0, 0, 2, 2], "texture": "#0"},
				"east": {"uv": [0, 0, 1, 2], "texture": "#0"},
				"south": {"uv": [0, 0, 2, 2], "texture": "#0"},
				"west": {"uv": [0, 0, 1, 2], "texture": "#0"},
				"up": {"uv": [0, 0, 1, 2], "rotation": 270, "texture": "#0"},
				"down": {"uv": [0, 0, 1, 2], "rotation": 90, "texture": "#0"}
			}
		},
		{
			"from": [13.5, 1.5, 17],
			"to": [15.5, 2.5, 19],
			"rotation": {"angle": 22.5, "axis": "x", "origin": [8, 8, 18]},
			"faces": {
				"north": {"uv": [0, 0, 2, 1], "rotation": 180, "texture": "#0"},
				"east": {"uv": [0, 0, 1, 2], "rotation": 90, "texture": "#0"},
				"south": {"uv": [0, 0, 2, 1], "texture": "#0"},
				"west": {"uv": [0, 0, 1, 2], "rotation": 270, "texture": "#0"},
				"up": {"uv": [0, 0, 2, 2], "texture": "#0"},
				"down": {"uv": [0, 0, 2, 2], "rotation": 180, "texture": "#0"}
			}
		},
		{
			"from": [13.5, 13.5, 17],
			"to": [15.5, 14.5, 19],
			"rotation": {"angle": 22.5, "axis": "x", "origin": [8, 8, 18]},
			"faces": {
				"north": {"uv": [0, 0, 2, 1], "rotation": 180, "texture": "#0"},
				"east": {"uv": [0, 0, 1, 2], "rotation": 90, "texture": "#0"},
				"south": {"uv": [0, 0, 2, 1], "texture": "#0"},
				"west": {"uv": [0, 0, 1, 2], "rotation": 270, "texture": "#0"},
				"up": {"uv": [0, 0, 2, 2], "texture": "#0"},
				"down": {"uv": [0, 0, 2, 2], "rotation": 180, "texture": "#0"}
			}
		},
		{
			"from": [-0.5, 2.5, 17],
			"to": [0.5, 13.5, 19],
			"rotation": {"angle": 22.5, "axis": "x", "origin": [8, 8, 18]},
			"faces": {
				"north": {"uv": [0, 0, 11, 1], "rotation": 90, "texture": "#0"},
				"east": {"uv": [0, 0, 11, 2], "rotation": 90, "texture": "#0"},
				"south": {"uv": [0, 0, 11, 1], "rotation": 90, "texture": "#0"},
				"west": {"uv": [0, 0, 11, 2], "rotation": 270, "texture": "#0"},
				"up": {"uv": [0, 0, 1, 2], "texture": "#0"},
				"down": {"uv": [0, 0, 1, 2], "rotation": 180, "texture": "#0"}
			}
		},
		{
			"from": [2.5, 0.5, 17],
			"to": [13.5, 1.5, 19],
			"rotation": {"angle": 22.5, "axis": "x", "origin": [8, 8, 18]},
			"faces": {
				"north": {"uv": [0, 0, 11, 1], "rotation": 180, "texture": "#0"},
				"east": {"uv": [0, 0, 1, 2], "rotation": 90, "texture": "#0"},
				"south": {"uv": [0, 0, 11, 1], "texture": "#0"},
				"west": {"uv": [0, 0, 1, 2], "rotation": 270, "texture": "#0"},
				"up": {"uv": [0, 0, 11, 2], "texture": "#0"},
				"down": {"uv": [0, 0, 11, 2], "rotation": 180, "texture": "#0"}
			}
		},
		{
			"from": [2.5, 1.5, 17],
			"to": [13.5, 2.5, 19],
			"rotation": {"angle": 22.5, "axis": "x", "origin": [8, 8, 18]},
			"faces": {
				"north": {"uv": [0, 0, 11, 1], "rotation": 180, "texture": "#0"},
				"east": {"uv": [0, 0, 1, 2], "rotation": 90, "texture": "#0"},
				"south": {"uv": [0, 0, 11, 1], "texture": "#0"},
				"west": {"uv": [0, 0, 1, 2], "rotation": 270, "texture": "#0"},
				"up": {"uv": [0, 0, 11, 2], "texture": "#0"},
				"down": {"uv": [0, 0, 11, 2], "rotation": 180, "texture": "#0"}
			}
		},
		{
			"from": [2.5, 12.9375, 18.375],
			"to": [13.5, 13.9375, 18.875],
			"rotation": {"angle": 22.5, "axis": "x", "origin": [8, 7.4375, 19.375]},
			"faces": {
				"north": {"uv": [0, 0, 11, 1], "rotation": 180, "texture": "#0"},
				"east": {"uv": [0, 0, 1, 0.5], "rotation": 90, "texture": "#0"},
				"south": {"uv": [0, 0, 11, 1], "texture": "#0"},
				"west": {"uv": [0, 0, 1, 0.5], "rotation": 270, "texture": "#0"},
				"up": {"uv": [0, 0, 11, 0.5], "texture": "#0"},
				"down": {"uv": [0, 0, 11, 0.5], "rotation": 180, "texture": "#0"}
			}
		},
		{
			"from": [15.5, 2.5, 17],
			"to": [16.5, 13.5, 19],
			"rotation": {"angle": 22.5, "axis": "x", "origin": [8, 8, 18]},
			"faces": {
				"north": {"uv": [0, 0, 1, 11], "rotation": 180, "texture": "#0"},
				"east": {"uv": [0, 0, 11, 2], "rotation": 90, "texture": "#0"},
				"south": {"uv": [0, 0, 1, 11], "texture": "#0"},
				"west": {"uv": [0, 0, 11, 2], "rotation": 270, "texture": "#0"},
				"up": {"uv": [0, 0, 1, 2], "texture": "#0"},
				"down": {"uv": [0, 0, 1, 2], "rotation": 180, "texture": "#0"}
			}
		},
		{
			"from": [5, 2.5, 17.5625],
			"to": [15.5, 13.5, 19],
			"rotation": {"angle": 22.5, "axis": "x", "origin": [7, 8, 18]},
			"faces": {
				"north": {"uv": [0, 0, 10.5, 11], "rotation": 180, "texture": "#2"},
				"east": {"uv": [0, 0, 11, 1.4375], "rotation": 90, "texture": "#0"},
				"south": {"uv": [0, 0, 10.5, 11], "texture": "#0"},
				"west": {"uv": [0, 0, 11, 1.4375], "rotation": 270, "texture": "#5"},
				"up": {"uv": [0, 0, 10.5, 1.4375], "texture": "#0"},
				"down": {"uv": [0, 0, 10.5, 1.4375], "rotation": 180, "texture": "#0"}
			}
		},
		{
			"from": [4.9375, 10.90978, 18.84054],
			"to": [15.5, 13.40978, 18.90304],
			"rotation": {"angle": 22.5, "axis": "x", "origin": [10.75, 11.34728, 18.87179]},
			"faces": {
				"north": {"uv": [0, 0, 10.5625, 2.5], "rotation": 180, "texture": "#5"},
				"east": {"uv": [0, 0, 10.5625, 2.5], "rotation": 180, "texture": "#5"},
				"south": {"uv": [0, 0, 10.5625, 2.5], "rotation": 180, "texture": "#5"},
				"west": {"uv": [0, 0, 10.5625, 2.5], "rotation": 180, "texture": "#5"},
				"up": {"uv": [0, 0, 10.5625, 2.5], "rotation": 180, "texture": "#5"},
				"down": {"uv": [0, 0, 10.5625, 2.5], "rotation": 180, "texture": "#5"}
			}
		},
		{
			"from": [14.125, 5.47228, 17.59054],
			"to": [15.625, 11.22228, 17.65304],
			"rotation": {"angle": 22.5, "axis": "x", "origin": [14.0625, 8.34728, 17.62179]},
			"faces": {
				"north": {"uv": [0, 0, 5.75, 1.5], "rotation": 270, "texture": "#5"},
				"east": {"uv": [0, 0, 5.75, 0.0625], "rotation": 90, "texture": "#5"},
				"south": {"uv": [0, 0, 5.75, 1.5], "rotation": 270, "texture": "#5"},
				"west": {"uv": [0, 0, 5.75, 0.0625], "rotation": 270, "texture": "#5"},
				"up": {"uv": [0, 0, 1.5, 0.0625], "texture": "#5"},
				"down": {"uv": [0, 0, 1.5, 0.0625], "rotation": 180, "texture": "#5"}
			}
		},
		{
			"from": [12.625, 5.47228, 17.59054],
			"to": [13, 11.22228, 17.65304],
			"rotation": {"angle": 22.5, "axis": "x", "origin": [12.5625, 8.34728, 17.62179]},
			"faces": {
				"north": {"uv": [0, 0, 5.75, 0.375], "rotation": 270, "texture": "#5"},
				"east": {"uv": [0, 0, 5.75, 0.375], "rotation": 270, "texture": "#5"},
				"south": {"uv": [0, 0, 5.75, 0.375], "rotation": 270, "texture": "#5"},
				"west": {"uv": [0, 0, 5.75, 0.375], "rotation": 270, "texture": "#5"},
				"up": {"uv": [0, 0, 5.75, 0.375], "rotation": 270, "texture": "#5"},
				"down": {"uv": [0, 0, 5.75, 0.375], "rotation": 270, "texture": "#5"}
			}
		},
		{
			"from": [7.375, 10.47228, 17.84054],
			"to": [14.125, 10.72228, 17.90304],
			"rotation": {"angle": 22.5, "axis": "x", "origin": [12.5625, 8.84728, 17.87179]},
			"faces": {
				"north": {"uv": [0, 0, 0.25, 6.75], "rotation": 270, "texture": "#5"},
				"east": {"uv": [0, 0, 0.25, 6.75], "rotation": 270, "texture": "#5"},
				"south": {"uv": [0, 0, 0.25, 6.75], "rotation": 270, "texture": "#5"},
				"west": {"uv": [0, 0, 0.25, 6.75], "rotation": 270, "texture": "#5"},
				"up": {"uv": [0, 0, 0.25, 6.75], "rotation": 270, "texture": "#5"},
				"down": {"uv": [0, 0, 0.25, 6.75], "rotation": 270, "texture": "#5"}
			}
		},
		{
			"from": [7.375, 9.84728, 17.59054],
			"to": [14.125, 10.09728, 17.65304],
			"rotation": {"angle": 22.5, "axis": "x", "origin": [12.5625, 8.22228, 17.62179]},
			"faces": {
				"north": {"uv": [0, 0, 0.25, 6.75], "rotation": 270, "texture": "#5"},
				"east": {"uv": [0, 0, 0.25, 6.75], "rotation": 270, "texture": "#5"},
				"south": {"uv": [0, 0, 0.25, 6.75], "rotation": 270, "texture": "#5"},
				"west": {"uv": [0, 0, 0.25, 6.75], "rotation": 270, "texture": "#5"},
				"up": {"uv": [0, 0, 0.25, 6.75], "rotation": 270, "texture": "#5"},
				"down": {"uv": [0, 0, 0.25, 6.75], "rotation": 270, "texture": "#5"}
			}
		},
		{
			"from": [7.375, 9.2223, 17.59054],
			"to": [14.125, 9.4723, 17.65304],
			"rotation": {"angle": 22.5, "axis": "x", "origin": [12.5625, 8.22228, 17.62179]},
			"faces": {
				"north": {"uv": [0, 0, 0.25, 6.75], "rotation": 270, "texture": "#5"},
				"east": {"uv": [0, 0, 0.25, 6.75], "rotation": 270, "texture": "#5"},
				"south": {"uv": [0, 0, 0.25, 6.75], "rotation": 270, "texture": "#5"},
				"west": {"uv": [0, 0, 0.25, 6.75], "rotation": 270, "texture": "#5"},
				"up": {"uv": [0, 0, 0.25, 6.75], "rotation": 270, "texture": "#5"},
				"down": {"uv": [0, 0, 0.25, 6.75], "rotation": 270, "texture": "#5"}
			}
		},
		{
			"from": [7.375, 8.5973, 17.59054],
			"to": [14.125, 8.8473, 17.65304],
			"rotation": {"angle": 22.5, "axis": "x", "origin": [12.5625, 8.22228, 17.62179]},
			"faces": {
				"north": {"uv": [0, 0, 0.25, 6.75], "rotation": 270, "texture": "#5"},
				"east": {"uv": [0, 0, 0.25, 6.75], "rotation": 270, "texture": "#5"},
				"south": {"uv": [0, 0, 0.25, 6.75], "rotation": 270, "texture": "#5"},
				"west": {"uv": [0, 0, 0.25, 6.75], "rotation": 270, "texture": "#5"},
				"up": {"uv": [0, 0, 0.25, 6.75], "rotation": 270, "texture": "#5"},
				"down": {"uv": [0, 0, 0.25, 6.75], "rotation": 270, "texture": "#5"}
			}
		},
		{
			"from": [7.375, 7.9723, 17.59054],
			"to": [14.125, 8.2223, 17.65304],
			"rotation": {"angle": 22.5, "axis": "x", "origin": [12.5625, 8.22228, 17.62179]},
			"faces": {
				"north": {"uv": [0, 0, 0.25, 6.75], "rotation": 270, "texture": "#5"},
				"east": {"uv": [0, 0, 0.25, 6.75], "rotation": 270, "texture": "#5"},
				"south": {"uv": [0, 0, 0.25, 6.75], "rotation": 270, "texture": "#5"},
				"west": {"uv": [0, 0, 0.25, 6.75], "rotation": 270, "texture": "#5"},
				"up": {"uv": [0, 0, 0.25, 6.75], "rotation": 270, "texture": "#5"},
				"down": {"uv": [0, 0, 0.25, 6.75], "rotation": 270, "texture": "#5"}
			}
		},
		{
			"from": [7.375, 7.3473, 17.59054],
			"to": [14.125, 7.5973, 17.65304],
			"rotation": {"angle": 22.5, "axis": "x", "origin": [12.5625, 8.22228, 17.62179]},
			"faces": {
				"north": {"uv": [0, 0, 0.25, 6.75], "rotation": 270, "texture": "#5"},
				"east": {"uv": [0, 0, 0.25, 6.75], "rotation": 270, "texture": "#5"},
				"south": {"uv": [0, 0, 0.25, 6.75], "rotation": 270, "texture": "#5"},
				"west": {"uv": [0, 0, 0.25, 6.75], "rotation": 270, "texture": "#5"},
				"up": {"uv": [0, 0, 0.25, 6.75], "rotation": 270, "texture": "#5"},
				"down": {"uv": [0, 0, 0.25, 6.75], "rotation": 270, "texture": "#5"}
			}
		},
		{
			"from": [7.375, 6.7223, 17.59054],
			"to": [14.125, 6.9723, 17.65304],
			"rotation": {"angle": 22.5, "axis": "x", "origin": [12.5625, 8.22228, 17.62179]},
			"faces": {
				"north": {"uv": [0, 0, 0.25, 6.75], "rotation": 270, "texture": "#5"},
				"east": {"uv": [0, 0, 0.25, 6.75], "rotation": 270, "texture": "#5"},
				"south": {"uv": [0, 0, 0.25, 6.75], "rotation": 270, "texture": "#5"},
				"west": {"uv": [0, 0, 0.25, 6.75], "rotation": 270, "texture": "#5"},
				"up": {"uv": [0, 0, 0.25, 6.75], "rotation": 270, "texture": "#5"},
				"down": {"uv": [0, 0, 0.25, 6.75], "rotation": 270, "texture": "#5"}
			}
		},
		{
			"from": [7.375, 6.0973, 17.59054],
			"to": [14.125, 6.3473, 17.65304],
			"rotation": {"angle": 22.5, "axis": "x", "origin": [12.5625, 8.22228, 17.62179]},
			"faces": {
				"north": {"uv": [0, 0, 0.25, 6.75], "rotation": 270, "texture": "#5"},
				"east": {"uv": [0, 0, 0.25, 6.75], "rotation": 270, "texture": "#5"},
				"south": {"uv": [0, 0, 0.25, 6.75], "rotation": 270, "texture": "#5"},
				"west": {"uv": [0, 0, 0.25, 6.75], "rotation": 270, "texture": "#5"},
				"up": {"uv": [0, 0, 0.25, 6.75], "rotation": 270, "texture": "#5"},
				"down": {"uv": [0, 0, 0.25, 6.75], "rotation": 270, "texture": "#5"}
			}
		},
		{
			"from": [7.375, 5.4723, 17.59054],
			"to": [14.125, 5.7223, 17.65304],
			"rotation": {"angle": 22.5, "axis": "x", "origin": [12.5625, 8.22228, 17.62179]},
			"faces": {
				"north": {"uv": [0, 0, 0.25, 6.75], "rotation": 270, "texture": "#5"},
				"east": {"uv": [0, 0, 0.25, 6.75], "rotation": 270, "texture": "#5"},
				"south": {"uv": [0, 0, 0.25, 6.75], "rotation": 270, "texture": "#5"},
				"west": {"uv": [0, 0, 0.25, 6.75], "rotation": 270, "texture": "#5"},
				"up": {"uv": [0, 0, 0.25, 6.75], "rotation": 270, "texture": "#5"},
				"down": {"uv": [0, 0, 0.25, 6.75], "rotation": 270, "texture": "#5"}
			}
		},
		{
			"from": [11.1875, 5.47228, 17.59054],
			"to": [11.5625, 11.22228, 17.65304],
			"rotation": {"angle": 22.5, "axis": "x", "origin": [11.125, 8.34728, 17.62179]},
			"faces": {
				"north": {"uv": [0, 0, 5.75, 0.375], "rotation": 270, "texture": "#5"},
				"east": {"uv": [0, 0, 5.75, 0.375], "rotation": 270, "texture": "#5"},
				"south": {"uv": [0, 0, 5.75, 0.375], "rotation": 270, "texture": "#5"},
				"west": {"uv": [0, 0, 5.75, 0.375], "rotation": 270, "texture": "#5"},
				"up": {"uv": [0, 0, 5.75, 0.375], "rotation": 270, "texture": "#5"},
				"down": {"uv": [0, 0, 5.75, 0.375], "rotation": 270, "texture": "#5"}
			}
		},
		{
			"from": [9.8125, 5.47228, 17.59054],
			"to": [10.1875, 11.22228, 17.65304],
			"rotation": {"angle": 22.5, "axis": "x", "origin": [9.75, 8.34728, 17.62179]},
			"faces": {
				"north": {"uv": [0, 0, 5.75, 0.375], "rotation": 270, "texture": "#5"},
				"east": {"uv": [0, 0, 5.75, 0.375], "rotation": 270, "texture": "#5"},
				"south": {"uv": [0, 0, 5.75, 0.375], "rotation": 270, "texture": "#5"},
				"west": {"uv": [0, 0, 5.75, 0.375], "rotation": 270, "texture": "#5"},
				"up": {"uv": [0, 0, 5.75, 0.375], "rotation": 270, "texture": "#5"},
				"down": {"uv": [0, 0, 5.75, 0.375], "rotation": 270, "texture": "#5"}
			}
		},
		{
			"from": [8.375, 5.47228, 17.59054],
			"to": [8.75, 11.22228, 17.65304],
			"rotation": {"angle": 22.5, "axis": "x", "origin": [8.3125, 8.34728, 17.62179]},
			"faces": {
				"north": {"uv": [0, 0, 5.75, 0.375], "rotation": 270, "texture": "#5"},
				"east": {"uv": [0, 0, 5.75, 0.375], "rotation": 270, "texture": "#5"},
				"south": {"uv": [0, 0, 5.75, 0.375], "rotation": 270, "texture": "#5"},
				"west": {"uv": [0, 0, 5.75, 0.375], "rotation": 270, "texture": "#5"},
				"up": {"uv": [0, 0, 5.75, 0.375], "rotation": 270, "texture": "#5"},
				"down": {"uv": [0, 0, 5.75, 0.375], "rotation": 270, "texture": "#5"}
			}
		},
		{
			"from": [4.9375, 5.47228, 17.59054],
			"to": [7.375, 11.22228, 17.65304],
			"rotation": {"angle": 22.5, "axis": "x", "origin": [6.9375, 8.34728, 17.62179]},
			"faces": {
				"north": {"uv": [0, 0, 5.75, 2.4375], "rotation": 270, "texture": "#5"},
				"east": {"uv": [0, 0, 5.75, 0.0625], "rotation": 90, "texture": "#5"},
				"south": {"uv": [0, 0, 5.75, 2.4375], "rotation": 270, "texture": "#5"},
				"west": {"uv": [0, 0, 5.75, 0.0625], "rotation": 270, "texture": "#5"},
				"up": {"uv": [0, 0, 2.4375, 0.0625], "texture": "#5"},
				"down": {"uv": [0, 0, 2.4375, 0.0625], "rotation": 180, "texture": "#5"}
			}
		},
		{
			"from": [5, 2.90978, 16.34054],
			"to": [15.5, 5.72228, 16.40304],
			"rotation": {"angle": 22.5, "axis": "x", "origin": [10.75, 5.28478, 16.37179]},
			"faces": {
				"north": {"uv": [0, 0, 10.5, 2.8125], "rotation": 180, "texture": "#5"},
				"east": {"uv": [0, 0, 2.8125, 0.0625], "rotation": 90, "texture": "#5"},
				"south": {"uv": [0, 0, 10.5, 2.8125], "texture": "#5"},
				"west": {"uv": [0, 0, 2.8125, 0.0625], "rotation": 270, "texture": "#5"},
				"up": {"uv": [0, 0, 10.5, 0.0625], "texture": "#5"},
				"down": {"uv": [0, 0, 10.5, 0.0625], "rotation": 180, "texture": "#5"}
			}
		},
		{
			"from": [0.5, 2.6875, 18.5625],
			"to": [15.5, 13.6875, 19.0625],
			"rotation": {"angle": 22.5, "axis": "x", "origin": [8, 8.1875, 17.5625]},
			"faces": {
				"north": {"uv": [0, 0, 15, 11], "rotation": 180, "texture": "#0"},
				"east": {"uv": [0, 0, 11, 0.5], "rotation": 90, "texture": "#0"},
				"south": {"uv": [0, 0, 15, 11], "texture": "#0"},
				"west": {"uv": [0, 0, 11, 0.5], "rotation": 270, "texture": "#0"},
				"up": {"uv": [0, 0, 15, 0.5], "texture": "#0"},
				"down": {"uv": [0, 0, 15, 0.5], "rotation": 180, "texture": "#0"}
			}
		},
		{
			"from": [0.5, 1.5, 17],
			"to": [2.5, 2.5, 19],
			"rotation": {"angle": 22.5, "axis": "x", "origin": [8, 8, 18]},
			"faces": {
				"north": {"uv": [0, 0, 1, 2], "rotation": 90, "texture": "#0"},
				"east": {"uv": [0, 0, 1, 2], "rotation": 90, "texture": "#0"},
				"south": {"uv": [0, 0, 1, 2], "rotation": 90, "texture": "#0"},
				"west": {"uv": [0, 0, 1, 2], "rotation": 270, "texture": "#0"},
				"up": {"uv": [0, 0, 2, 2], "texture": "#0"},
				"down": {"uv": [0, 0, 2, 2], "rotation": 180, "texture": "#0"}
			}
		},
		{
			"from": [2.5, 14.5, 17],
			"to": [13.5, 15.5, 19],
			"rotation": {"angle": 22.5, "axis": "x", "origin": [8, 8, 18]},
			"faces": {
				"north": {"uv": [0, 0, 11, 1], "rotation": 180, "texture": "#0"},
				"east": {"uv": [0, 0, 1, 2], "rotation": 90, "texture": "#0"},
				"south": {"uv": [0, 0, 11, 1], "texture": "#0"},
				"west": {"uv": [0, 0, 1, 2], "rotation": 270, "texture": "#0"},
				"up": {"uv": [0, 0, 11, 2], "texture": "#0"},
				"down": {"uv": [0, 0, 11, 2], "rotation": 180, "texture": "#0"}
			}
		},
		{
			"from": [0.5, 13.5, 17],
			"to": [2.5, 14.5, 19],
			"rotation": {"angle": 22.5, "axis": "x", "origin": [8, 8, 18]},
			"faces": {
				"north": {"uv": [0, 0, 1, 2], "rotation": 90, "texture": "#0"},
				"east": {"uv": [0, 0, 1, 2], "rotation": 90, "texture": "#0"},
				"south": {"uv": [0, 0, 1, 2], "rotation": 90, "texture": "#0"},
				"west": {"uv": [0, 0, 1, 2], "rotation": 270, "texture": "#0"},
				"up": {"uv": [0, 0, 2, 2], "texture": "#0"},
				"down": {"uv": [0, 0, 2, 2], "rotation": 180, "texture": "#0"}
			}
		},
		{
			"from": [7.3125, 2.25, 7.5],
			"to": [13.3125, 2.5, 8.5],
			"rotation": {"angle": 0, "axis": "y", "origin": [10.3125, 2.40625, 8]},
			"faces": {
				"north": {"uv": [0, 0, 6, 1], "texture": "#1"},
				"east": {"uv": [0, 0, 6, 1], "texture": "#2"},
				"south": {"uv": [0, 0, 6, 1], "texture": "#1"},
				"west": {"uv": [0, 0, 6, 1], "texture": "#2"},
				"up": {"uv": [0, 0, 6, 1], "texture": "#1"},
				"down": {"uv": [0, 0, 6, 1], "texture": "#1"}
			}
		},
		{
			"from": [7.3125, 2.25, 7.5],
			"to": [13.3125, 2.5, 8.5],
			"rotation": {"angle": 22.5, "axis": "y", "origin": [10.3125, 2.40625, 8]},
			"faces": {
				"north": {"uv": [0, 0, 6, 1], "texture": "#1"},
				"east": {"uv": [0, 0, 6, 1], "texture": "#2"},
				"south": {"uv": [0, 0, 6, 1], "texture": "#1"},
				"west": {"uv": [0, 0, 6, 1], "texture": "#2"},
				"up": {"uv": [0, 0, 6, 1], "texture": "#1"},
				"down": {"uv": [0, 0, 6, 1], "texture": "#1"}
			}
		},
		{
			"from": [7.3125, 2.25, 7.5],
			"to": [13.3125, 2.5, 8.5],
			"rotation": {"angle": 45, "axis": "y", "origin": [10.3125, 2.40625, 8]},
			"faces": {
				"north": {"uv": [0, 0, 6, 1], "texture": "#1"},
				"east": {"uv": [0, 0, 6, 1], "texture": "#2"},
				"south": {"uv": [0, 0, 6, 1], "texture": "#1"},
				"west": {"uv": [0, 0, 6, 1], "texture": "#2"},
				"up": {"uv": [0, 0, 6, 1], "texture": "#1"},
				"down": {"uv": [0, 0, 6, 1], "texture": "#1"}
			}
		},
		{
			"from": [9.8125, 2.25, 5],
			"to": [10.8125, 2.5, 11],
			"rotation": {"angle": -22.5, "axis": "y", "origin": [10.3125, 2.40625, 8]},
			"faces": {
				"north": {"uv": [0, 0, 6, 1], "rotation": 270, "texture": "#2"},
				"east": {"uv": [0, 0, 6, 1], "rotation": 270, "texture": "#1"},
				"south": {"uv": [0, 0, 6, 1], "rotation": 270, "texture": "#2"},
				"west": {"uv": [0, 0, 6, 1], "rotation": 270, "texture": "#1"},
				"up": {"uv": [0, 0, 6, 1], "rotation": 270, "texture": "#1"},
				"down": {"uv": [0, 0, 6, 1], "rotation": 270, "texture": "#1"}
			}
		},
		{
			"from": [9.8125, 2.25, 5],
			"to": [10.8125, 2.5, 11],
			"rotation": {"angle": 0, "axis": "y", "origin": [10.3125, 2.40625, 8]},
			"faces": {
				"north": {"uv": [0, 0, 6, 1], "rotation": 270, "texture": "#2"},
				"east": {"uv": [0, 0, 6, 1], "rotation": 270, "texture": "#1"},
				"south": {"uv": [0, 0, 6, 1], "rotation": 270, "texture": "#2"},
				"west": {"uv": [0, 0, 6, 1], "rotation": 270, "texture": "#1"},
				"up": {"uv": [0, 0, 6, 1], "rotation": 270, "texture": "#1"},
				"down": {"uv": [0, 0, 6, 1], "rotation": 270, "texture": "#1"}
			}
		},
		{
			"from": [9.8125, 2.25, 5],
			"to": [10.8125, 2.5, 11],
			"rotation": {"angle": 22.5, "axis": "y", "origin": [10.3125, 2.40625, 8]},
			"faces": {
				"north": {"uv": [0, 0, 6, 1], "rotation": 270, "texture": "#2"},
				"east": {"uv": [0, 0, 6, 1], "rotation": 270, "texture": "#1"},
				"south": {"uv": [0, 0, 6, 1], "rotation": 270, "texture": "#2"},
				"west": {"uv": [0, 0, 6, 1], "rotation": 270, "texture": "#1"},
				"up": {"uv": [0, 0, 6, 1], "rotation": 270, "texture": "#1"},
				"down": {"uv": [0, 0, 6, 1], "rotation": 270, "texture": "#1"}
			}
		},
		{
			"from": [9.8125, 2.25, 5],
			"to": [10.8125, 2.5, 11],
			"rotation": {"angle": 45, "axis": "y", "origin": [10.3125, 2.40625, 8]},
			"faces": {
				"north": {"uv": [0, 0, 6, 1], "rotation": 270, "texture": "#2"},
				"east": {"uv": [0, 0, 6, 1], "rotation": 270, "texture": "#1"},
				"south": {"uv": [0, 0, 6, 1], "rotation": 270, "texture": "#2"},
				"west": {"uv": [0, 0, 6, 1], "rotation": 270, "texture": "#1"},
				"up": {"uv": [0, 0, 6, 1], "rotation": 270, "texture": "#1"},
				"down": {"uv": [0, 0, 6, 1], "rotation": 270, "texture": "#1"}
			}
		},
		{
			"from": [3.96875, 2.4375, 3.71875],
			"to": [4.03125, 2.8125, 3.78125],
			"rotation": {"angle": 45, "axis": "y", "origin": [4, 2.40625, 3.75]},
			"faces": {
				"north": {"uv": [0, 0, 0.0625, 0.0625], "rotation": 270, "texture": "#2"},
				"east": {"uv": [0, 0, 0.0625, 0.0625], "rotation": 270, "texture": "#2"},
				"south": {"uv": [0, 0, 0.0625, 0.0625], "rotation": 270, "texture": "#2"},
				"west": {"uv": [0, 0, 0.0625, 0.0625], "rotation": 270, "texture": "#2"},
				"up": {"uv": [0, 0, 0.0625, 0.0625], "rotation": 270, "texture": "#2"},
				"down": {"uv": [0, 0, 0.0625, 0.0625], "rotation": 270, "texture": "#2"}
			}
		},
		{
			"from": [7.3125, 2.25, 7.5],
			"to": [13.3125, 2.5, 8.5],
			"rotation": {"angle": -22.5, "axis": "y", "origin": [10.3125, 2.40625, 8]},
			"faces": {
				"north": {"uv": [0, 0, 6, 1], "rotation": 180, "texture": "#1"},
				"east": {"uv": [0, 0, 6, 1], "rotation": 180, "texture": "#2"},
				"south": {"uv": [0, 0, 6, 1], "rotation": 180, "texture": "#1"},
				"west": {"uv": [0, 0, 6, 1], "rotation": 180, "texture": "#2"},
				"up": {"uv": [0, 0, 6, 1], "rotation": 180, "texture": "#1"},
				"down": {"uv": [0, 0, 6, 1], "rotation": 180, "texture": "#1"}
			}
		},
		{
			"from": [16.94053, 0.86775, 7.59375],
			"to": [17.06553, 1.55525, 8.53125],
			"rotation": {"angle": -45, "axis": "z", "origin": [16.95639, 1.20553, 8.0625]},
			"faces": {
				"north": {"uv": [0, 0, 0.125, 0.6875], "texture": "#2"},
				"east": {"uv": [0, 0, 0.125, 0.6875], "texture": "#2"},
				"south": {"uv": [0, 0, 0.125, 0.6875], "texture": "#2"},
				"west": {"uv": [0, 0, 0.125, 0.6875], "texture": "#2"},
				"up": {"uv": [0, 0, 0.125, 0.6875], "texture": "#2"},
				"down": {"uv": [0, 0, 0.125, 0.6875], "texture": "#2"}
			}
		},
		{
			"from": [17.12787, 1.49368, 7.59375],
			"to": [17.19037, 1.99368, 8.53125],
			"rotation": {"angle": -22.5, "axis": "z", "origin": [17.01889, 1.33053, 8.0625]},
			"faces": {
				"north": {"uv": [0, 0, 0.0625, 0.5], "texture": "#2"},
				"east": {"uv": [0, 0, 0.0625, 0.5], "texture": "#2"},
				"south": {"uv": [0, 0, 0.0625, 0.5], "texture": "#2"},
				"west": {"uv": [0, 0, 0.0625, 0.5], "texture": "#2"},
				"up": {"uv": [0, 0, 0.0625, 0.5], "texture": "#2"},
				"down": {"uv": [0, 0, 0.0625, 0.5], "texture": "#2"}
			}
		},
		{
			"from": [16.50653, 0.375, 7.59375],
			"to": [16.75653, 1.4375, 8.53125],
			"rotation": {"angle": 0, "axis": "y", "origin": [16.95639, 1.20553, 8.0625]},
			"faces": {
				"north": {"uv": [0, 0, 0.25, 1.0625], "texture": "#2"},
				"east": {"uv": [0, 0, 0.25, 1.0625], "texture": "#2"},
				"south": {"uv": [0, 0, 0.25, 1.0625], "texture": "#2"},
				"west": {"uv": [0, 0, 0.25, 1.0625], "texture": "#2"},
				"up": {"uv": [0, 0, 0.25, 1.0625], "texture": "#2"},
				"down": {"uv": [0, 0, 0.25, 1.0625], "texture": "#2"}
			}
		},
		{
			"from": [-0.71875, 0.375, 7.59375],
			"to": [-0.46875, 1.4375, 8.53125],
			"rotation": {"angle": 0, "axis": "y", "origin": [-0.6875, 1, 8.28125]},
			"faces": {
				"north": {"uv": [0, 0, 0.25, 1.0625], "texture": "#2"},
				"east": {"uv": [0, 0, 0.25, 1.0625], "texture": "#2"},
				"south": {"uv": [0, 0, 0.25, 1.0625], "texture": "#2"},
				"west": {"uv": [0, 0, 0.25, 1.0625], "texture": "#2"},
				"up": {"uv": [0, 0, 0.25, 1.0625], "texture": "#2"},
				"down": {"uv": [0, 0, 0.25, 1.0625], "texture": "#2"}
			}
		},
		{
			"from": [-0.90625, 0.75, 7.59375],
			"to": [-0.78125, 1.4375, 8.53125],
			"rotation": {"angle": 45, "axis": "z", "origin": [-1, 1, 8.28125]},
			"faces": {
				"north": {"uv": [0, 0, 0.125, 0.6875], "texture": "#2"},
				"east": {"uv": [0, 0, 0.125, 0.6875], "texture": "#2"},
				"south": {"uv": [0, 0, 0.125, 0.6875], "texture": "#2"},
				"west": {"uv": [0, 0, 0.125, 0.6875], "texture": "#2"},
				"up": {"uv": [0, 0, 0.125, 0.6875], "texture": "#2"},
				"down": {"uv": [0, 0, 0.125, 0.6875], "texture": "#2"}
			}
		},
		{
			"from": [-1.15625, 1.25, 7.59375],
			"to": [-1.09375, 1.75, 8.53125],
			"rotation": {"angle": 22.5, "axis": "z", "origin": [-1.25, 1.3125, 8.28125]},
			"faces": {
				"north": {"uv": [0, 0, 0.0625, 0.5], "texture": "#2"},
				"east": {"uv": [0, 0, 0.0625, 0.5], "texture": "#2"},
				"south": {"uv": [0, 0, 0.0625, 0.5], "texture": "#2"},
				"west": {"uv": [0, 0, 0.0625, 0.5], "texture": "#2"},
				"up": {"uv": [0, 0, 0.0625, 0.5], "texture": "#2"},
				"down": {"uv": [0, 0, 0.0625, 0.5], "texture": "#2"}
			}
		},
		{
			"from": [2.8125, 0.625, 0.0625],
			"to": [4.1875, 1.375, 0.5],
			"rotation": {"angle": 0, "axis": "y", "origin": [6.3125, 0.5, 7]},
			"faces": {
				"north": {"uv": [0, 0, 1.375, 0.75], "texture": "#4"},
				"east": {"uv": [0, 0, 0.4375, 0.75], "texture": "#4"},
				"south": {"uv": [0, 0, 1.375, 0.75], "texture": "#4"},
				"west": {"uv": [0, 0, 0.4375, 0.75], "texture": "#4"},
				"up": {"uv": [0, 0, 1.375, 0.4375], "texture": "#4"},
				"down": {"uv": [0, 0, 1.375, 0.4375], "texture": "#4"}
			}
		},
		{
			"from": [3.8125, 0.6875, 0.1875],
			"to": [12.1875, 1.3125, 0.5],
			"rotation": {"angle": 0, "axis": "y", "origin": [7.3125, 0.5, 7]},
			"faces": {
				"north": {"uv": [1, 1, 9.375, 1.625], "texture": "#2"},
				"east": {"uv": [2, 1, 2.313, 1.625], "texture": "#2"},
				"south": {"uv": [1, 1, 9.375, 1.625], "texture": "#2"},
				"west": {"uv": [2, 1, 2.313, 1.625], "texture": "#2"},
				"up": {"uv": [2, 1, 10.375, 1.313], "texture": "#2"},
				"down": {"uv": [1, 1, 9.375, 1.313], "texture": "#2"}
			}
		},
		{
			"from": [11.8125, 0.625, 0.0625],
			"to": [13.1875, 1.375, 0.5],
			"rotation": {"angle": 0, "axis": "y", "origin": [15.3125, 0.5, 7]},
			"faces": {
				"north": {"uv": [0, 0, 1.375, 0.75], "texture": "#4"},
				"east": {"uv": [0, 0, 0.4375, 0.75], "texture": "#4"},
				"south": {"uv": [0, 0, 1.375, 0.75], "texture": "#4"},
				"west": {"uv": [0, 0, 0.4375, 0.75], "texture": "#4"},
				"up": {"uv": [0, 0, 1.375, 0.4375], "texture": "#4"},
				"down": {"uv": [0, 0, 1.375, 0.4375], "texture": "#4"}
			}
		},
		{
			"from": [3.125, -0.0625, 14.25],
			"to": [3.3125, 1.25, 15.125],
			"rotation": {"angle": 22.5, "axis": "x", "origin": [-3.6875, 1, 18.75]},
			"faces": {
				"north": {"uv": [0, 0, 0.1875, 1.3125], "texture": "#2"},
				"east": {"uv": [0, 0, 0.875, 1.3125], "texture": "#2"},
				"south": {"uv": [0, 0, 0.1875, 1.3125], "texture": "#2"},
				"west": {"uv": [0, 0, 0.875, 1.3125], "texture": "#2"},
				"up": {"uv": [0, 0, 0.1875, 0.875], "texture": "#2"},
				"down": {"uv": [0, 0, 0.1875, 0.875], "texture": "#2"}
			}
		},
		{
			"from": [12.125, -0.0625, 14.25],
			"to": [12.3125, 1.25, 15.125],
			"rotation": {"angle": 22.5, "axis": "x", "origin": [5.3125, 1, 18.75]},
			"faces": {
				"north": {"uv": [0, 0, 0.1875, 1.3125], "texture": "#2"},
				"east": {"uv": [0, 0, 0.875, 1.3125], "texture": "#2"},
				"south": {"uv": [0, 0, 0.1875, 1.3125], "texture": "#2"},
				"west": {"uv": [0, 0, 0.875, 1.3125], "texture": "#2"},
				"up": {"uv": [0, 0, 0.1875, 0.875], "texture": "#2"},
				"down": {"uv": [0, 0, 0.1875, 0.875], "texture": "#2"}
			}
		},
		{
			"from": [10.28125, 2.5, 7.96875],
			"to": [10.34375, 2.8125, 8.03125],
			"rotation": {"angle": 45, "axis": "y", "origin": [10.3125, 2.40625, 8]},
			"faces": {
				"north": {"uv": [0, 0, 0.0625, 0.3125], "texture": "#2"},
				"east": {"uv": [0, 0, 0.0625, 0.3125], "texture": "#2"},
				"south": {"uv": [0, 0, 0.0625, 0.3125], "texture": "#2"},
				"west": {"uv": [0, 0, 0.0625, 0.3125], "texture": "#2"},
				"up": {"uv": [0, 0, 0.0625, 0.0625], "rotation": 270, "texture": "#2"},
				"down": {"uv": [0, 0, 0.0625, 0.0625], "rotation": 90, "texture": "#2"}
			}
		},
		{
			"from": [9.3125, 2.55, 7],
			"to": [11.3125, 2.6, 9],
			"rotation": {"angle": 0, "axis": "y", "origin": [10.3125, 2.70625, 8]},
			"faces": {
				"north": {"uv": [0, 0, 6, 1], "rotation": 270, "texture": "#1"},
				"east": {"uv": [0, 0, 6, 1], "rotation": 270, "texture": "#1"},
				"south": {"uv": [0, 0, 6, 1], "rotation": 270, "texture": "#1"},
				"west": {"uv": [0, 0, 6, 1], "rotation": 270, "texture": "#1"},
				"up": {"uv": [0, 0, 16, 16], "rotation": 270, "texture": "#7", "tintindex": 0},
				"down": {"uv": [0, 0, 16, 16], "rotation": 270, "texture": "#7"}
			}
		},
		{
			"from": [5.0625, 2.5, 2.75],
			"to": [15.5625, 2.55, 13.25],
			"rotation": {"angle": 0, "axis": "y", "origin": [10.3125, 2.65625, 8]},
			"faces": {
				"north": {"uv": [0, 0, 6, 1], "rotation": 270, "texture": "#1"},
				"east": {"uv": [0, 0, 6, 1], "rotation": 270, "texture": "#1"},
				"south": {"uv": [0, 0, 6, 1], "rotation": 270, "texture": "#1"},
				"west": {"uv": [0, 0, 6, 1], "rotation": 270, "texture": "#1"},
				"up": {"uv": [0, 0, 16, 16], "rotation": 270, "texture": "#6"},
				"down": {"uv": [0, 0, 6, 1], "rotation": 270, "texture": "#1"}
			}
		}
	],
	"display": {
		"thirdperson_righthand": {
			"rotation": [-105, 0, -180],
			"translation": [0, 3.5, 2.25],
			"scale": [0.4, 0.4, 0.4]
		},
		"thirdperson_lefthand": {
			"rotation": [-105, 0, -180],
			"translation": [0, 3.5, 2.25],
			"scale": [0.4, 0.4, 0.4]
		},
		"firstperson_righthand": {
			"rotation": [-153, 0, -180],
			"translation": [0, 5, 0.5],
			"scale": [0.4, 0.4, 0.4]
		},
		"firstperson_lefthand": {
			"rotation": [-153, 0, -180],
			"translation": [0, 5, 0.5],
			"scale": [0.4, 0.4, 0.4]
		},
		"ground": {
			"translation": [0, 2.75, 0],
			"scale": [0.6, 0.6, 0.6]
		},
		"gui": {
			"rotation": [22, 148, 0],
			"translation": [-1, 0, 0],
			"scale": [0.6, 0.6, 0.6]
		},
		"head": {
			"translation": [0, -35, 0],
			"scale": [2, 2, 2]
		},
		"fixed": {
			"rotation": [-90, 0, 0],
			"translation": [0, 1, -8.5]
		}
	},
	"groups": [
		{
			"name": "group",
			"origin": [1.5, 0.5, 14.5],
			"children": [0, 1, 2, 3, 4, 5, 6, 7, 8, 9, 10, 11, 12, 13, 14, 15, 16, 17, 18, 19]
		},
		{
			"name": "group",
			"origin": [1.5, 0.5, 14.5],
			"children": [20, 21, 22, 23, 24, 25, 26, 27, 28, 29, 30, 31, 32, 33, 34, 35, 36, 37, 38, 39, 40, 41, 42, 43, 44, 45, 46, 47, 48]
		},
		{
			"name": "group",
			"origin": [12, 2.40625, 8],
			"children": [49, 50, 51, 52, 53, 54, 55, 56, 57]
		},
		{
			"name": "group",
			"origin": [17.08139, 1.20553, 8.0625],
			"children": [58, 59, 60, 61, 62, 63, 64, 65, 66]
		}, 67, 68, 69,
		{
			"name": "group",
			"origin": [8, 8, 8],
			"children": [70, 71]
		}
	]
}