{
	"credit": "Made with Blockbench",
	"textures": {
		"0": "custom/quadrocopter/q_1",
		"1": "custom/quadrocopter/q_2",
		"2": "custom/quadrocopter/q_3",
		"3": "custom/quadrocopter/q_4",
		"4": "custom/quadrocopter/q_5",
		"particle": "custom/quadrocopter/q_1"
	},
	"elements": [
		{
			"from": [14, 0, 3],
			"to": [14.5, 0.5, 13],
			"rotation": {"angle": 0, "axis": "y", "origin": [14.6875, 0.5, 8]},
			"faces": {
				"north": {"uv": [0, 0, 0.5, 10], "texture": "#1"},
				"east": {"uv": [0, 0, 0.5, 10], "texture": "#1"},
				"south": {"uv": [0, 0, 0.5, 10], "texture": "#1"},
				"west": {"uv": [0, 0, 0.5, 10], "texture": "#1"},
				"up": {"uv": [0, 0, 0.5, 10], "texture": "#1"},
				"down": {"uv": [0, 0, 0.5, 10], "texture": "#1"}
			}
		},
		{
			"from": [13.0625, 0.1875, 5],
			"to": [13.4625, 7.1875, 5.5],
			"rotation": {"angle": 22.5, "axis": "z", "origin": [13.5625, 2.5, 5.4375]},
			"faces": {
				"north": {"uv": [0, 0, 7, 0.4], "rotation": 270, "texture": "#1"},
				"east": {"uv": [0, 0, 7, 0.4], "rotation": 270, "texture": "#1"},
				"south": {"uv": [0, 0, 7, 0.4], "rotation": 270, "texture": "#1"},
				"west": {"uv": [0, 0, 7, 0.4], "rotation": 270, "texture": "#1"},
				"up": {"uv": [0, 0, 7, 0.4], "rotation": 270, "texture": "#1"},
				"down": {"uv": [0, 0, 7, 0.4], "rotation": 270, "texture": "#1"}
			}
		},
		{
			"from": [2.5625, 0.1875, 5.5],
			"to": [2.9625, 7.1875, 6],
			"rotation": {"angle": -22.5, "axis": "z", "origin": [2.4375, 2.5, 10.4375]},
			"faces": {
				"north": {"uv": [0, 0, 0.5, 7], "texture": "#1"},
				"east": {"uv": [0, 0, 0.5, 7], "texture": "#1"},
				"south": {"uv": [0, 0, 0.5, 7], "texture": "#1"},
				"west": {"uv": [0, 0, 0.5, 7], "texture": "#1"},
				"up": {"uv": [0, 0, 0.5, 7], "texture": "#1"},
				"down": {"uv": [0, 0, 0.5, 7], "texture": "#1"}
			}
		},
		{
			"from": [13, 0.1875, 10],
			"to": [13.4, 7.1875, 10.5],
			"rotation": {"angle": 22.5, "axis": "z", "origin": [13.5, 2.5, 10.4375]},
			"faces": {
				"north": {"uv": [0, 0, 7, 0.4], "rotation": 90, "texture": "#1"},
				"east": {"uv": [0, 0, 7, 0.4], "rotation": 90, "texture": "#1"},
				"south": {"uv": [0, 0, 7, 0.4], "rotation": 90, "texture": "#1"},
				"west": {"uv": [0, 0, 7, 0.4], "rotation": 90, "texture": "#1"},
				"up": {"uv": [0, 0, 7, 0.4], "rotation": 90, "texture": "#1"},
				"down": {"uv": [0, 0, 7, 0.4], "rotation": 90, "texture": "#1"}
			}
		},
		{
			"from": [2.4375, 0.1875, 10],
			"to": [2.8375, 7.1875, 10.5],
			"rotation": {"angle": -22.5, "axis": "z", "origin": [2.9375, 2.5, 10.4375]},
			"faces": {
				"north": {"uv": [0, 0, 7, 0.4], "rotation": 90, "texture": "#1"},
				"east": {"uv": [0, 0, 7, 0.4], "rotation": 90, "texture": "#1"},
				"south": {"uv": [0, 0, 7, 0.4], "rotation": 90, "texture": "#1"},
				"west": {"uv": [0, 0, 7, 0.4], "rotation": 90, "texture": "#1"},
				"up": {"uv": [0, 0, 7, 0.4], "rotation": 90, "texture": "#1"},
				"down": {"uv": [0, 0, 7, 0.4], "rotation": 90, "texture": "#1"}
			}
		},
		{
			"from": [1.5, 0, 3],
			"to": [2, 0.5, 13],
			"rotation": {"angle": 0, "axis": "y", "origin": [1.6875, 0.5, 6]},
			"faces": {
				"north": {"uv": [0, 0, 10, 0.5], "texture": "#1"},
				"east": {"uv": [0, 0, 10, 0.5], "texture": "#1"},
				"south": {"uv": [0, 0, 10, 0.5], "texture": "#1"},
				"west": {"uv": [0, 0, 10, 0.5], "texture": "#1"},
				"up": {"uv": [0, 0, 10, 0.5], "texture": "#1"},
				"down": {"uv": [0, 0, 10, 0.5], "texture": "#1"}
			}
		},
		{
			"from": [3, 6.6875, 5],
			"to": [13, 7.6875, 11],
			"rotation": {"angle": 0, "axis": "y", "origin": [7.5, 7.1875, 9.5]},
			"faces": {
				"north": {"uv": [0, 0, 10, 1], "texture": "#0"},
				"east": {"uv": [0, 0, 10, 1], "texture": "#0"},
				"south": {"uv": [0, 0, 10, 1], "texture": "#0"},
				"west": {"uv": [0, 0, 10, 1], "texture": "#0"},
				"up": {"uv": [0, 0, 10, 1], "texture": "#0"},
				"down": {"uv": [0, 0, 10, 1], "texture": "#0"}
			}
		},
		{
			"from": [3, 8.6875, 5],
			"to": [13, 9.1875, 11],
			"rotation": {"angle": 0, "axis": "y", "origin": [7.5, 9.1875, 9.5]},
			"faces": {
				"north": {"uv": [0, 0, 10, 6], "texture": "#0"},
				"east": {"uv": [0, 0, 10, 6], "texture": "#0"},
				"south": {"uv": [0, 0, 10, 6], "texture": "#0"},
				"west": {"uv": [0, 0, 10, 6], "texture": "#0"},
				"up": {"uv": [0, 0, 10, 6], "texture": "#0"},
				"down": {"uv": [0, 0, 10, 6], "texture": "#0"}
			}
		},
		{
			"from": [1.75, 7.6875, 4],
			"to": [13.75, 8.6875, 12],
			"rotation": {"angle": 0, "axis": "y", "origin": [7.25, 8.1875, 9.5]},
			"faces": {
				"north": {"uv": [0, 0, 12, 1], "texture": "#0"},
				"east": {"uv": [0, 0, 12, 1], "texture": "#0"},
				"south": {"uv": [0, 0, 12, 1], "texture": "#0"},
				"west": {"uv": [0, 0, 12, 1], "texture": "#0"},
				"up": {"uv": [0, 0, 12, 1], "texture": "#0"},
				"down": {"uv": [0, 0, 12, 1], "texture": "#0"}
			}
		},
		{
			"from": [9.6875, 10.625, 2.4375],
			"to": [13.5625, 10.6875, 3],
			"rotation": {"angle": -22.5, "axis": "y", "origin": [15.625, 11.125, 5.9375]},
			"faces": {
				"north": {"uv": [0, 0, 0.5625, 3.875], "rotation": 270, "texture": "#4"},
				"east": {"uv": [0, 0, 0.5625, 3.875], "rotation": 270, "texture": "#4"},
				"south": {"uv": [0, 0, 0.5625, 3.875], "rotation": 270, "texture": "#4"},
				"west": {"uv": [0, 0, 0.5625, 3.875], "rotation": 270, "texture": "#4"},
				"up": {"uv": [0, 0, 0.5625, 3.875], "rotation": 270, "texture": "#4"},
				"down": {"uv": [0, 0, 0.5625, 3.875], "rotation": 270, "texture": "#4"}
			}
		},
		{
			"from": [-5.8125, 10.625, 2.5625],
			"to": [-1.9375, 10.6875, 3.125],
			"rotation": {"angle": -22.5, "axis": "y", "origin": [0.125, 11.125, 6.0625]},
			"faces": {
				"north": {"uv": [0, 0, 3.875, 0.0625], "texture": "#4"},
				"east": {"uv": [0, 0, 3.875, 0.0625], "texture": "#4"},
				"south": {"uv": [0, 0, 3.875, 0.0625], "texture": "#4"},
				"west": {"uv": [0, 0, 3.875, 0.0625], "texture": "#4"},
				"up": {"uv": [0, 0, 3.875, 0.0625], "texture": "#4"},
				"down": {"uv": [0, 0, 3.875, 0.0625], "texture": "#4"}
			}
		},
		{
			"from": [-5.875, 10.625, 14.375],
			"to": [-2, 10.6875, 14.9375],
			"rotation": {"angle": -22.5, "axis": "y", "origin": [0.0625, 11.125, 17.875]},
			"faces": {
				"north": {"uv": [0, 0, 0.5625, 3.875], "rotation": 270, "texture": "#4"},
				"east": {"uv": [0, 0, 0.5625, 3.875], "rotation": 270, "texture": "#4"},
				"south": {"uv": [0, 0, 0.5625, 3.875], "rotation": 270, "texture": "#4"},
				"west": {"uv": [0, 0, 0.5625, 3.875], "rotation": 270, "texture": "#4"},
				"up": {"uv": [0, 0, 0.5625, 3.875], "rotation": 270, "texture": "#4"},
				"down": {"uv": [0, 0, 0.5625, 3.875], "rotation": 270, "texture": "#4"}
			}
		},
		{
			"from": [10.0625, 10.625, 14.3125],
			"to": [13.9375, 10.6875, 14.875],
			"rotation": {"angle": -22.5, "axis": "y", "origin": [16, 11.125, 17.8125]},
			"faces": {
				"north": {"uv": [0, 0, 0.5625, 3.875], "rotation": 270, "texture": "#4"},
				"east": {"uv": [0, 0, 0.5625, 3.875], "rotation": 270, "texture": "#4"},
				"south": {"uv": [0, 0, 0.5625, 3.875], "rotation": 270, "texture": "#4"},
				"west": {"uv": [0, 0, 0.5625, 3.875], "rotation": 270, "texture": "#4"},
				"up": {"uv": [0, 0, 0.5625, 3.875], "rotation": 270, "texture": "#4"},
				"down": {"uv": [0, 0, 0.5625, 3.875], "rotation": 270, "texture": "#4"}
			}
		},
		{
			"from": [14.9375, 10.5, 2.4375],
			"to": [15.5, 10.5625, 7.3125],
			"rotation": {"angle": 0, "axis": "y", "origin": [15.21875, 10.53125, 4.875]},
			"faces": {
				"north": {"uv": [0, 0, 0.5625, 4.875], "texture": "#4"},
				"east": {"uv": [0, 0, 0.5625, 4.875], "texture": "#4"},
				"south": {"uv": [0, 0, 0.5625, 4.875], "texture": "#4"},
				"west": {"uv": [0, 0, 0.5625, 4.875], "texture": "#4"},
				"up": {"uv": [0, 0, 0.5625, 4.875], "texture": "#4"},
				"down": {"uv": [0, 0, 0.5625, 4.875], "texture": "#4"}
			}
		},
		{
			"from": [-0.5625, 10.5, 2.5625],
			"to": [0, 10.5625, 7.9375],
			"rotation": {"angle": 0, "axis": "y", "origin": [-0.28125, 10.53125, 5]},
			"faces": {
				"north": {"uv": [0, 0, 0.5625, 5.375], "texture": "#4"},
				"east": {"uv": [0, 0, 0.5625, 5.375], "texture": "#4"},
				"south": {"uv": [0, 0, 0.5625, 5.375], "texture": "#4"},
				"west": {"uv": [0, 0, 0.5625, 5.375], "texture": "#4"},
				"up": {"uv": [0, 0, 0.5625, 5.375], "texture": "#4"},
				"down": {"uv": [0, 0, 0.5625, 5.375], "texture": "#4"}
			}
		},
		{
			"from": [-0.625, 10.5, 14.375],
			"to": [-0.0625, 10.5625, 19.25],
			"rotation": {"angle": 0, "axis": "y", "origin": [-0.34375, 10.53125, 16.8125]},
			"faces": {
				"north": {"uv": [0, 0, 0.5625, 4.875], "texture": "#4"},
				"east": {"uv": [0, 0, 0.5625, 4.875], "texture": "#4"},
				"south": {"uv": [0, 0, 0.5625, 4.875], "texture": "#4"},
				"west": {"uv": [0, 0, 0.5625, 4.875], "texture": "#4"},
				"up": {"uv": [0, 0, 0.5625, 4.875], "texture": "#4"},
				"down": {"uv": [0, 0, 0.5625, 4.875], "texture": "#4"}
			}
		},
		{
			"from": [15.3125, 10.5, 14.3125],
			"to": [15.875, 10.5625, 19.1875],
			"rotation": {"angle": 0, "axis": "y", "origin": [15.59375, 10.53125, 16.75]},
			"faces": {
				"north": {"uv": [0, 0, 0.5625, 4.875], "texture": "#4"},
				"east": {"uv": [0, 0, 0.5625, 4.875], "texture": "#4"},
				"south": {"uv": [0, 0, 0.5625, 4.875], "texture": "#4"},
				"west": {"uv": [0, 0, 0.5625, 4.875], "texture": "#4"},
				"up": {"uv": [0, 0, 0.5625, 4.875], "texture": "#4"},
				"down": {"uv": [0, 0, 0.5625, 4.875], "texture": "#4"}
			}
		},
		{
			"from": [15.21875, 10.6875, 1.28125],
			"to": [20.09375, 10.75, 1.84375],
			"rotation": {"angle": 22.5, "axis": "y", "origin": [16.15625, 10.71875, 1.5625]},
			"faces": {
				"north": {"uv": [0, 0, 0.5625, 4.875], "rotation": 90, "texture": "#4"},
				"east": {"uv": [0, 0, 0.5625, 4.875], "rotation": 90, "texture": "#4"},
				"south": {"uv": [0, 0, 0.5625, 4.875], "rotation": 90, "texture": "#4"},
				"west": {"uv": [0, 0, 0.5625, 4.875], "rotation": 90, "texture": "#4"},
				"up": {"uv": [0, 0, 0.5625, 4.875], "rotation": 90, "texture": "#4"},
				"down": {"uv": [0, 0, 0.5625, 4.875], "rotation": 90, "texture": "#4"}
			}
		},
		{
			"from": [-0.28125, 10.6875, 1.40625],
			"to": [4.59375, 10.75, 1.96875],
			"rotation": {"angle": 22.5, "axis": "y", "origin": [0.65625, 10.71875, 1.6875]},
			"faces": {
				"north": {"uv": [0, 0, 0.5625, 4.875], "rotation": 90, "texture": "#4"},
				"east": {"uv": [0, 0, 0.5625, 4.875], "rotation": 90, "texture": "#4"},
				"south": {"uv": [0, 0, 0.5625, 4.875], "rotation": 90, "texture": "#4"},
				"west": {"uv": [0, 0, 0.5625, 4.875], "rotation": 90, "texture": "#4"},
				"up": {"uv": [0, 0, 0.5625, 4.875], "rotation": 90, "texture": "#4"},
				"down": {"uv": [0, 0, 0.5625, 4.875], "rotation": 90, "texture": "#4"}
			}
		},
		{
			"from": [-0.34375, 10.6875, 13.21875],
			"to": [4.53125, 10.75, 13.78125],
			"rotation": {"angle": 22.5, "axis": "y", "origin": [0.59375, 10.71875, 13.5]},
			"faces": {
				"north": {"uv": [0, 0, 0.5625, 4.875], "rotation": 90, "texture": "#4"},
				"east": {"uv": [0, 0, 0.5625, 4.875], "rotation": 90, "texture": "#4"},
				"south": {"uv": [0, 0, 0.5625, 4.875], "rotation": 90, "texture": "#4"},
				"west": {"uv": [0, 0, 0.5625, 4.875], "rotation": 90, "texture": "#4"},
				"up": {"uv": [0, 0, 0.5625, 4.875], "rotation": 90, "texture": "#4"},
				"down": {"uv": [0, 0, 0.5625, 4.875], "rotation": 90, "texture": "#4"}
			}
		},
		{
			"from": [15.59375, 10.6875, 13.15625],
			"to": [20.46875, 10.75, 13.71875],
			"rotation": {"angle": 22.5, "axis": "y", "origin": [16.53125, 10.71875, 13.4375]},
			"faces": {
				"north": {"uv": [0, 0, 0.5625, 4.875], "rotation": 90, "texture": "#4"},
				"east": {"uv": [0, 0, 0.5625, 4.875], "rotation": 90, "texture": "#4"},
				"south": {"uv": [0, 0, 0.5625, 4.875], "rotation": 90, "texture": "#4"},
				"west": {"uv": [0, 0, 0.5625, 4.875], "rotation": 90, "texture": "#4"},
				"up": {"uv": [0, 0, 0.5625, 4.875], "rotation": 90, "texture": "#4"},
				"down": {"uv": [0, 0, 0.5625, 4.875], "rotation": 90, "texture": "#4"}
			}
		},
		{
			"from": [17.625, 8.625, 3.4375],
			"to": [18.1875, 10.9375, 4.125],
			"rotation": {"angle": 45, "axis": "y", "origin": [14.6875, 9.125, 6.1875]},
			"faces": {
				"north": {"uv": [0, 0, 0.5625, 2.3125], "texture": "#3"},
				"east": {"uv": [0, 0, 0.5625, 2.3125], "texture": "#3"},
				"south": {"uv": [0, 0, 0.5625, 2.3125], "texture": "#3"},
				"west": {"uv": [0, 0, 0.5625, 2.3125], "texture": "#3"},
				"up": {"uv": [0, 0, 0.5625, 2.3125], "texture": "#3"},
				"down": {"uv": [0, 0, 0.5625, 2.3125], "texture": "#3"}
			}
		},
		{
			"from": [2.125, 8.625, 3.5625],
			"to": [2.6875, 10.9375, 4.25],
			"rotation": {"angle": 45, "axis": "y", "origin": [-0.8125, 9.125, 6.3125]},
			"faces": {
				"north": {"uv": [0, 0, 0.6875, 2.3125], "texture": "#3"},
				"east": {"uv": [0, 0, 0.6875, 2.3125], "texture": "#3"},
				"south": {"uv": [0, 0, 0.6875, 2.3125], "texture": "#3"},
				"west": {"uv": [0, 0, 0.6875, 2.3125], "texture": "#3"},
				"up": {"uv": [0, 0, 0.6875, 2.3125], "texture": "#3"},
				"down": {"uv": [0, 0, 0.6875, 2.3125], "texture": "#3"}
			}
		},
		{
			"from": [2.0625, 8.625, 15.375],
			"to": [2.625, 10.9375, 16.0625],
			"rotation": {"angle": 45, "axis": "y", "origin": [-0.875, 9.125, 18.125]},
			"faces": {
				"north": {"uv": [0, 0, 0.5625, 2.3125], "texture": "#3"},
				"east": {"uv": [0, 0, 0.5625, 2.3125], "texture": "#3"},
				"south": {"uv": [0, 0, 0.5625, 2.3125], "texture": "#3"},
				"west": {"uv": [0, 0, 0.5625, 2.3125], "texture": "#3"},
				"up": {"uv": [0, 0, 0.5625, 2.3125], "texture": "#3"},
				"down": {"uv": [0, 0, 0.5625, 2.3125], "texture": "#3"}
			}
		},
		{
			"from": [18, 8.625, 15.3125],
			"to": [18.5625, 10.9375, 16],
			"rotation": {"angle": 45, "axis": "y", "origin": [15.0625, 9.125, 18.0625]},
			"faces": {
				"north": {"uv": [0, 0, 0.6875, 2.3125], "texture": "#3"},
				"east": {"uv": [0, 0, 0.6875, 2.3125], "texture": "#3"},
				"south": {"uv": [0, 0, 0.6875, 2.3125], "texture": "#3"},
				"west": {"uv": [0, 0, 0.6875, 2.3125], "texture": "#3"},
				"up": {"uv": [0, 0, 0.6875, 2.3125], "texture": "#3"},
				"down": {"uv": [0, 0, 0.6875, 2.3125], "texture": "#3"}
			}
		},
		{
			"from": [15.1875, 8.3125, 4.25],
			"to": [19.1875, 8.75, 5.5],
			"rotation": {"angle": 45, "axis": "y", "origin": [13.6875, 8.25, 7.375]},
			"faces": {
				"north": {"uv": [0, 0, 4, 1.25], "texture": "#1"},
				"east": {"uv": [0, 0, 4, 1.25], "texture": "#1"},
				"south": {"uv": [0, 0, 4, 1.25], "texture": "#1"},
				"west": {"uv": [0, 0, 4, 1.25], "texture": "#1"},
				"up": {"uv": [0, 0, 4, 1.25], "texture": "#1"},
				"down": {"uv": [0, 0, 4, 1.25], "texture": "#1"}
			}
		},
		{
			"from": [0.08211, 8.3125, 11.13236],
			"to": [1.33211, 8.75, 15.13236],
			"rotation": {"angle": -45, "axis": "y", "origin": [0.70711, 8.53125, 13.13236]},
			"faces": {
				"north": {"uv": [0, 0, 4, 0.4375], "texture": "#1"},
				"east": {"uv": [0, 0, 4, 0.4375], "texture": "#1"},
				"south": {"uv": [0, 0, 4, 0.4375], "texture": "#1"},
				"west": {"uv": [0, 0, 4, 0.4375], "texture": "#1"},
				"up": {"uv": [0, 0, 4, 0.4375], "texture": "#1"},
				"down": {"uv": [0, 0, 4, 0.4375], "texture": "#1"}
			}
		},
		{
			"from": [14.26961, 8.3125, 11.13236],
			"to": [15.51961, 8.75, 15.13236],
			"rotation": {"angle": 45, "axis": "y", "origin": [14.89461, 8.53125, 13.13236]},
			"faces": {
				"north": {"uv": [0, 0, 4, 1.25], "rotation": 90, "texture": "#1"},
				"east": {"uv": [0, 0, 4, 1.25], "rotation": 90, "texture": "#1"},
				"south": {"uv": [0, 0, 4, 1.25], "rotation": 90, "texture": "#1"},
				"west": {"uv": [0, 0, 4, 1.25], "rotation": 90, "texture": "#1"},
				"up": {"uv": [0, 0, 4, 1.25], "rotation": 90, "texture": "#1"},
				"down": {"uv": [0, 0, 4, 1.25], "rotation": 90, "texture": "#1"}
			}
		},
		{
			"from": [0.14461, 8.3125, 1.13236],
			"to": [1.39461, 8.75, 5.13236],
			"rotation": {"angle": 45, "axis": "y", "origin": [0.76961, 8.53125, 3.13236]},
			"faces": {
				"north": {"uv": [0, 0, 4, 0.4375], "texture": "#1"},
				"east": {"uv": [0, 0, 4, 0.4375], "texture": "#1"},
				"south": {"uv": [0, 0, 4, 0.4375], "texture": "#1"},
				"west": {"uv": [0, 0, 4, 0.4375], "texture": "#1"},
				"up": {"uv": [0, 0, 4, 0.4375], "texture": "#1"},
				"down": {"uv": [0, 0, 4, 0.4375], "texture": "#1"}
			}
		},
		{
			"from": [-0.2375, 8.375, -2.6875],
			"to": [0.0625, 8.625, 1.8125],
			"rotation": {"angle": 22.5, "axis": "y", "origin": [-0.55559, 11.08854, 1.23743]},
			"faces": {
				"north": {"uv": [0, 0, 4.5, 0.25], "texture": "#2"},
				"east": {"uv": [0, 0, 4.5, 0.25], "texture": "#2"},
				"south": {"uv": [0, 0, 4.5, 0.25], "texture": "#2"},
				"west": {"uv": [0, 0, 4.5, 0.25], "texture": "#2"},
				"up": {"uv": [0, 0, 4.5, 0.25], "texture": "#2"},
				"down": {"uv": [0, 0, 4.5, 0.25], "texture": "#2"}
			}
		},
		{
			"from": [-4.58462, 11.625, -2.32487],
			"to": [3.97788, 11.875, -2.02487],
			"rotation": {"angle": 45, "axis": "y", "origin": [-0.55559, 11.08854, 1.23743]},
			"faces": {
				"north": {"uv": [0, 0, 0.3, 0.25], "texture": "#2"},
				"east": {"uv": [0, 0, 0.3, 0.25], "texture": "#2"},
				"south": {"uv": [0, 0, 0.3, 0.25], "texture": "#2"},
				"west": {"uv": [0, 0, 0.3, 0.25], "texture": "#2"},
				"up": {"uv": [0, 0, 0.3, 0.25], "texture": "#2"},
				"down": {"uv": [0, 0, 0.3, 0.25], "texture": "#2"}
			}
		},
		{
			"from": [-4.62301, 11.625, 6.90133],
			"to": [3.93949, 11.875, 7.20133],
			"rotation": {"angle": 45, "axis": "y", "origin": [-0.55559, 11.08854, 1.23743]},
			"faces": {
				"north": {"uv": [0, 0, 0.3, 0.25], "texture": "#2"},
				"east": {"uv": [0, 0, 0.3, 0.25], "texture": "#2"},
				"south": {"uv": [0, 0, 0.3, 0.25], "texture": "#2"},
				"west": {"uv": [0, 0, 0.3, 0.25], "texture": "#2"},
				"up": {"uv": [0, 0, 0.3, 0.25], "texture": "#2"},
				"down": {"uv": [0, 0, 0.3, 0.25], "texture": "#2"}
			}
		},
		{
			"from": [-4.5899, 11.625, -2.09091],
			"to": [-4.2899, 11.875, 6.90909],
			"rotation": {"angle": 45, "axis": "y", "origin": [-0.55559, 11.08854, 1.23743]},
			"faces": {
				"north": {"uv": [0, 0, 9, 0.25], "texture": "#2"},
				"east": {"uv": [0, 0, 9, 0.25], "texture": "#2"},
				"south": {"uv": [0, 0, 9, 0.25], "texture": "#2"},
				"west": {"uv": [0, 0, 9, 0.25], "texture": "#2"},
				"up": {"uv": [0, 0, 9, 0.25], "texture": "#2"},
				"down": {"uv": [0, 0, 9, 0.25], "texture": "#2"}
			}
		},
		{
			"from": [-4.33501, 12.0625, -2.05298],
			"to": [-4.03501, 12.3125, 6.94702],
			"rotation": {"angle": 45, "axis": "y", "origin": [-0.55559, 11.08854, 1.23743]},
			"faces": {
				"north": {"uv": [0, 0, 9, 0.25], "texture": "#2"},
				"east": {"uv": [0, 0, 9, 0.25], "texture": "#2"},
				"south": {"uv": [0, 0, 9, 0.25], "texture": "#2"},
				"west": {"uv": [0, 0, 9, 0.25], "texture": "#2"},
				"up": {"uv": [0, 0, 9, 0.25], "texture": "#2"},
				"down": {"uv": [0, 0, 9, 0.25], "texture": "#2"}
			}
		},
		{
			"from": [3.19853, 12.0625, -2.04951],
			"to": [3.49853, 12.3125, 6.95049],
			"rotation": {"angle": 45, "axis": "y", "origin": [-0.55559, 11.08854, 1.23743]},
			"faces": {
				"north": {"uv": [0, 0, 9, 0.25], "texture": "#2"},
				"east": {"uv": [0, 0, 9, 0.25], "texture": "#2"},
				"south": {"uv": [0, 0, 9, 0.25], "texture": "#2"},
				"west": {"uv": [0, 0, 9, 0.25], "texture": "#2"},
				"up": {"uv": [0, 0, 9, 0.25], "texture": "#2"},
				"down": {"uv": [0, 0, 9, 0.25], "texture": "#2"}
			}
		},
		{
			"from": [-4.16199, 12.0625, 6.65465],
			"to": [3.21301, 12.3125, 6.95465],
			"rotation": {"angle": 45, "axis": "y", "origin": [-0.55559, 11.08854, 1.23743]},
			"faces": {
				"north": {"uv": [0, 0, 0.3, 0.25], "texture": "#2"},
				"east": {"uv": [0, 0, 0.3, 0.25], "texture": "#2"},
				"south": {"uv": [0, 0, 0.3, 0.25], "texture": "#2"},
				"west": {"uv": [0, 0, 0.3, 0.25], "texture": "#2"},
				"up": {"uv": [0, 0, 0.3, 0.25], "texture": "#2"},
				"down": {"uv": [0, 0, 0.3, 0.25], "texture": "#2"}
			}
		},
		{
			"from": [-4.03111, 12.0625, -2.02795],
			"to": [3.21889, 12.3125, -1.72795],
			"rotation": {"angle": 45, "axis": "y", "origin": [-0.55559, 11.08854, 1.23743]},
			"faces": {
				"north": {"uv": [0, 0, 0.3, 0.25], "texture": "#2"},
				"east": {"uv": [0, 0, 0.3, 0.25], "texture": "#2"},
				"south": {"uv": [0, 0, 0.3, 0.25], "texture": "#2"},
				"west": {"uv": [0, 0, 0.3, 0.25], "texture": "#2"},
				"up": {"uv": [0, 0, 0.3, 0.25], "texture": "#2"},
				"down": {"uv": [0, 0, 0.3, 0.25], "texture": "#2"}
			}
		},
		{
			"from": [3.65707, 11.625, -2.10817],
			"to": [3.95707, 11.875, 6.95433],
			"rotation": {"angle": 45, "axis": "y", "origin": [-0.55559, 11.08854, 1.23743]},
			"faces": {
				"north": {"uv": [0, 0, 9.0625, 0.25], "texture": "#2"},
				"east": {"uv": [0, 0, 9.0625, 0.25], "texture": "#2"},
				"south": {"uv": [0, 0, 9.0625, 0.25], "texture": "#2"},
				"west": {"uv": [0, 0, 9.0625, 0.25], "texture": "#2"},
				"up": {"uv": [0, 0, 9.0625, 0.25], "texture": "#2"},
				"down": {"uv": [0, 0, 9.0625, 0.25], "texture": "#2"}
			}
		},
		{
			"from": [-4.87481, 8.375, 2.16542],
			"to": [-0.37481, 8.625, 2.46542],
			"rotation": {"angle": -22.5, "axis": "y", "origin": [-0.55559, 11.08854, 1.23743]},
			"faces": {
				"north": {"uv": [0, 0, 0.3, 0.25], "texture": "#2"},
				"east": {"uv": [0, 0, 0.3, 0.25], "texture": "#2"},
				"south": {"uv": [0, 0, 0.3, 0.25], "texture": "#2"},
				"west": {"uv": [0, 0, 0.3, 0.25], "texture": "#2"},
				"up": {"uv": [0, 0, 0.3, 0.25], "texture": "#2"},
				"down": {"uv": [0, 0, 0.3, 0.25], "texture": "#2"}
			}
		},
		{
			"from": [-4.87481, 8.625, 2.16542],
			"to": [-4.62481, 11.6875, 2.46542],
			"rotation": {"angle": -22.5, "axis": "y", "origin": [-0.55559, 11.08854, 1.23743]},
			"faces": {
				"north": {"uv": [0, 0, 0.3, 3.0625], "texture": "#2"},
				"east": {"uv": [0, 0, 0.3, 3.0625], "texture": "#2"},
				"south": {"uv": [0, 0, 0.3, 3.0625], "texture": "#2"},
				"west": {"uv": [0, 0, 0.3, 3.0625], "texture": "#2"},
				"up": {"uv": [0, 0, 0.3, 3.0625], "texture": "#2"},
				"down": {"uv": [0, 0, 0.3, 3.0625], "texture": "#2"}
			}
		},
		{
			"from": [-0.2461, 8.625, -2.65358],
			"to": [0.0539, 11.6875, -2.40358],
			"rotation": {"angle": 22.5, "axis": "y", "origin": [-0.55559, 11.08854, 1.23743]},
			"faces": {
				"north": {"uv": [0, 0, 0.25, 3.0625], "texture": "#2"},
				"east": {"uv": [0, 0, 0.25, 3.0625], "texture": "#2"},
				"south": {"uv": [0, 0, 0.25, 3.0625], "texture": "#2"},
				"west": {"uv": [0, 0, 0.25, 3.0625], "texture": "#2"},
				"up": {"uv": [0, 0, 0.25, 3.0625], "texture": "#2"},
				"down": {"uv": [0, 0, 0.25, 3.0625], "texture": "#2"}
			}
		},
		{
			"from": [-5.23052, 8.375, 14.05684],
			"to": [-0.73052, 8.625, 14.35684],
			"rotation": {"angle": 22.5, "axis": "y", "origin": [-1.30559, 11.08854, 14.67493]},
			"faces": {
				"north": {"uv": [0, 0, 4.5, 0.3], "texture": "#2"},
				"east": {"uv": [0, 0, 4.5, 0.3], "texture": "#2"},
				"south": {"uv": [0, 0, 4.5, 0.3], "texture": "#2"},
				"west": {"uv": [0, 0, 4.5, 0.3], "texture": "#2"},
				"up": {"uv": [0, 0, 4.5, 0.3], "texture": "#2"},
				"down": {"uv": [0, 0, 4.5, 0.3], "texture": "#2"}
			}
		},
		{
			"from": [-5.83906, 11.625, 17.93722],
			"to": [2.72344, 11.875, 18.23722],
			"rotation": {"angle": -45, "axis": "y", "origin": [-1.30559, 11.08854, 14.67493]},
			"faces": {
				"north": {"uv": [0, 0, 8.5625, 0.3], "rotation": 180, "texture": "#2"},
				"east": {"uv": [0, 0, 8.5625, 0.3], "rotation": 180, "texture": "#2"},
				"south": {"uv": [0, 0, 8.5625, 0.3], "rotation": 180, "texture": "#2"},
				"west": {"uv": [0, 0, 8.5625, 0.3], "rotation": 180, "texture": "#2"},
				"up": {"uv": [0, 0, 8.5625, 0.3], "rotation": 180, "texture": "#2"},
				"down": {"uv": [0, 0, 8.5625, 0.3], "rotation": 180, "texture": "#2"}
			}
		},
		{
			"from": [-5.80066, 11.625, 8.71103],
			"to": [2.76184, 11.875, 9.01103],
			"rotation": {"angle": -45, "axis": "y", "origin": [-1.30559, 11.08854, 14.67493]},
			"faces": {
				"north": {"uv": [0, 0, 8.5625, 0.3], "rotation": 180, "texture": "#2"},
				"east": {"uv": [0, 0, 8.5625, 0.3], "rotation": 180, "texture": "#2"},
				"south": {"uv": [0, 0, 8.5625, 0.3], "rotation": 180, "texture": "#2"},
				"west": {"uv": [0, 0, 8.5625, 0.3], "rotation": 180, "texture": "#2"},
				"up": {"uv": [0, 0, 8.5625, 0.3], "rotation": 180, "texture": "#2"},
				"down": {"uv": [0, 0, 8.5625, 0.3], "rotation": 180, "texture": "#2"}
			}
		},
		{
			"from": [2.42872, 11.625, 9.00327],
			"to": [2.72872, 11.875, 18.00327],
			"rotation": {"angle": -45, "axis": "y", "origin": [-1.30559, 11.08854, 14.67493]},
			"faces": {
				"north": {"uv": [0, 0, 9, 0.3], "rotation": 270, "texture": "#2"},
				"east": {"uv": [0, 0, 9, 0.3], "rotation": 270, "texture": "#2"},
				"south": {"uv": [0, 0, 9, 0.3], "rotation": 270, "texture": "#2"},
				"west": {"uv": [0, 0, 9, 0.3], "rotation": 270, "texture": "#2"},
				"up": {"uv": [0, 0, 9, 0.3], "rotation": 270, "texture": "#2"},
				"down": {"uv": [0, 0, 9, 0.3], "rotation": 270, "texture": "#2"}
			}
		},
		{
			"from": [2.17384, 12.0625, 8.96534],
			"to": [2.47384, 12.3125, 17.96534],
			"rotation": {"angle": -45, "axis": "y", "origin": [-1.30559, 11.08854, 14.67493]},
			"faces": {
				"north": {"uv": [0, 0, 9, 0.3], "rotation": 270, "texture": "#2"},
				"east": {"uv": [0, 0, 9, 0.3], "rotation": 270, "texture": "#2"},
				"south": {"uv": [0, 0, 9, 0.3], "rotation": 270, "texture": "#2"},
				"west": {"uv": [0, 0, 9, 0.3], "rotation": 270, "texture": "#2"},
				"up": {"uv": [0, 0, 9, 0.3], "rotation": 270, "texture": "#2"},
				"down": {"uv": [0, 0, 9, 0.3], "rotation": 270, "texture": "#2"}
			}
		},
		{
			"from": [-5.35971, 12.0625, 8.96187],
			"to": [-5.05971, 12.3125, 17.96187],
			"rotation": {"angle": -45, "axis": "y", "origin": [-1.30559, 11.08854, 14.67493]},
			"faces": {
				"north": {"uv": [0, 0, 9, 0.3], "rotation": 270, "texture": "#2"},
				"east": {"uv": [0, 0, 9, 0.3], "rotation": 270, "texture": "#2"},
				"south": {"uv": [0, 0, 9, 0.3], "rotation": 270, "texture": "#2"},
				"west": {"uv": [0, 0, 9, 0.3], "rotation": 270, "texture": "#2"},
				"up": {"uv": [0, 0, 9, 0.3], "rotation": 270, "texture": "#2"},
				"down": {"uv": [0, 0, 9, 0.3], "rotation": 270, "texture": "#2"}
			}
		},
		{
			"from": [-5.07419, 12.0625, 8.95771],
			"to": [2.30081, 12.3125, 9.25771],
			"rotation": {"angle": -45, "axis": "y", "origin": [-1.30559, 11.08854, 14.67493]},
			"faces": {
				"north": {"uv": [0, 0, 7.375, 0.3], "rotation": 180, "texture": "#2"},
				"east": {"uv": [0, 0, 7.375, 0.3], "rotation": 180, "texture": "#2"},
				"south": {"uv": [0, 0, 7.375, 0.3], "rotation": 180, "texture": "#2"},
				"west": {"uv": [0, 0, 7.375, 0.3], "rotation": 180, "texture": "#2"},
				"up": {"uv": [0, 0, 7.375, 0.3], "rotation": 180, "texture": "#2"},
				"down": {"uv": [0, 0, 7.375, 0.3], "rotation": 180, "texture": "#2"}
			}
		},
		{
			"from": [-5.08006, 12.0625, 17.6403],
			"to": [2.16994, 12.3125, 17.9403],
			"rotation": {"angle": -45, "axis": "y", "origin": [-1.30559, 11.08854, 14.67493]},
			"faces": {
				"north": {"uv": [0, 0, 7.25, 0.3], "rotation": 180, "texture": "#2"},
				"east": {"uv": [0, 0, 7.25, 0.3], "rotation": 180, "texture": "#2"},
				"south": {"uv": [0, 0, 7.25, 0.3], "rotation": 180, "texture": "#2"},
				"west": {"uv": [0, 0, 7.25, 0.3], "rotation": 180, "texture": "#2"},
				"up": {"uv": [0, 0, 7.25, 0.3], "rotation": 180, "texture": "#2"},
				"down": {"uv": [0, 0, 7.25, 0.3], "rotation": 180, "texture": "#2"}
			}
		},
		{
			"from": [-5.81825, 11.625, 8.95802],
			"to": [-5.51825, 11.875, 18.02052],
			"rotation": {"angle": -45, "axis": "y", "origin": [-1.30559, 11.08854, 14.67493]},
			"faces": {
				"north": {"uv": [0, 0, 9.0625, 0.3], "rotation": 270, "texture": "#2"},
				"east": {"uv": [0, 0, 9.0625, 0.3], "rotation": 270, "texture": "#2"},
				"south": {"uv": [0, 0, 9.0625, 0.3], "rotation": 270, "texture": "#2"},
				"west": {"uv": [0, 0, 9.0625, 0.3], "rotation": 270, "texture": "#2"},
				"up": {"uv": [0, 0, 9.0625, 0.3], "rotation": 270, "texture": "#2"},
				"down": {"uv": [0, 0, 9.0625, 0.3], "rotation": 270, "texture": "#2"}
			}
		},
		{
			"from": [-0.3776, 8.375, 14.49415],
			"to": [-0.0776, 8.625, 18.99415],
			"rotation": {"angle": -22.5, "axis": "y", "origin": [-1.30559, 11.08854, 14.67493]},
			"faces": {
				"north": {"uv": [0, 0, 4.5, 0.3], "rotation": 270, "texture": "#2"},
				"east": {"uv": [0, 0, 4.5, 0.3], "rotation": 270, "texture": "#2"},
				"south": {"uv": [0, 0, 4.5, 0.3], "rotation": 270, "texture": "#2"},
				"west": {"uv": [0, 0, 4.5, 0.3], "rotation": 270, "texture": "#2"},
				"up": {"uv": [0, 0, 4.5, 0.3], "rotation": 270, "texture": "#2"},
				"down": {"uv": [0, 0, 4.5, 0.3], "rotation": 270, "texture": "#2"}
			}
		},
		{
			"from": [-0.3776, 8.625, 18.74415],
			"to": [-0.0776, 11.6875, 18.99415],
			"rotation": {"angle": -22.5, "axis": "y", "origin": [-1.30559, 11.08854, 14.67493]},
			"faces": {
				"north": {"uv": [0, 0, 0.25, 0.3], "rotation": 270, "texture": "#2"},
				"east": {"uv": [0, 0, 0.25, 0.3], "rotation": 270, "texture": "#2"},
				"south": {"uv": [0, 0, 0.25, 0.3], "rotation": 270, "texture": "#2"},
				"west": {"uv": [0, 0, 0.25, 0.3], "rotation": 270, "texture": "#2"},
				"up": {"uv": [0, 0, 0.25, 0.3], "rotation": 270, "texture": "#2"},
				"down": {"uv": [0, 0, 0.25, 0.3], "rotation": 270, "texture": "#2"}
			}
		},
		{
			"from": [-5.1966, 8.625, 14.06544],
			"to": [-4.9466, 11.6875, 14.36544],
			"rotation": {"angle": 22.5, "axis": "y", "origin": [-1.30559, 11.08854, 14.67493]},
			"faces": {
				"north": {"uv": [0, 0, 0.25, 0.3], "texture": "#2"},
				"east": {"uv": [0, 0, 0.25, 0.3], "texture": "#2"},
				"south": {"uv": [0, 0, 0.25, 0.3], "texture": "#2"},
				"west": {"uv": [0, 0, 0.25, 0.3], "texture": "#2"},
				"up": {"uv": [0, 0, 0.25, 0.3], "texture": "#2"},
				"down": {"uv": [0, 0, 0.25, 0.3], "texture": "#2"}
			}
		},
		{
			"from": [15.82632, 8.375, 14.72486],
			"to": [16.12632, 8.625, 19.22486],
			"rotation": {"angle": 22.5, "axis": "y", "origin": [16.44441, 11.08854, 15.29993]},
			"faces": {
				"north": {"uv": [0, 0, 4.5, 0.3], "rotation": 270, "texture": "#2"},
				"east": {"uv": [0, 0, 4.5, 0.3], "rotation": 270, "texture": "#2"},
				"south": {"uv": [0, 0, 4.5, 0.3], "rotation": 270, "texture": "#2"},
				"west": {"uv": [0, 0, 4.5, 0.3], "rotation": 270, "texture": "#2"},
				"up": {"uv": [0, 0, 4.5, 0.3], "rotation": 270, "texture": "#2"},
				"down": {"uv": [0, 0, 4.5, 0.3], "rotation": 270, "texture": "#2"}
			}
		},
		{
			"from": [11.91094, 11.625, 18.56222],
			"to": [20.47344, 11.875, 18.86222],
			"rotation": {"angle": 45, "axis": "y", "origin": [16.44441, 11.08854, 15.29993]},
			"faces": {
				"north": {"uv": [0, 0, 8.5625, 0.3], "rotation": 180, "texture": "#2"},
				"east": {"uv": [0, 0, 8.5625, 0.3], "rotation": 180, "texture": "#2"},
				"south": {"uv": [0, 0, 8.5625, 0.3], "rotation": 180, "texture": "#2"},
				"west": {"uv": [0, 0, 8.5625, 0.3], "rotation": 180, "texture": "#2"},
				"up": {"uv": [0, 0, 8.5625, 0.3], "rotation": 180, "texture": "#2"},
				"down": {"uv": [0, 0, 8.5625, 0.3], "rotation": 180, "texture": "#2"}
			}
		},
		{
			"from": [11.94934, 11.625, 9.33603],
			"to": [20.51184, 11.875, 9.63603],
			"rotation": {"angle": 45, "axis": "y", "origin": [16.44441, 11.08854, 15.29993]},
			"faces": {
				"north": {"uv": [0, 0, 8.5625, 0.3], "rotation": 180, "texture": "#2"},
				"east": {"uv": [0, 0, 8.5625, 0.3], "rotation": 180, "texture": "#2"},
				"south": {"uv": [0, 0, 8.5625, 0.3], "rotation": 180, "texture": "#2"},
				"west": {"uv": [0, 0, 8.5625, 0.3], "rotation": 180, "texture": "#2"},
				"up": {"uv": [0, 0, 8.5625, 0.3], "rotation": 180, "texture": "#2"},
				"down": {"uv": [0, 0, 8.5625, 0.3], "rotation": 180, "texture": "#2"}
			}
		},
		{
			"from": [20.17872, 11.625, 9.62827],
			"to": [20.47872, 11.875, 18.62827],
			"rotation": {"angle": 45, "axis": "y", "origin": [16.44441, 11.08854, 15.29993]},
			"faces": {
				"north": {"uv": [0, 0, 9, 0.3], "rotation": 270, "texture": "#2"},
				"east": {"uv": [0, 0, 9, 0.3], "rotation": 270, "texture": "#2"},
				"south": {"uv": [0, 0, 9, 0.3], "rotation": 270, "texture": "#2"},
				"west": {"uv": [0, 0, 9, 0.3], "rotation": 270, "texture": "#2"},
				"up": {"uv": [0, 0, 9, 0.3], "rotation": 270, "texture": "#2"},
				"down": {"uv": [0, 0, 9, 0.3], "rotation": 270, "texture": "#2"}
			}
		},
		{
			"from": [19.92384, 12.0625, 9.59034],
			"to": [20.22384, 12.3125, 18.59034],
			"rotation": {"angle": 45, "axis": "y", "origin": [16.44441, 11.08854, 15.29993]},
			"faces": {
				"north": {"uv": [0, 0, 9, 0.3], "rotation": 270, "texture": "#2"},
				"east": {"uv": [0, 0, 9, 0.3], "rotation": 270, "texture": "#2"},
				"south": {"uv": [0, 0, 9, 0.3], "rotation": 270, "texture": "#2"},
				"west": {"uv": [0, 0, 9, 0.3], "rotation": 270, "texture": "#2"},
				"up": {"uv": [0, 0, 9, 0.3], "rotation": 270, "texture": "#2"},
				"down": {"uv": [0, 0, 9, 0.3], "rotation": 270, "texture": "#2"}
			}
		},
		{
			"from": [12.39029, 12.0625, 9.58687],
			"to": [12.69029, 12.3125, 18.58687],
			"rotation": {"angle": 45, "axis": "y", "origin": [16.44441, 11.08854, 15.29993]},
			"faces": {
				"north": {"uv": [0, 0, 9, 0.3], "rotation": 270, "texture": "#2"},
				"east": {"uv": [0, 0, 9, 0.3], "rotation": 270, "texture": "#2"},
				"south": {"uv": [0, 0, 9, 0.3], "rotation": 270, "texture": "#2"},
				"west": {"uv": [0, 0, 9, 0.3], "rotation": 270, "texture": "#2"},
				"up": {"uv": [0, 0, 9, 0.3], "rotation": 270, "texture": "#2"},
				"down": {"uv": [0, 0, 9, 0.3], "rotation": 270, "texture": "#2"}
			}
		},
		{
			"from": [12.67581, 12.0625, 9.58271],
			"to": [20.05081, 12.3125, 9.88271],
			"rotation": {"angle": 45, "axis": "y", "origin": [16.44441, 11.08854, 15.29993]},
			"faces": {
				"north": {"uv": [0, 0, 7.375, 0.3], "rotation": 180, "texture": "#2"},
				"east": {"uv": [0, 0, 7.375, 0.3], "rotation": 180, "texture": "#2"},
				"south": {"uv": [0, 0, 7.375, 0.3], "rotation": 180, "texture": "#2"},
				"west": {"uv": [0, 0, 7.375, 0.3], "rotation": 180, "texture": "#2"},
				"up": {"uv": [0, 0, 7.375, 0.3], "rotation": 180, "texture": "#2"},
				"down": {"uv": [0, 0, 7.375, 0.3], "rotation": 180, "texture": "#2"}
			}
		},
		{
			"from": [12.66994, 12.0625, 18.2653],
			"to": [19.91994, 12.3125, 18.5653],
			"rotation": {"angle": 45, "axis": "y", "origin": [16.44441, 11.08854, 15.29993]},
			"faces": {
				"north": {"uv": [0, 0, 7.25, 0.3], "rotation": 180, "texture": "#2"},
				"east": {"uv": [0, 0, 7.25, 0.3], "rotation": 180, "texture": "#2"},
				"south": {"uv": [0, 0, 7.25, 0.3], "rotation": 180, "texture": "#2"},
				"west": {"uv": [0, 0, 7.25, 0.3], "rotation": 180, "texture": "#2"},
				"up": {"uv": [0, 0, 7.25, 0.3], "rotation": 180, "texture": "#2"},
				"down": {"uv": [0, 0, 7.25, 0.3], "rotation": 180, "texture": "#2"}
			}
		},
		{
			"from": [11.93175, 11.625, 9.58302],
			"to": [12.23175, 11.875, 18.64552],
			"rotation": {"angle": 45, "axis": "y", "origin": [16.44441, 11.08854, 15.29993]},
			"faces": {
				"north": {"uv": [0, 0, 9.0625, 0.3], "rotation": 270, "texture": "#2"},
				"east": {"uv": [0, 0, 9.0625, 0.3], "rotation": 270, "texture": "#2"},
				"south": {"uv": [0, 0, 9.0625, 0.3], "rotation": 270, "texture": "#2"},
				"west": {"uv": [0, 0, 9.0625, 0.3], "rotation": 270, "texture": "#2"},
				"up": {"uv": [0, 0, 9.0625, 0.3], "rotation": 270, "texture": "#2"},
				"down": {"uv": [0, 0, 9.0625, 0.3], "rotation": 270, "texture": "#2"}
			}
		},
		{
			"from": [16.26363, 8.375, 14.07194],
			"to": [20.76363, 8.625, 14.37194],
			"rotation": {"angle": -22.5, "axis": "y", "origin": [16.44441, 11.08854, 15.29993]},
			"faces": {
				"north": {"uv": [0, 0, 4.5, 0.3], "rotation": 180, "texture": "#2"},
				"east": {"uv": [0, 0, 4.5, 0.3], "rotation": 180, "texture": "#2"},
				"south": {"uv": [0, 0, 4.5, 0.3], "rotation": 180, "texture": "#2"},
				"west": {"uv": [0, 0, 4.5, 0.3], "rotation": 180, "texture": "#2"},
				"up": {"uv": [0, 0, 4.5, 0.3], "rotation": 180, "texture": "#2"},
				"down": {"uv": [0, 0, 4.5, 0.3], "rotation": 180, "texture": "#2"}
			}
		},
		{
			"from": [20.51363, 8.625, 14.07194],
			"to": [20.76363, 11.6875, 14.37194],
			"rotation": {"angle": -22.5, "axis": "y", "origin": [16.44441, 11.08854, 15.29993]},
			"faces": {
				"north": {"uv": [0, 0, 0.25, 0.3], "rotation": 180, "texture": "#2"},
				"east": {"uv": [0, 0, 0.25, 0.3], "rotation": 180, "texture": "#2"},
				"south": {"uv": [0, 0, 0.25, 0.3], "rotation": 180, "texture": "#2"},
				"west": {"uv": [0, 0, 0.25, 0.3], "rotation": 180, "texture": "#2"},
				"up": {"uv": [0, 0, 0.25, 0.3], "rotation": 180, "texture": "#2"},
				"down": {"uv": [0, 0, 0.25, 0.3], "rotation": 180, "texture": "#2"}
			}
		},
		{
			"from": [15.83493, 8.625, 18.94094],
			"to": [16.13493, 11.6875, 19.19094],
			"rotation": {"angle": 22.5, "axis": "y", "origin": [16.44441, 11.08854, 15.29993]},
			"faces": {
				"north": {"uv": [0, 0, 0.25, 0.3], "rotation": 270, "texture": "#2"},
				"east": {"uv": [0, 0, 0.25, 0.3], "rotation": 270, "texture": "#2"},
				"south": {"uv": [0, 0, 0.25, 0.3], "rotation": 270, "texture": "#2"},
				"west": {"uv": [0, 0, 0.25, 0.3], "rotation": 270, "texture": "#2"},
				"up": {"uv": [0, 0, 0.25, 0.3], "rotation": 270, "texture": "#2"},
				"down": {"uv": [0, 0, 0.25, 0.3], "rotation": 270, "texture": "#2"}
			}
		},
		{
			"from": [15.93184, 8.375, 1.93052],
			"to": [20.43184, 8.625, 2.23052],
			"rotation": {"angle": 22.5, "axis": "y", "origin": [16.50691, 11.08854, 1.61243]},
			"faces": {
				"north": {"uv": [0, 0, 4.5, 0.3], "rotation": 180, "texture": "#2"},
				"east": {"uv": [0, 0, 4.5, 0.3], "rotation": 180, "texture": "#2"},
				"south": {"uv": [0, 0, 4.5, 0.3], "rotation": 180, "texture": "#2"},
				"west": {"uv": [0, 0, 4.5, 0.3], "rotation": 180, "texture": "#2"},
				"up": {"uv": [0, 0, 4.5, 0.3], "rotation": 180, "texture": "#2"},
				"down": {"uv": [0, 0, 4.5, 0.3], "rotation": 180, "texture": "#2"}
			}
		},
		{
			"from": [19.76921, 11.625, -2.41661],
			"to": [20.06921, 11.875, 6.14589],
			"rotation": {"angle": 45, "axis": "y", "origin": [16.50691, 11.08854, 1.61243]},
			"faces": {
				"north": {"uv": [0, 0, 8.5625, 0.3], "rotation": 90, "texture": "#2"},
				"east": {"uv": [0, 0, 8.5625, 0.3], "rotation": 90, "texture": "#2"},
				"south": {"uv": [0, 0, 8.5625, 0.3], "rotation": 90, "texture": "#2"},
				"west": {"uv": [0, 0, 8.5625, 0.3], "rotation": 90, "texture": "#2"},
				"up": {"uv": [0, 0, 8.5625, 0.3], "rotation": 90, "texture": "#2"},
				"down": {"uv": [0, 0, 8.5625, 0.3], "rotation": 90, "texture": "#2"}
			}
		},
		{
			"from": [10.54301, 11.625, -2.455],
			"to": [10.84301, 11.875, 6.1075],
			"rotation": {"angle": 45, "axis": "y", "origin": [16.50691, 11.08854, 1.61243]},
			"faces": {
				"north": {"uv": [0, 0, 8.5625, 0.3], "rotation": 90, "texture": "#2"},
				"east": {"uv": [0, 0, 8.5625, 0.3], "rotation": 90, "texture": "#2"},
				"south": {"uv": [0, 0, 8.5625, 0.3], "rotation": 90, "texture": "#2"},
				"west": {"uv": [0, 0, 8.5625, 0.3], "rotation": 90, "texture": "#2"},
				"up": {"uv": [0, 0, 8.5625, 0.3], "rotation": 90, "texture": "#2"},
				"down": {"uv": [0, 0, 8.5625, 0.3], "rotation": 90, "texture": "#2"}
			}
		},
		{
			"from": [10.83525, 11.625, -2.42188],
			"to": [19.83525, 11.875, -2.12188],
			"rotation": {"angle": 45, "axis": "y", "origin": [16.50691, 11.08854, 1.61243]},
			"faces": {
				"north": {"uv": [0, 0, 9, 0.3], "rotation": 180, "texture": "#2"},
				"east": {"uv": [0, 0, 9, 0.3], "rotation": 180, "texture": "#2"},
				"south": {"uv": [0, 0, 9, 0.3], "rotation": 180, "texture": "#2"},
				"west": {"uv": [0, 0, 9, 0.3], "rotation": 180, "texture": "#2"},
				"up": {"uv": [0, 0, 9, 0.3], "rotation": 180, "texture": "#2"},
				"down": {"uv": [0, 0, 9, 0.3], "rotation": 180, "texture": "#2"}
			}
		},
		{
			"from": [10.79732, 12.0625, -2.167],
			"to": [19.79732, 12.3125, -1.867],
			"rotation": {"angle": 45, "axis": "y", "origin": [16.50691, 11.08854, 1.61243]},
			"faces": {
				"north": {"uv": [0, 0, 9, 0.3], "rotation": 180, "texture": "#2"},
				"east": {"uv": [0, 0, 9, 0.3], "rotation": 180, "texture": "#2"},
				"south": {"uv": [0, 0, 9, 0.3], "rotation": 180, "texture": "#2"},
				"west": {"uv": [0, 0, 9, 0.3], "rotation": 180, "texture": "#2"},
				"up": {"uv": [0, 0, 9, 0.3], "rotation": 180, "texture": "#2"},
				"down": {"uv": [0, 0, 9, 0.3], "rotation": 180, "texture": "#2"}
			}
		},
		{
			"from": [10.79385, 12.0625, 5.36655],
			"to": [19.79385, 12.3125, 5.66655],
			"rotation": {"angle": 45, "axis": "y", "origin": [16.50691, 11.08854, 1.61243]},
			"faces": {
				"north": {"uv": [0, 0, 9, 0.3], "rotation": 180, "texture": "#2"},
				"east": {"uv": [0, 0, 9, 0.3], "rotation": 180, "texture": "#2"},
				"south": {"uv": [0, 0, 9, 0.3], "rotation": 180, "texture": "#2"},
				"west": {"uv": [0, 0, 9, 0.3], "rotation": 180, "texture": "#2"},
				"up": {"uv": [0, 0, 9, 0.3], "rotation": 180, "texture": "#2"},
				"down": {"uv": [0, 0, 9, 0.3], "rotation": 180, "texture": "#2"}
			}
		},
		{
			"from": [10.78969, 12.0625, -1.99397],
			"to": [11.08969, 12.3125, 5.38103],
			"rotation": {"angle": 45, "axis": "y", "origin": [16.50691, 11.08854, 1.61243]},
			"faces": {
				"north": {"uv": [0, 0, 7.375, 0.3], "rotation": 90, "texture": "#2"},
				"east": {"uv": [0, 0, 7.375, 0.3], "rotation": 90, "texture": "#2"},
				"south": {"uv": [0, 0, 7.375, 0.3], "rotation": 90, "texture": "#2"},
				"west": {"uv": [0, 0, 7.375, 0.3], "rotation": 90, "texture": "#2"},
				"up": {"uv": [0, 0, 7.375, 0.3], "rotation": 90, "texture": "#2"},
				"down": {"uv": [0, 0, 7.375, 0.3], "rotation": 90, "texture": "#2"}
			}
		},
		{
			"from": [19.47229, 12.0625, -1.8631],
			"to": [19.77229, 12.3125, 5.3869],
			"rotation": {"angle": 45, "axis": "y", "origin": [16.50691, 11.08854, 1.61243]},
			"faces": {
				"north": {"uv": [0, 0, 7.25, 0.3], "rotation": 90, "texture": "#2"},
				"east": {"uv": [0, 0, 7.25, 0.3], "rotation": 90, "texture": "#2"},
				"south": {"uv": [0, 0, 7.25, 0.3], "rotation": 90, "texture": "#2"},
				"west": {"uv": [0, 0, 7.25, 0.3], "rotation": 90, "texture": "#2"},
				"up": {"uv": [0, 0, 7.25, 0.3], "rotation": 90, "texture": "#2"},
				"down": {"uv": [0, 0, 7.25, 0.3], "rotation": 90, "texture": "#2"}
			}
		},
		{
			"from": [10.79001, 11.625, 5.82509],
			"to": [19.85251, 11.875, 6.12509],
			"rotation": {"angle": 45, "axis": "y", "origin": [16.50691, 11.08854, 1.61243]},
			"faces": {
				"north": {"uv": [0, 0, 9.0625, 0.3], "rotation": 180, "texture": "#2"},
				"east": {"uv": [0, 0, 9.0625, 0.3], "rotation": 180, "texture": "#2"},
				"south": {"uv": [0, 0, 9.0625, 0.3], "rotation": 180, "texture": "#2"},
				"west": {"uv": [0, 0, 9.0625, 0.3], "rotation": 180, "texture": "#2"},
				"up": {"uv": [0, 0, 9.0625, 0.3], "rotation": 180, "texture": "#2"},
				"down": {"uv": [0, 0, 9.0625, 0.3], "rotation": 180, "texture": "#2"}
			}
		},
		{
			"from": [15.27892, 8.375, -2.70679],
			"to": [15.57892, 8.625, 1.79321],
			"rotation": {"angle": -22.5, "axis": "y", "origin": [16.50691, 11.08854, 1.61243]},
			"faces": {
				"north": {"uv": [0, 0, 4.5, 0.3], "rotation": 90, "texture": "#2"},
				"east": {"uv": [0, 0, 4.5, 0.3], "rotation": 90, "texture": "#2"},
				"south": {"uv": [0, 0, 4.5, 0.3], "rotation": 90, "texture": "#2"},
				"west": {"uv": [0, 0, 4.5, 0.3], "rotation": 90, "texture": "#2"},
				"up": {"uv": [0, 0, 4.5, 0.3], "rotation": 90, "texture": "#2"},
				"down": {"uv": [0, 0, 4.5, 0.3], "rotation": 90, "texture": "#2"}
			}
		},
		{
			"from": [15.27892, 8.625, -2.70679],
			"to": [15.57892, 11.6875, -2.45679],
			"rotation": {"angle": -22.5, "axis": "y", "origin": [16.50691, 11.08854, 1.61243]},
			"faces": {
				"north": {"uv": [0, 0, 0.25, 0.3], "rotation": 90, "texture": "#2"},
				"east": {"uv": [0, 0, 0.25, 0.3], "rotation": 90, "texture": "#2"},
				"south": {"uv": [0, 0, 0.25, 0.3], "rotation": 90, "texture": "#2"},
				"west": {"uv": [0, 0, 0.25, 0.3], "rotation": 90, "texture": "#2"},
				"up": {"uv": [0, 0, 0.25, 0.3], "rotation": 90, "texture": "#2"},
				"down": {"uv": [0, 0, 0.25, 0.3], "rotation": 90, "texture": "#2"}
			}
		},
		{
			"from": [20.14792, 8.625, 1.92191],
			"to": [20.39792, 11.6875, 2.22191],
			"rotation": {"angle": 22.5, "axis": "y", "origin": [16.50691, 11.08854, 1.61243]},
			"faces": {
				"north": {"uv": [0, 0, 0.25, 0.3], "rotation": 180, "texture": "#2"},
				"east": {"uv": [0, 0, 0.25, 0.3], "rotation": 180, "texture": "#2"},
				"south": {"uv": [0, 0, 0.25, 0.3], "rotation": 180, "texture": "#2"},
				"west": {"uv": [0, 0, 0.25, 0.3], "rotation": 180, "texture": "#2"},
				"up": {"uv": [0, 0, 0.25, 0.3], "rotation": 180, "texture": "#2"},
				"down": {"uv": [0, 0, 0.25, 0.3], "rotation": 180, "texture": "#2"}
			}
		}
	],
	"display": {
		"thirdperson_righthand": {
			"rotation": [29.75, 0, 0],
			"scale": [0.4, 0.4, 0.4]
		},
		"thirdperson_lefthand": {
			"rotation": [29.75, 0, 0],
			"scale": [0.4, 0.4, 0.4]
		},
		"head": {
			"translation": [0, 4.75, 0]
		}
	},
	"groups": [0, 1, 2, 3, 4, 5, 6, 7, 8,
		{
			"name": "group",
			"origin": [14.5, 8.25, 7.4375],
			"children": [9, 10, 11, 12, 13, 14, 15, 16, 17, 18, 19, 20, 21, 22, 23, 24, 25]
		},
		{
			"name": "group",
			"origin": [14.5, 8.25, 7.4375],
			"children": [26]
		},
		{
			"name": "group",
			"origin": [14.5, 8.25, 7.4375],
			"children": [27]
		},
		{
			"name": "group",
			"origin": [14.5, 8.25, 7.4375],
			"children": [28]
		},
		{
			"name": "group",
			"origin": [0.25, 8.5, 1.375],
			"children": [29, 30, 31, 32, 33, 34, 35, 36, 37, 38, 39, 40]
		},
		{
			"name": "group",
			"origin": [0.25, 8.5, 1.375],
			"children": [41, 42, 43, 44, 45, 46, 47, 48, 49, 50, 51, 52]
		},
		{
			"name": "group",
			"origin": [0.25, 8.5, 1.375],
			"children": [53, 54, 55, 56, 57, 58, 59, 60, 61, 62, 63, 64]
		},
		{
			"name": "group",
			"origin": [0.25, 8.5, 1.375],
			"children": [65, 66, 67, 68, 69, 70, 71, 72, 73, 74, 75, 76]
		}
	]
}