{
	"credit": "Made with Blockbench",
	"textures": {
		"0": "custom/smartphone",
		"particle": "custom/smartphone"
	},
	"elements": [
		{
			"from": [7.5, 2, 5],
			"to": [8.5, 11, 11],
			"faces": {
				"north": {"uv": [10, 7.25, 16, 16], "texture": "#0"},
				"east": {"uv": [0, 0.25, 8.75, 8.5], "texture": "#0"},
				"south": {"uv": [10, 7.25, 16, 16], "texture": "#0"},
				"west": {"uv": [10, 7.25, 16, 16], "texture": "#0"},
				"up": {"uv": [10, 7.25, 16, 16], "texture": "#0"},
				"down": {"uv": [10, 7.25, 16, 16], "texture": "#0"}
			}
		},
		{
			"from": [7.5, 2.18764, 9.39333],
			"to": [8.493, 2.98764, 10.84333],
			"rotation": {"angle": -22.5, "axis": "x", "origin": [8, 2.48764, 11.39333]},
			"faces": {
				"north": {"uv": [10, 7.25, 16, 16], "texture": "#0"},
				"east": {"uv": [10, 7.25, 16, 16], "texture": "#0"},
				"south": {"uv": [10, 7.25, 16, 16], "texture": "#0"},
				"west": {"uv": [10, 7.25, 16, 16], "texture": "#0"},
				"up": {"uv": [10, 7.25, 16, 16], "texture": "#0"},
				"down": {"uv": [10, 7.25, 16, 16], "texture": "#0"}
			}
		},
		{
			"from": [7.5, 11.00343, 5.05985],
			"to": [8.497, 11.80343, 6.50985],
			"rotation": {"angle": -22.5, "axis": "x", "origin": [8, 11.30343, 7.05985]},
			"faces": {
				"north": {"uv": [10, 7.25, 16, 16], "texture": "#0"},
				"east": {"uv": [10, 7.25, 16, 16], "texture": "#0"},
				"south": {"uv": [10, 7.25, 16, 16], "texture": "#0"},
				"west": {"uv": [10, 7.25, 16, 16], "texture": "#0"},
				"up": {"uv": [10, 7.25, 16, 16], "texture": "#0"},
				"down": {"uv": [10, 7.25, 16, 16], "texture": "#0"}
			}
		},
		{
			"from": [7.5, 1.2118, 4.96256],
			"to": [8.493, 2.0118, 6.41256],
			"rotation": {"angle": 22.5, "axis": "x", "origin": [8, 1.5118, 6.96256]},
			"faces": {
				"north": {"uv": [10, 7.25, 16, 16], "texture": "#0"},
				"east": {"uv": [10, 7.25, 16, 16], "texture": "#0"},
				"south": {"uv": [10, 7.25, 16, 16], "texture": "#0"},
				"west": {"uv": [10, 7.25, 16, 16], "texture": "#0"},
				"up": {"uv": [10, 7.25, 16, 16], "texture": "#0"},
				"down": {"uv": [10, 7.25, 16, 16], "texture": "#0"}
			}
		},
		{
			"from": [7.501, 10.02758, 9.31679],
			"to": [8.495, 10.82758, 10.76679],
			"rotation": {"angle": 22.5, "axis": "x", "origin": [8.001, 10.32758, 11.31679]},
			"faces": {
				"north": {"uv": [10, 7.25, 16, 16], "texture": "#0"},
				"east": {"uv": [10, 7.25, 16, 16], "texture": "#0"},
				"south": {"uv": [10, 7.25, 16, 16], "texture": "#0"},
				"west": {"uv": [10, 7.25, 16, 16], "texture": "#0"},
				"up": {"uv": [10, 7.25, 16, 16], "texture": "#0"},
				"down": {"uv": [10, 7.25, 16, 16], "texture": "#0"}
			}
		},
		{
			"from": [7.5, 1.44511, 6.36037],
			"to": [8.503, 2.04511, 9.66037],
			"faces": {
				"north": {"uv": [10, 7.25, 16, 16], "texture": "#0"},
				"east": {"uv": [1.25, 13.5, 6.75, 15.25], "texture": "#0"},
				"south": {"uv": [10, 7.25, 16, 16], "texture": "#0"},
				"west": {"uv": [10, 7.25, 16, 16], "texture": "#0"},
				"up": {"uv": [10, 7.25, 16, 16], "texture": "#0"},
				"down": {"uv": [10, 7.25, 16, 16], "texture": "#0"}
			}
		},
		{
			"from": [7.5, 10.55489, 6.36037],
			"to": [8.497, 11.55489, 9.66037],
			"faces": {
				"north": {"uv": [10, 7.25, 16, 16], "texture": "#0"},
				"east": {"uv": [8.75, 0, 16, 9.75], "rotation": 270, "texture": "#0"},
				"south": {"uv": [10, 7.25, 16, 16], "texture": "#0"},
				"west": {"uv": [10, 7.25, 16, 16], "texture": "#0"},
				"up": {"uv": [10, 7.25, 16, 16], "texture": "#0"},
				"down": {"uv": [10, 7.25, 16, 16], "texture": "#0"}
			}
		}
	],
	"display": {
		"thirdperson_righthand": {
			"rotation": [0, -121, 0],
			"translation": [0, 3.5, 0],
			"scale": [0.6, 0.6, 0.6]
		},
		"thirdperson_lefthand": {
			"rotation": [0, 67, 0],
			"translation": [0, 3.5, 0],
			"scale": [0.6, 0.6, 0.6]
		},
		"firstperson_righthand": {
			"rotation": [-9, -155, 13],
			"translation": [2.5, 5, 0],
			"scale": [0.6, 0.6, 0.6]
		},
		"firstperson_lefthand": {
			"rotation": [-4, 13, -13],
			"translation": [2.5, 4.5, 0],
			"scale": [0.6, 0.6, 0.6]
		},
		"ground": {
			"rotation": [45, 0, 0],
			"translation": [0, 3, 1]
		},
		"gui": {
			"rotation": [90, -135, 90],
			"translation": [1, 1, 0],
			"scale": [1.1, 1.1, 1.1]
		},
		"head": {
			"rotation": [35, 180, 0],
			"translation": [7, -1, 0]
		},
		"fixed": {
			"rotation": [90, 135, -90],
			"translation": [-1, 1, 0],
			"scale": [1.1, 1.1, 1.1]
		}
	}
}