{
	"credit": "Made with Blockbench",
	"textures": {
		"0": "item/custom/witch_hat/witch",
		"particle": "item/custom/witch_hat/witch"
	},
	"elements": [
		{
			"from": [0, 0, 0],
			"to": [16, 2, 16],
			"faces": {
				"north": {"uv": [0, 2.5, 2.5, 3], "texture": "#0"},
				"east": {"uv": [0, 2.5, 2.5, 3], "texture": "#0"},
				"south": {"uv": [0, 2.5, 2.5, 3], "texture": "#0"},
				"west": {"uv": [0, 2.5, 2.5, 3], "texture": "#0"},
				"up": {"uv": [2.5, 0, 5, 2.5], "texture": "#0"},
				"down": {"uv": [5, 0, 7.5, 2.5], "texture": "#0"}
			}
		},
		{
			"from": [2.75, 2, 2.75],
			"to": [13.25, 6, 13.25],
			"rotation": {"angle": 0, "axis": "y", "origin": [10.75, 10, 10.75]},
			"faces": {
				"north": {"uv": [1.75, 4.75, 3.5, 5.75], "texture": "#0"},
				"east": {"uv": [5.25, 4.75, 7, 5.75], "texture": "#0"},
				"south": {"uv": [0, 4.75, 1.75, 5.75], "texture": "#0"},
				"west": {"uv": [3.5, 4.75, 5.25, 5.75], "texture": "#0"},
				"up": {"uv": [1.75, 3, 3.5, 4.75], "texture": "#0"},
				"down": {"uv": [3.5, 3, 5.25, 4.75], "texture": "#0"}
			}
		},
		{
			"from": [5, 4.5, 5],
			"to": [11, 10.5, 11],
			"rotation": {"angle": 0, "axis": "y", "origin": [13, 12.5, 13]},
			"faces": {
				"north": {"uv": [1, 6.75, 2, 7.75], "texture": "#0"},
				"east": {"uv": [1, 6.75, 2, 7.75], "texture": "#0"},
				"south": {"uv": [1, 6.75, 2, 7.75], "texture": "#0"},
				"west": {"uv": [1, 6.75, 2, 7.75], "texture": "#0"},
				"up": {"uv": [1, 5.75, 2, 6.75], "texture": "#0"},
				"down": {"uv": [2, 5.75, 3, 6.75], "texture": "#0"}
			}
		},
		{
			"from": [6.725, 10.5, 6.9],
			"to": [9.25, 14.55, 9.15],
			"rotation": {"angle": 0, "axis": "y", "origin": [12.25, 18.5, 13.15]},
			"faces": {
				"north": {"uv": [0.5, 8, 0.75, 8.5], "texture": "#0"},
				"east": {"uv": [0.5, 8, 0.75, 8.5], "texture": "#0"},
				"south": {"uv": [0.5, 8, 0.75, 8.5], "texture": "#0"},
				"west": {"uv": [0.5, 8, 0.75, 8.5], "texture": "#0"},
				"up": {"uv": [0.25, 7.75, 0.5, 8], "texture": "#0"},
				"down": {"uv": [0.25, 7.75, 0.5, 8], "texture": "#0"}
			}
		}
	],
	"display": {
		"thirdperson_righthand": {
			"rotation": [45, 0, 0],
			"translation": [0, 1, 1.5],
			"scale": [0.3, 0.3, 0.3]
		},
		"thirdperson_lefthand": {
			"rotation": [45, 0, 0],
			"translation": [0, 1.75, 2.75],
			"scale": [0.3, 0.3, 0.3]
		},
		"firstperson_righthand": {
			"rotation": [0, 38, -10],
			"translation": [0.75, 2.5, 2.5],
			"scale": [0.5, 0.5, 0.5]
		},
		"firstperson_lefthand": {
			"rotation": [0, 38, -10],
			"translation": [0.75, 2.25, 2.25],
			"scale": [0.5, 0.5, 0.5]
		},
		"ground": {
			"scale": [0.3, 0.3, 0.3]
		},
		"gui": {
			"rotation": [-13, 126, 33],
			"translation": [1.25, 0, 0],
			"scale": [0.6, 0.6, 0.6]
		},
		"head": {
			"translation": [0, 16.75, 0],
			"scale": [1.3, 1.3, 1.3]
		}
	}
}