{
	"parent": "item/generated",
	"textures": {
		"layer0": "item/apple"
	},
	"overrides": [
		{ "predicate": { "custom_model_data": 1 }, "model": "item/cmodels/generated/not_fried_dragon_egg"},
		{ "predicate": { "custom_model_data": 2 }, "model": "item/cmodels/generated/fried_dragon_egg"},
		{ "predicate": { "custom_model_data": 3 }, "model": "item/cmodels/generated/food/cheese"},
		{ "predicate": { "custom_model_data": 4 }, "model": "item/cmodels/generated/food/onion"},
		{ "predicate": { "custom_model_data": 5 }, "model": "item/cmodels/generated/food/pickle"},
		{ "predicate": { "custom_model_data": 6 }, "model": "item/cmodels/generated/food/pita"},
		{ "predicate": { "custom_model_data": 7 }, "model": "item/cmodels/generated/food/tomato"},
		{ "predicate": { "custom_model_data": 8 }, "model": "item/cmodels/generated/poop"}
	]
}