{
    "parent": "block/carved_pumpkin",
    
	"overrides": [
		{ "predicate": { "custom_model_data": 1 }, "model": "item/cmodels/custom/cap"},
		{ "predicate": { "custom_model_data": 2 }, "model": "item/cmodels/custom/witch_hat"},
		{ "predicate": { "custom_model_data": 3 }, "model": "item/cmodels/custom/mutant_ghast"},
		{ "predicate": { "custom_model_data": 4 }, "model": "item/cmodels/custom/gas_mask"},
		{ "predicate": { "custom_model_data": 5 }, "model": "item/cmodels/custom/gas_mask_with_filter"},
		{ "predicate": { "custom_model_data": 6 }, "model": "item/cmodels/custom/hat"},
		{ "predicate": { "custom_model_data": 7 }, "model": "item/cmodels/custom/cap_nkvd"}
	]
}
