{
	"parent": "block/cobblestone",
	"overrides": [
		{ "predicate": { "custom_model_data": 1 }, "model": "item/cmodels/custom/folding_chair"},
		{ "predicate": { "custom_model_data": 2 }, "model": "item/cmodels/custom/portable_barrel"},
		{ "predicate": { "custom_model_data": 3 }, "model": "item/cmodels/custom/table"},
		{ "predicate": { "custom_model_data": 4 }, "model": "item/cmodels/custom/portable_jukebox"},
		{ "predicate": { "custom_model_data": 5 }, "model": "item/cmodels/custom/closed_portable_jukebox"},
		{ "predicate": { "custom_model_data": 6 }, "model": "item/cmodels/custom/portable_jukebox_disc"}
	]
}