{
	"parent": "item/handheld",
	"textures": {
		"layer0": "item/diamond_pickaxe"
	},
	"overrides": [
		{ "predicate": { "custom_model_data": 1 }, "model": "item/cmodels/handheld/spawner_packaxe_1"},
		{ "predicate": { "custom_model_data": 2 }, "model": "item/cmodels/handheld/spawner_packaxe"},
		{ "predicate": { "custom_model_data": 3 }, "model": "item/cmodels/handheld/diamond_pick_with_furance"},
		{ "predicate": { "custom_model_data": 4 }, "model": "item/cmodels/handheld/ender_pickaxe"}
		
	]
}