{
	"parent": "item/generated",
	"textures": {
		"layer0": "item/diamond_boots"
	},
	"overrides": [
		{ "predicate": { "custom_model_data": 1 }, "model": "item/cmodels/generated/obsidian_boots"},
		{ "predicate": { "custom_model_data": 2 }, "model": "item/cmodels/generated/diamond_firework_boots"},
		{ "predicate": { "custom_model_data": 3 }, "model": "item/cmodels/generated/honey/honey_boots"},
		{ "predicate": { "custom_model_data": 4 }, "model": "item/cmodels/generated/mushroom_boots"}
	]
}