{
	"parent": "item/generated",
	"textures": {
		"layer0": "item/diamond_leggings"
	},
	"overrides": [
		{ "predicate": { "custom_model_data": 1 }, "model": "item/cmodels/generated/obsidian_leggings"},
		{ "predicate": { "custom_model_data": 2 }, "model": "item/cmodels/generated/dragon_leggings"},
		{ "predicate": { "custom_model_data": 3 }, "model": "item/cmodels/generated/honey/honey_leggings"},
		{ "predicate": { "custom_model_data": 4 }, "model": "item/cmodels/generated/gachi_leggings"},
		{ "predicate": { "custom_model_data": 5 }, "model": "item/cmodels/generated/mushroom_leggings"}
	]
}