{
	"parent": "item/generated",
	"textures": {
		"layer0": "item/diamond_chestplate"
	},
	"overrides": [
		{ "predicate": { "custom_model_data": 1 }, "model": "item/cmodels/generated/elytrachestplate"},
		{ "predicate": { "custom_model_data": 2 }, "model": "item/cmodels/generated/obsidian_chestpate"},
		{ "predicate": { "custom_model_data": 3 }, "model": "item/cmodels/generated/dragon_chestplate"},
		{ "predicate": { "custom_model_data": 4 }, "model": "item/cmodels/generated/honey/honey_chestplate"},
		{ "predicate": { "custom_model_data": 5 }, "model": "item/cmodels/generated/gachi_chestplate"},
		{ "predicate": { "custom_model_data": 6 }, "model": "item/cmodels/generated/mushroom_chestpate"}
		
	]
}