{
	"parent": "item/generated",
	"textures": {
		"layer0": "item/diamond_helmet"
	},
	"overrides": [
		{ "predicate": { "custom_model_data": 1 }, "model": "item/cmodels/generated/obsidian_helmet"},
		{ "predicate": { "custom_model_data": 2 }, "model": "item/cmodels/generated/hp_visor"},
		{ "predicate": { "custom_model_data": 3 }, "model": "item/cmodels/generated/gachi_helmet"},
		{ "predicate": { "custom_model_data": 4 }, "model": "item/cmodels/generated/mushroom_helmet"},
		{ "predicate": { "custom_model_data": 5 }, "model": "item/cmodels/generated/anonymous_mask"}
	]
}