{
	"parent": "item/handheld",
	"textures": {
		"layer0": "item/diamond_sword"
	},
	"overrides": [
		{ "predicate": { "custom_model_data": 1 }, "model": "item/cmodels/handheld/shaggotsword"},
		{ "predicate": { "custom_model_data": 2 }, "model": "item/cmodels/handheld/burning_sword"},
		{ "predicate": { "custom_model_data": 3 }, "model": "item/cmodels/handheld/vampiresword"},
		{ "predicate": { "custom_model_data": 4 }, "model": "item/cmodels/handheld/emerald_sword"},
		{ "predicate": { "custom_model_data": 5 }, "model": "item/cmodels/handheld/evoker_sword"},
		{ "predicate": { "custom_model_data": 6 }, "model": "item/cmodels/handheld/dragon_sword"},
		{ "predicate": { "custom_model_data": 7 }, "model": "item/cmodels/handheld/guardian_sword"}
	]
}