{
	"parent": "item/generated",
	"textures": {
		"layer0": "item/emerald"
	},
	"overrides": [
		{ "predicate": { "custom_model_data": 1 }, "model": "item/cmodels/gui/yes"},
		{ "predicate": { "custom_model_data": 2 }, "model": "item/cmodels/gui/yes_no"},
		{ "predicate": { "custom_model_data": 3 }, "model": "item/cmodels/gui/add"},
		{ "predicate": { "custom_model_data": 4 }, "model": "item/cmodels/gui/down_green"},
		{ "predicate": { "custom_model_data": 5 }, "model": "item/cmodels/gui/up_red"}
	]
}