{
	"parent": "item/generated",
	"textures": {
		"layer0": "block/iron_bars"
	},
	"overrides": [
		{ "predicate": { "custom_model_data": 1 }, "model": "item/cmodels/gui/fill"},
		{ "predicate": { "custom_model_data": 2 }, "model": "item/cmodels/gui/food/cheese"},
		{ "predicate": { "custom_model_data": 3 }, "model": "item/cmodels/gui/food/onion"},
		{ "predicate": { "custom_model_data": 4 }, "model": "item/cmodels/gui/food/pickle"},
		{ "predicate": { "custom_model_data": 5 }, "model": "item/cmodels/gui/food/pita"},
		{ "predicate": { "custom_model_data": 6 }, "model": "item/cmodels/gui/food/sauce"},
		{ "predicate": { "custom_model_data": 7 }, "model": "item/cmodels/gui/food/tomato"},
		{ "predicate": { "custom_model_data": 8 }, "model": "item/cmodels/gui/food/chiken"}
	]
}