{
  "parent": "item/generated",
  "textures": {
    "layer0": "item/leather_horse_armor"
  },
  "overrides": [
    {
      "predicate": {
        "custom_model_data": 1
      },
      "model": "modelengine:troll/body"
    },
    {
      "predicate": {
        "custom_model_data": 2
      },
      "model": "modelengine:troll/bone"
    },
    {
      "predicate": {
        "custom_model_data": 3
      },
      "model": "modelengine:troll/arm1"
    },
    {
      "predicate": {
        "custom_model_data": 4
      },
      "model": "modelengine:troll/arm0"
    },
    {
      "predicate": {
        "custom_model_data": 5
      },
      "model": "modelengine:troll/head"
    },
    {
      "predicate": {
        "custom_model_data": 6
      },
      "model": "modelengine:troll/leg0"
    },
    {
      "predicate": {
        "custom_model_data": 7
      },
      "model": "modelengine:troll/leg1"
    }
  ]
}