{
	"parent": "block/stone",
	"overrides": [
		{ "predicate": { "custom_model_data": 1 }, "model": "item/cmodels/block/ruby_ore"},
		{ "predicate": { "custom_model_data": 2 }, "model": "item/cmodels/block/region_block"},
		{ "predicate": { "custom_model_data": 3 }, "model": "item/cmodels/block/shaurma"},
		{ "predicate": { "custom_model_data": 4 }, "model": "item/cmodels/block/phantom_beacon"},
		{ "predicate": { "custom_model_data": 5 }, "model": "item/cmodels/block/autofarmer"},
		{ "predicate": { "custom_model_data": 6 }, "model": "item/cmodels/block/teleporter"},
		{ "predicate": { "custom_model_data": 7 }, "model": "item/cmodels/block/soda_block"},
		{ "predicate": { "custom_model_data": 8 }, "model": "item/cmodels/block/corn_preserver"}
	]
}