{
	"parent": "item/handheld",
	"textures": {
		"layer0": "item/wooden_shovel"
	},
	"overrides": [
		{ "predicate": { "custom_model_data": 1 }, "model": "item/cmodels/generated/xp_saver/1"},
		{ "predicate": { "custom_model_data": 2 }, "model": "item/cmodels/generated/xp_saver/2"},
		{ "predicate": { "custom_model_data": 3 }, "model": "item/cmodels/generated/xp_saver/3"},
		{ "predicate": { "custom_model_data": 4 }, "model": "item/cmodels/generated/xp_saver/4"},
		{ "predicate": { "custom_model_data": 5 }, "model": "item/cmodels/generated/honey/1"},
		{ "predicate": { "custom_model_data": 6 }, "model": "item/cmodels/generated/honey/2"}
	]
}