{
	"parent": "item/handheld",
	"textures": {
		"layer0": "item/wooden_sword"
	},
	"overrides": [
		{ "predicate": { "custom_model_data": 1 }, "model": "item/cmodels/generated/slimer"},
		{ "predicate": { "custom_model_data": 2 }, "model": "item/cmodels/generated/slimer_1"},
		{ "predicate": { "custom_model_data": 3 }, "model": "item/cmodels/generated/slimer_2"},
		{ "predicate": { "custom_model_data": 4 }, "model": "item/cmodels/generated/slimer_3"},
		{ "predicate": { "custom_model_data": 5 }, "model": "item/cmodels/handheld/villager_stuff"},
		{ "predicate": { "custom_model_data": 6 }, "model": "item/cmodels/handheld/ender_stuff"},
		{ "predicate": { "custom_model_data": 7 }, "model": "item/cmodels/generated/slimer_4"}
		
	]
}