{
	"format_version": "1.21.6",
	"credit": "Made with Blockbench",
	"textures": {
		"0": "item/custom/trident_0",
		"particle": "item/custom/trident_0"
	},
	"elements": [
		{
			"from": [6.5, 16, 7.5],
			"to": [7.5, 18, 8.5],
			"rotation": {"angle": 0, "axis": "y", "origin": [8, 12.75, 8]},
			"faces": {
				"north": {"uv": [11, 12.5, 11.5, 13.5], "texture": "#0"},
				"east": {"uv": [11, 12.5, 11.5, 13.5], "texture": "#0"},
				"south": {"uv": [11, 12.5, 11.5, 13.5], "texture": "#0"},
				"west": {"uv": [11, 12.5, 11.5, 13.5], "texture": "#0"},
				"up": {"uv": [10, 13, 10.5, 12.5], "texture": "#0"},
				"down": {"uv": [10, 13, 10.5, 12.5], "texture": "#0"}
			}
		},
		{
			"from": [8.5, 16, 7.5],
			"to": [9.5, 18, 8.5],
			"rotation": {"angle": 0, "axis": "y", "origin": [8, 12.75, 8]},
			"faces": {
				"north": {"uv": [10, 12.5, 10.5, 13.5], "texture": "#0"},
				"east": {"uv": [10, 12.5, 10.5, 13.5], "texture": "#0"},
				"south": {"uv": [10, 12.5, 10.5, 13.5], "texture": "#0"},
				"west": {"uv": [10, 12.5, 10.5, 13.5], "texture": "#0"},
				"up": {"uv": [10, 12.5, 10.5, 13], "texture": "#0"},
				"down": {"uv": [10, 12.5, 10.5, 13], "texture": "#0"}
			}
		},
		{
			"from": [7.5, -9, 7.5],
			"to": [8.5, 22, 8.5],
			"rotation": {"angle": 0, "axis": "y", "origin": [8, 12.75, 8]},
			"faces": {
				"north": {"uv": [11, 15.5, 10.5, 0], "texture": "#0"},
				"east": {"uv": [11, 15.5, 10.5, 0], "texture": "#0"},
				"south": {"uv": [11, 15.5, 10.5, 0], "texture": "#0"},
				"west": {"uv": [11, 15.5, 10.5, 0], "texture": "#0"},
				"up": {"uv": [11, 15, 10.5, 13.5], "texture": "#0"},
				"down": {"uv": [11, 0.5, 10.5, 0], "texture": "#0"}
			}
		},
		{
			"from": [9.5, 17, 7.5],
			"to": [10.5, 21, 8.5],
			"rotation": {"angle": 0, "axis": "y", "origin": [8, 13, 8]},
			"faces": {
				"north": {"uv": [10.5, 15, 11, 13], "texture": "#0"},
				"east": {"uv": [10.5, 15, 11, 13], "texture": "#0"},
				"south": {"uv": [10.5, 15, 11, 13], "texture": "#0"},
				"west": {"uv": [10.5, 15, 11, 13], "texture": "#0"},
				"up": {"uv": [10.5, 15, 11, 15.5], "texture": "#0"},
				"down": {"uv": [10.5, 13, 11, 13.5], "texture": "#0"}
			}
		},
		{
			"from": [5.5, 17, 7.5],
			"to": [6.5, 21, 8.5],
			"rotation": {"angle": 0, "axis": "y", "origin": [4, 13, 8]},
			"faces": {
				"north": {"uv": [10.5, 15, 11, 13], "texture": "#0"},
				"east": {"uv": [10.5, 15, 11, 13], "texture": "#0"},
				"south": {"uv": [10.5, 15, 11, 13], "texture": "#0"},
				"west": {"uv": [10.5, 15, 11, 13], "texture": "#0"},
				"up": {"uv": [10.5, 15, 11, 15.5], "texture": "#0"},
				"down": {"uv": [10.5, 13, 11, 13.5], "texture": "#0"}
			}
		}
	],
	"display": {
		"thirdperson_righthand": {
			"rotation": [0, 60, 0],
			"translation": [0, 0, 1]
		},
		"thirdperson_lefthand": {
			"rotation": [0, 60, 0],
			"translation": [0, 0, 1]
		},
		"firstperson_righthand": {
			"rotation": [0, 90, -25],
			"translation": [2.75, -2.75, 2.25]
		},
		"firstperson_lefthand": {
			"rotation": [0, 90, -25],
			"translation": [2.75, -2.75, 2.25]
		},
		"head": {
			"rotation": [90, 90, 0],
			"translation": [0, 0, -9.75]
		}
	},
	"groups": [
		{
			"name": "group",
			"origin": [8, 8, 8],
			"color": 0,
			"children": [0, 1, 2, 3, 4]
		}
	]
}