{
	"credit": "Made with Blockbench",
	"texture_size": [64, 64],
	"textures": {
		"0": "item/block/magic_table",
		"particle": "item/block/magic_table"
	},
	"elements": [
		{
			"from": [-0.25, 0, -0.25],
			"to": [16.25, 12.05, 16.25],
			"faces": {
				"north": {"uv": [4, 0, 8, 3], "texture": "#0"},
				"east": {"uv": [4, 3, 8, 6], "texture": "#0"},
				"south": {"uv": [4, 6, 8, 9], "texture": "#0"},
				"west": {"uv": [0, 8, 4, 11], "texture": "#0"},
				"up": {"uv": [4, 4, 0, 0], "texture": "#0"},
				"down": {"uv": [4, 4, 0, 8], "texture": "#0"}
			}
		},
		{
			"from": [-0.5, 5, -0.5],
			"to": [16.5, 12.15, 16.5],
			"rotation": {"angle": 0, "axis": "y", "origin": [8, 12.075, 8]},
			"faces": {
				"north": {"uv": [8.5, 0, 15.5, 2.7875], "texture": "#0"},
				"east": {"uv": [8.5, 0, 15.5, 2.7875], "texture": "#0"},
				"south": {"uv": [8.5, 0, 15.5, 2.7875], "texture": "#0"},
				"west": {"uv": [8.5, 0, 15.5, 2.7875], "texture": "#0"},
				"up": {"uv": [9, 9.75, 16, 16], "texture": "#0"},
				"down": {"uv": [9, 9.75, 16, 16], "texture": "#0"}
			}
		}
	],
	"display": {
		"thirdperson_righthand": {
			"rotation": [73.01, 45.5, -0.07],
			"translation": [-0.25, 1.75, 0.25],
			"scale": [0.45, 0.45, 0.45]
		},
		"thirdperson_lefthand": {
			"rotation": [73.01, 45.5, -0.07],
			"translation": [-0.25, 1.75, 0.25],
			"scale": [0.45, 0.45, 0.45]
		},
		"firstperson_righthand": {
			"rotation": [-7.25, 48.75, 0],
			"translation": [3, -1.75, -3.5],
			"scale": [0.45, 0.45, 0.45]
		},
		"firstperson_lefthand": {
			"rotation": [-7.25, 48.75, 0],
			"translation": [3, -1.75, -3.5],
			"scale": [0.45, 0.45, 0.45]
		},
		"ground": {
			"translation": [0, 1.5, 0],
			"scale": [0.25, 0.25, 0.25]
		},
		"gui": {
			"rotation": [33.25, 39.25, 0],
			"translation": [0, 0.5, -80],
			"scale": [0.6, 0.6, 0.6]
		},
		"head": {
			"translation": [0, -30.5, 0],
			"scale": [1.6, 1.6, 1.6]
		},
		"fixed": {
			"scale": [0.45, 0.45, 0.45]
		}
	}
}