{
	"credit": "Made with Blockbench",
	"texture_size": [128, 128],
	"textures": {
		"0": "item/pomp",
		"particle": "item/pomp"
	},
	"elements": [
		{
			"from": [12, -5, 10],
			"to": [16, -1, 14],
			"rotation": {"angle": 0, "axis": "y", "origin": [0, -9, 0]},
			"faces": {
				"north": {"uv": [5.5, 5.5, 6, 6], "texture": "#0"},
				"east": {"uv": [6, 0, 6.5, 0.5], "texture": "#0"},
				"south": {"uv": [6, 0.5, 6.5, 1], "texture": "#0"},
				"west": {"uv": [6, 1, 6.5, 1.5], "texture": "#0"},
				"up": {"uv": [6.5, 2, 6, 1.5], "texture": "#0"},
				"down": {"uv": [6.5, 2, 6, 2.5], "texture": "#0"}
			}
		},
		{
			"from": [12, -5, 2],
			"to": [16, -1, 6],
			"rotation": {"angle": 0, "axis": "y", "origin": [0, -9, 0]},
			"faces": {
				"north": {"uv": [5.5, 5.5, 6, 6], "texture": "#0"},
				"east": {"uv": [6, 0, 6.5, 0.5], "texture": "#0"},
				"south": {"uv": [6, 0.5, 6.5, 1], "texture": "#0"},
				"west": {"uv": [6, 1, 6.5, 1.5], "texture": "#0"},
				"up": {"uv": [6.5, 2, 6, 1.5], "texture": "#0"},
				"down": {"uv": [6.5, 2, 6, 2.5], "texture": "#0"}
			}
		},
		{
			"from": [0, -5, 2],
			"to": [4, -1, 6],
			"rotation": {"angle": 0, "axis": "y", "origin": [0, -9, 0]},
			"faces": {
				"north": {"uv": [5.5, 5.5, 6, 6], "texture": "#0"},
				"east": {"uv": [6, 0, 6.5, 0.5], "texture": "#0"},
				"south": {"uv": [6, 0.5, 6.5, 1], "texture": "#0"},
				"west": {"uv": [6, 1, 6.5, 1.5], "texture": "#0"},
				"up": {"uv": [6.5, 2, 6, 1.5], "texture": "#0"},
				"down": {"uv": [6.5, 2, 6, 2.5], "texture": "#0"}
			}
		},
		{
			"from": [0, -5, 10],
			"to": [4, -1, 14],
			"rotation": {"angle": 0, "axis": "y", "origin": [0, -9, 0]},
			"faces": {
				"north": {"uv": [5.5, 5.5, 6, 6], "texture": "#0"},
				"east": {"uv": [6, 0, 6.5, 0.5], "texture": "#0"},
				"south": {"uv": [6, 0.5, 6.5, 1], "texture": "#0"},
				"west": {"uv": [6, 1, 6.5, 1.5], "texture": "#0"},
				"up": {"uv": [6.5, 2, 6, 1.5], "texture": "#0"},
				"down": {"uv": [6.5, 2, 6, 2.5], "texture": "#0"}
			}
		},
		{
			"from": [13, -8, 12],
			"to": [17, -5, 16],
			"rotation": {"angle": 0, "axis": "y", "origin": [0, -9, 0]},
			"faces": {
				"north": {"uv": [6.625, 4.875, 7.125, 5.25], "texture": "#0"},
				"east": {"uv": [5, 6.625, 5.5, 7], "texture": "#0"},
				"south": {"uv": [6.625, 5.25, 7.125, 5.625], "texture": "#0"},
				"west": {"uv": [6.625, 5.625, 7.125, 6], "texture": "#0"},
				"up": {"uv": [7, 0.5, 6.5, 0], "texture": "#0"},
				"down": {"uv": [7, 0.5, 6.5, 1], "texture": "#0"}
			}
		},
		{
			"from": [13, -8, 0],
			"to": [17, -5, 4],
			"rotation": {"angle": 0, "axis": "y", "origin": [0, -9, 0]},
			"faces": {
				"north": {"uv": [6.625, 4.875, 7.125, 5.25], "texture": "#0"},
				"east": {"uv": [5, 6.625, 5.5, 7], "texture": "#0"},
				"south": {"uv": [6.625, 5.25, 7.125, 5.625], "texture": "#0"},
				"west": {"uv": [6.625, 5.625, 7.125, 6], "texture": "#0"},
				"up": {"uv": [7, 0.5, 6.5, 0], "texture": "#0"},
				"down": {"uv": [7, 0.5, 6.5, 1], "texture": "#0"}
			}
		},
		{
			"from": [-1, -8, 0],
			"to": [3, -5, 4],
			"rotation": {"angle": 0, "axis": "y", "origin": [0, -9, 0]},
			"faces": {
				"north": {"uv": [6.625, 4.875, 7.125, 5.25], "texture": "#0"},
				"east": {"uv": [5, 6.625, 5.5, 7], "texture": "#0"},
				"south": {"uv": [6.625, 5.25, 7.125, 5.625], "texture": "#0"},
				"west": {"uv": [6.625, 5.625, 7.125, 6], "texture": "#0"},
				"up": {"uv": [7, 0.5, 6.5, 0], "texture": "#0"},
				"down": {"uv": [7, 0.5, 6.5, 1], "texture": "#0"}
			}
		},
		{
			"from": [-1, -8, 12],
			"to": [3, -5, 16],
			"rotation": {"angle": 0, "axis": "y", "origin": [0, -9, 0]},
			"faces": {
				"north": {"uv": [6.625, 4.875, 7.125, 5.25], "texture": "#0"},
				"east": {"uv": [5, 6.625, 5.5, 7], "texture": "#0"},
				"south": {"uv": [6.625, 5.25, 7.125, 5.625], "texture": "#0"},
				"west": {"uv": [6.625, 5.625, 7.125, 6], "texture": "#0"},
				"up": {"uv": [7, 0.5, 6.5, 0], "texture": "#0"},
				"down": {"uv": [7, 0.5, 6.5, 1], "texture": "#0"}
			}
		},
		{
			"from": [12, -9, -1],
			"to": [18, -7, 5],
			"rotation": {"angle": 0, "axis": "y", "origin": [0, -9, 0]},
			"faces": {
				"north": {"uv": [6.625, 4.625, 7.375, 4.75], "texture": "#0"},
				"east": {"uv": [6.625, 6, 7.375, 6.125], "texture": "#0"},
				"south": {"uv": [6.625, 6.125, 7.375, 6.25], "texture": "#0"},
				"west": {"uv": [6.625, 6.25, 7.375, 6.375], "texture": "#0"},
				"up": {"uv": [4.75, 4.75, 4, 4], "texture": "#0"},
				"down": {"uv": [4.75, 4.75, 4, 5.5], "texture": "#0"}
			}
		},
		{
			"from": [-2, -9, -1],
			"to": [4, -7, 5],
			"rotation": {"angle": 0, "axis": "y", "origin": [0, -9, 0]},
			"faces": {
				"north": {"uv": [6.375, 6.625, 7.125, 6.75], "texture": "#0"},
				"east": {"uv": [6.625, 6.375, 7.375, 6.5], "texture": "#0"},
				"south": {"uv": [6.625, 6.5, 7.375, 6.625], "texture": "#0"},
				"west": {"uv": [0, 6.75, 0.75, 6.875], "texture": "#0"},
				"up": {"uv": [5.5, 4.75, 4.75, 4], "texture": "#0"},
				"down": {"uv": [5.5, 4.75, 4.75, 5.5], "texture": "#0"}
			}
		},
		{
			"from": [12, -9, 11],
			"to": [18, -7, 17],
			"rotation": {"angle": 0, "axis": "y", "origin": [0, -9, 0]},
			"faces": {
				"north": {"uv": [0, 6.875, 0.75, 7], "texture": "#0"},
				"east": {"uv": [0.75, 6.875, 1.5, 7], "texture": "#0"},
				"south": {"uv": [1.5, 6.875, 2.25, 7], "texture": "#0"},
				"west": {"uv": [2.25, 6.875, 3, 7], "texture": "#0"},
				"up": {"uv": [2.25, 6.25, 1.5, 5.5], "texture": "#0"},
				"down": {"uv": [3, 5.5, 2.25, 6.25], "texture": "#0"}
			}
		},
		{
			"from": [-2, -9, 11],
			"to": [4, -7, 17],
			"rotation": {"angle": 0, "axis": "y", "origin": [0, -9, 0]},
			"faces": {
				"north": {"uv": [0.75, 6.75, 1.5, 6.875], "texture": "#0"},
				"east": {"uv": [1.5, 6.75, 2.25, 6.875], "texture": "#0"},
				"south": {"uv": [2.25, 6.75, 3, 6.875], "texture": "#0"},
				"west": {"uv": [6.375, 6.75, 7.125, 6.875], "texture": "#0"},
				"up": {"uv": [0.75, 6.25, 0, 5.5], "texture": "#0"},
				"down": {"uv": [1.5, 5.5, 0.75, 6.25], "texture": "#0"}
			}
		},
		{
			"from": [7, 0, 1],
			"to": [17, 18.1, 15],
			"rotation": {"angle": 0, "axis": "y", "origin": [0, -9, 0]},
			"faces": {
				"north": {"uv": [0, 0, 2, 2.75], "texture": "#0"},
				"east": {"uv": [2, 0, 4, 2.75], "texture": "#0"},
				"south": {"uv": [0, 2.75, 2, 5.5], "texture": "#0"},
				"west": {"uv": [2, 2.75, 4, 5.5], "texture": "#0"},
				"up": {"uv": [6, 2, 4, 0], "texture": "#0"},
				"down": {"uv": [6, 2, 4, 4], "texture": "#0"}
			}
		},
		{
			"from": [6, 0, 1],
			"to": [7, 18.1, 2],
			"rotation": {"angle": 0, "axis": "y", "origin": [0, -9, 0]},
			"faces": {
				"north": {"uv": [3, 5.5, 3.125, 8.25], "texture": "#0"},
				"east": {"uv": [3.125, 5.5, 3.25, 8.25], "texture": "#0"},
				"south": {"uv": [3.25, 5.5, 3.375, 8.25], "texture": "#0"},
				"west": {"uv": [3.375, 5.5, 3.5, 8.25], "texture": "#0"},
				"up": {"uv": [6.5, 6.625, 6.375, 6.5], "texture": "#0"},
				"down": {"uv": [5.625, 6.625, 5.5, 6.75], "texture": "#0"}
			}
		},
		{
			"from": [6, 0, 14],
			"to": [7, 18.1, 15],
			"rotation": {"angle": 0, "axis": "y", "origin": [0, -9, 0]},
			"faces": {
				"north": {"uv": [3.5, 5.5, 3.625, 8.25], "texture": "#0"},
				"east": {"uv": [3.625, 5.5, 3.75, 8.25], "texture": "#0"},
				"south": {"uv": [3.75, 5.5, 3.875, 8.25], "texture": "#0"},
				"west": {"uv": [3.875, 5.5, 4, 8.25], "texture": "#0"},
				"up": {"uv": [5.75, 6.75, 5.625, 6.625], "texture": "#0"},
				"down": {"uv": [5.625, 6.75, 5.5, 6.875], "texture": "#0"}
			}
		},
		{
			"from": [6, 17, 2],
			"to": [7, 18.1, 14],
			"rotation": {"angle": 0, "axis": "y", "origin": [0, -9, 0]},
			"faces": {
				"north": {"uv": [5.625, 6.75, 5.75, 6.875], "texture": "#0"},
				"east": {"uv": [6.5, 1, 8.25, 1.125], "texture": "#0"},
				"south": {"uv": [5.5, 6.875, 5.625, 7], "texture": "#0"},
				"west": {"uv": [6.5, 1.125, 8.25, 1.25], "texture": "#0"},
				"up": {"uv": [6.625, 3, 6.5, 1.25], "texture": "#0"},
				"down": {"uv": [6.625, 3, 6.5, 4.75], "texture": "#0"}
			}
		},
		{
			"from": [0, -1, 4],
			"to": [16, 0, 12],
			"rotation": {"angle": 0, "axis": "y", "origin": [0, -9, 0]},
			"faces": {
				"north": {"uv": [2.375, 3.21875, 3.9375, 3.32813], "texture": "#0"},
				"east": {"uv": [2.375, 3.21875, 3.74219, 3.32813], "texture": "#0"},
				"south": {"uv": [2.375, 3.21875, 3.9375, 3.32813], "texture": "#0"},
				"west": {"uv": [2.375, 3.21875, 3.74219, 3.32813], "texture": "#0"},
				"up": {"uv": [2.375, 3.21875, 3.9375, 4.75], "texture": "#0"},
				"down": {"uv": [2.375, 3.21875, 3.9375, 4.75], "texture": "#0"}
			}
		},
		{
			"from": [6, -1, 1],
			"to": [17, 0, 2],
			"rotation": {"angle": 0, "axis": "y", "origin": [0, -9, 0]},
			"faces": {
				"north": {"uv": [1.59375, 5.6875, 2.96875, 5.8125], "texture": "#0"},
				"east": {"uv": [1.59375, 5.6875, 1.71875, 5.8125], "texture": "#0"},
				"south": {"uv": [1.59375, 5.6875, 2.96875, 5.8125], "texture": "#0"},
				"west": {"uv": [1.59375, 5.6875, 1.71875, 5.8125], "texture": "#0"},
				"up": {"uv": [1.59375, 5.6875, 2.96875, 5.8125], "texture": "#0"},
				"down": {"uv": [1.59375, 5.6875, 2.96875, 5.8125], "texture": "#0"}
			}
		},
		{
			"from": [6, -1, 14],
			"to": [17, 0, 15],
			"rotation": {"angle": 0, "axis": "y", "origin": [0, -9, 0]},
			"faces": {
				"north": {"uv": [1.59375, 5.6875, 2.96875, 5.8125], "texture": "#0"},
				"east": {"uv": [1.59375, 5.6875, 1.71875, 5.8125], "texture": "#0"},
				"south": {"uv": [1.59375, 5.6875, 2.96875, 5.8125], "texture": "#0"},
				"west": {"uv": [1.59375, 5.6875, 1.71875, 5.8125], "texture": "#0"},
				"up": {"uv": [1.59375, 5.6875, 2.96875, 5.8125], "texture": "#0"},
				"down": {"uv": [1.59375, 5.6875, 2.96875, 5.8125], "texture": "#0"}
			}
		},
		{
			"from": [16, -1, 2],
			"to": [17, 0, 14],
			"rotation": {"angle": 0, "axis": "y", "origin": [0, -9, 0]},
			"faces": {
				"north": {"uv": [3.25, 6, 3.26042, 6.125], "texture": "#0"},
				"east": {"uv": [3.25, 6, 3.375, 6.125], "texture": "#0"},
				"south": {"uv": [3.25, 6, 3.26042, 6.125], "texture": "#0"},
				"west": {"uv": [3.25, 6, 3.375, 6.125], "texture": "#0"},
				"up": {"uv": [3.25, 6, 3.26042, 7.5], "texture": "#0"},
				"down": {"uv": [3.25, 6, 3.26042, 7.5], "texture": "#0"}
			}
		},
		{
			"from": [3, 5, 5.5],
			"to": [6, 7, 7.5],
			"rotation": {"angle": 22.5, "axis": "y", "origin": [0, -9, 0]},
			"faces": {
				"north": {"uv": [2.625, 3.34375, 3, 3.59375], "texture": "#0"},
				"east": {"uv": [2.625, 3.34375, 2.875, 3.59375], "texture": "#0"},
				"south": {"uv": [2.625, 3.34375, 3, 3.59375], "texture": "#0"},
				"west": {"uv": [2.625, 3.34375, 2.875, 3.59375], "texture": "#0"},
				"up": {"uv": [2.625, 3.34375, 3, 3.59375], "texture": "#0"},
				"down": {"uv": [2.625, 3.34375, 3, 3.59375], "texture": "#0"}
			}
		},
		{
			"from": [0, 0, 3.9],
			"to": [7, 10, 12.1],
			"rotation": {"angle": 0, "axis": "y", "origin": [0, -9, 0]},
			"faces": {
				"north": {"uv": [15, 0, 15.875, 1.25], "texture": "#0"},
				"east": {"uv": [15, 0, 16, 1.25], "texture": "#0"},
				"south": {"uv": [15.125, 0, 16, 1.25], "texture": "#0"},
				"west": {"uv": [15, 0, 16, 1.25], "texture": "#0"},
				"up": {"uv": [2.3125, 3.46875, 3.5, 4.9375], "texture": "#0"},
				"down": {"uv": [15.125, 0, 16, 1], "texture": "#0"}
			}
		},
		{
			"from": [7, 5, 4],
			"to": [15, 9, 12],
			"rotation": {"angle": 22.5, "axis": "z", "origin": [0, -9, 0]},
			"faces": {
				"north": {"uv": [11.90625, 13.34375, 12.90625, 13.84375], "texture": "#0"},
				"east": {"uv": [13.375, 12.9375, 14.375, 13.4375], "texture": "#0"},
				"south": {"uv": [14.15625, 14.1875, 15.15625, 14.6875], "texture": "#0"},
				"west": {"uv": [12.71875, 14.34375, 13.71875, 14.84375], "texture": "#0"},
				"up": {"uv": [15, 15, 16, 16], "texture": "#0"},
				"down": {"uv": [15, 15, 16, 16], "texture": "#0"}
			}
		},
		{
			"from": [8, 5, 7.5],
			"to": [11, 7, 9.5],
			"rotation": {"angle": -22.5, "axis": "y", "origin": [0, -9, 0]},
			"faces": {
				"north": {"uv": [2.875, 3.53125, 3.25, 3.78125], "texture": "#0"},
				"east": {"uv": [2.875, 3.53125, 3.125, 3.78125], "texture": "#0"},
				"south": {"uv": [2.875, 3.5, 3.25, 3.75], "texture": "#0"},
				"west": {"uv": [2.875, 3.53125, 3.125, 3.78125], "texture": "#0"},
				"up": {"uv": [2.875, 3.53125, 3.25, 3.78125], "texture": "#0"},
				"down": {"uv": [2.875, 3.53125, 3.25, 3.78125], "texture": "#0"}
			}
		},
		{
			"from": [8, 2, 7.5],
			"to": [11, 4, 9.5],
			"rotation": {"angle": -22.5, "axis": "y", "origin": [0, -9, 0]},
			"faces": {
				"north": {"uv": [2.78125, 3.84375, 3.15625, 4.09375], "texture": "#0"},
				"east": {"uv": [2.78125, 3.84375, 3.03125, 4.09375], "texture": "#0"},
				"south": {"uv": [2.78125, 3.84375, 3.15625, 4.09375], "texture": "#0"},
				"west": {"uv": [2.78125, 3.84375, 3.03125, 4.09375], "texture": "#0"},
				"up": {"uv": [2.78125, 3.84375, 3.15625, 4.09375], "texture": "#0"},
				"down": {"uv": [2.78125, 3.84375, 3.15625, 4.09375], "texture": "#0"}
			}
		},
		{
			"from": [3, 2, 5.5],
			"to": [6, 4, 7.5],
			"rotation": {"angle": 22.5, "axis": "y", "origin": [0, -9, 0]},
			"faces": {
				"north": {"uv": [2.5625, 3.8125, 2.9375, 4.0625], "texture": "#0"},
				"east": {"uv": [2.5625, 3.8125, 2.8125, 4.0625], "texture": "#0"},
				"south": {"uv": [2.5625, 3.8125, 2.9375, 4.0625], "texture": "#0"},
				"west": {"uv": [2.5625, 3.8125, 2.8125, 4.0625], "texture": "#0"},
				"up": {"uv": [2.5625, 3.8125, 2.9375, 4.0625], "texture": "#0"},
				"down": {"uv": [2.5625, 3.8125, 2.9375, 4.0625], "texture": "#0"}
			}
		},
		{
			"from": [-1, 1, 6],
			"to": [0, 6, 10],
			"rotation": {"angle": 0, "axis": "y", "origin": [0, -9, 0]},
			"faces": {
				"north": {"uv": [15.28125, 8.5625, 15.34375, 9.1875], "texture": "#0"},
				"east": {"uv": [15.0625, 5.1875, 15.5625, 5.8125], "texture": "#0"},
				"south": {"uv": [13.40625, 9.125, 13.46875, 9.75], "texture": "#0"},
				"west": {"uv": [13.96875, 6.8125, 14.46875, 7.4375], "texture": "#0"},
				"up": {"uv": [15.28125, 7.03125, 15.34375, 7.53125], "texture": "#0"},
				"down": {"uv": [13.75, 5.03125, 13.8125, 5.53125], "texture": "#0"}
			}
		},
		{
			"from": [12, -12, 6],
			"to": [13, -1, 10],
			"faces": {
				"north": {"uv": [9.125, 3.875, 9.5625, 4.5625], "texture": "#0"},
				"east": {"uv": [9.25, 3.9375, 9.75, 4.1875], "texture": "#0"},
				"south": {"uv": [9.25, 4.125, 9.875, 4.6875], "texture": "#0"},
				"west": {"uv": [13.9375, 0.1875, 14.4375, 0.4375], "texture": "#0"},
				"up": {"uv": [9.25, 3.9375, 9.375, 4.4375], "texture": "#0"},
				"down": {"uv": [9.25, 3.9375, 9.375, 4.4375], "texture": "#0"}
			}
		},
		{
			"from": [10, -12, 9],
			"to": [12, -1, 10],
			"faces": {
				"north": {"uv": [13.6875, 0, 14.65625, 0.875], "texture": "#0"},
				"east": {"uv": [13.9375, 0.03125, 14.59375, 0.5], "texture": "#0"},
				"south": {"uv": [9.34375, 4.0625, 9.59375, 4.3125], "texture": "#0"},
				"west": {"uv": [14, 0, 14.65625, 0.53125], "texture": "#0"},
				"up": {"uv": [9.34375, 4.0625, 9.59375, 4.1875], "texture": "#0"},
				"down": {"uv": [9.34375, 4.0625, 9.59375, 4.1875], "texture": "#0"}
			}
		},
		{
			"from": [10, -12, 6],
			"to": [12, -1, 7],
			"faces": {
				"north": {"uv": [9.34375, 4.0625, 9.59375, 4.3125], "texture": "#0"},
				"east": {"uv": [14.125, 0, 14.78125, 0.59375], "texture": "#0"},
				"south": {"uv": [14.34375, 0.28125, 14.59375, 0.53125], "texture": "#0"},
				"west": {"uv": [14.03125, 0, 14.65625, 0.875], "texture": "#0"},
				"up": {"uv": [9.34375, 4.0625, 9.59375, 4.1875], "texture": "#0"},
				"down": {"uv": [9.34375, 4.0625, 9.59375, 4.1875], "texture": "#0"}
			}
		},
		{
			"from": [9, -12, 6],
			"to": [10, -1, 10],
			"faces": {
				"north": {"uv": [9.125, 3.875, 9.78125, 4.78125], "texture": "#0"},
				"east": {"uv": [14.1875, 0.21875, 14.5625, 0.46875], "texture": "#0"},
				"south": {"uv": [9.15625, 3.65625, 10, 4.65625], "texture": "#0"},
				"west": {"uv": [9.25, 3.9375, 9.75, 4.1875], "texture": "#0"},
				"up": {"uv": [9.25, 3.9375, 9.375, 4.4375], "texture": "#0"},
				"down": {"uv": [9.25, 3.9375, 9.375, 4.4375], "texture": "#0"}
			}
		},
		{
			"from": [10, -12, 7],
			"to": [12, -1, 9],
			"rotation": {"angle": 0, "axis": "z", "origin": [25, -6.5, 8]},
			"faces": {
				"north": {"uv": [10.40625, 3.75, 10.65625, 5.125], "rotation": 180, "texture": "#0"},
				"east": {"uv": [10.40625, 3.75, 10.65625, 5.125], "rotation": 180, "texture": "#0"},
				"south": {"uv": [10.40625, 3.75, 10.65625, 5.125], "rotation": 180, "texture": "#0"},
				"west": {"uv": [10.40625, 3.75, 10.65625, 5.125], "rotation": 180, "texture": "#0"},
				"up": {"uv": [9.6875, 3.71875, 9.9375, 3.96875], "rotation": 180, "texture": "#0"},
				"down": {"uv": [9.625, 4.03125, 9.875, 4.28125], "rotation": 180, "texture": "#0"}
			}
		},
		{
			"from": [10.575, 19.5, 2.85],
			"to": [13.375, 20, 5.65],
			"faces": {
				"north": {"uv": [11.21875, 1.6875, 11.56875, 1.75], "texture": "#0"},
				"east": {"uv": [11.21875, 1.6875, 11.56875, 1.75], "texture": "#0"},
				"south": {"uv": [11.21875, 1.6875, 11.56875, 1.75], "texture": "#0"},
				"west": {"uv": [11.21875, 1.6875, 11.56875, 1.75], "texture": "#0"},
				"up": {"uv": [11.21875, 1.6875, 11.56875, 2.0375], "texture": "#0"},
				"down": {"uv": [11.21875, 1.6875, 11.56875, 2.0375], "texture": "#0"}
			}
		},
		{
			"from": [10.777, 20, 3.05],
			"to": [13.177, 20.5, 5.45],
			"faces": {
				"north": {"uv": [14.09375, 2.5625, 14.39375, 2.625], "texture": "#0"},
				"east": {"uv": [14.09375, 2.5625, 14.39375, 2.625], "texture": "#0"},
				"south": {"uv": [14.09375, 2.5625, 14.39375, 2.625], "texture": "#0"},
				"west": {"uv": [14.09375, 2.5625, 14.39375, 2.625], "texture": "#0"},
				"up": {"uv": [14.09375, 2.5625, 14.39375, 2.8625], "texture": "#0"},
				"down": {"uv": [14.09375, 2.5625, 14.39375, 2.8625], "texture": "#0"}
			}
		},
		{
			"from": [10.575, 22.5, 2.85],
			"to": [13.375, 23, 5.65],
			"faces": {
				"north": {"uv": [10.71875, 1.375, 11.06875, 1.4375], "texture": "#0"},
				"east": {"uv": [10.71875, 1.375, 11.06875, 1.4375], "texture": "#0"},
				"south": {"uv": [10.71875, 1.375, 11.06875, 1.4375], "texture": "#0"},
				"west": {"uv": [10.71875, 1.375, 11.06875, 1.4375], "texture": "#0"},
				"up": {"uv": [10.71875, 1.375, 11.06875, 1.725], "texture": "#0"},
				"down": {"uv": [10.71875, 1.375, 11.06875, 1.725], "texture": "#0"}
			}
		},
		{
			"from": [10.777, 24, 3.05],
			"to": [13.177, 24.5, 5.45],
			"faces": {
				"north": {"uv": [14.09375, 2.5625, 14.39375, 2.625], "texture": "#0"},
				"east": {"uv": [14.09375, 2.5625, 14.39375, 2.625], "texture": "#0"},
				"south": {"uv": [14.09375, 2.5625, 14.39375, 2.625], "texture": "#0"},
				"west": {"uv": [14.09375, 2.5625, 14.39375, 2.625], "texture": "#0"},
				"up": {"uv": [14.09375, 2.5625, 14.39375, 2.8625], "texture": "#0"},
				"down": {"uv": [14.09375, 2.5625, 14.39375, 2.8625], "texture": "#0"}
			}
		},
		{
			"from": [10.575, 24.5, 2.85],
			"to": [13.375, 25, 5.65],
			"faces": {
				"north": {"uv": [10.53125, 0.8125, 10.88125, 0.875], "texture": "#0"},
				"east": {"uv": [10.53125, 0.8125, 10.88125, 0.875], "texture": "#0"},
				"south": {"uv": [10.53125, 0.8125, 10.88125, 0.875], "texture": "#0"},
				"west": {"uv": [10.53125, 0.8125, 10.88125, 0.875], "texture": "#0"},
				"up": {"uv": [10.53125, 0.8125, 10.88125, 1.1625], "texture": "#0"},
				"down": {"uv": [10.53125, 0.8125, 10.88125, 1.1625], "texture": "#0"}
			}
		},
		{
			"from": [10.575, 23.5, 2.85],
			"to": [13.375, 24, 5.65],
			"faces": {
				"north": {"uv": [10.40625, 1.375, 10.75625, 1.4375], "texture": "#0"},
				"east": {"uv": [10.40625, 1.375, 10.75625, 1.4375], "texture": "#0"},
				"south": {"uv": [10.40625, 1.375, 10.75625, 1.4375], "texture": "#0"},
				"west": {"uv": [10.40625, 1.375, 10.75625, 1.4375], "texture": "#0"},
				"up": {"uv": [10.40625, 1.375, 10.75625, 1.725], "texture": "#0"},
				"down": {"uv": [10.40625, 1.375, 10.75625, 1.725], "texture": "#0"}
			}
		},
		{
			"from": [10.777, 23, 3.05],
			"to": [13.177, 23.5, 5.45],
			"faces": {
				"north": {"uv": [14.09375, 2.5625, 14.39375, 2.625], "texture": "#0"},
				"east": {"uv": [14.09375, 2.5625, 14.39375, 2.625], "texture": "#0"},
				"south": {"uv": [14.09375, 2.5625, 14.39375, 2.625], "texture": "#0"},
				"west": {"uv": [14.09375, 2.5625, 14.39375, 2.625], "texture": "#0"},
				"up": {"uv": [14.09375, 2.5625, 14.39375, 2.8625], "texture": "#0"},
				"down": {"uv": [14.09375, 2.5625, 14.39375, 2.8625], "texture": "#0"}
			}
		},
		{
			"from": [10.575, 20.5, 2.85],
			"to": [13.375, 21, 5.65],
			"faces": {
				"north": {"uv": [10.78125, 0.65625, 11.13125, 0.71875], "texture": "#0"},
				"east": {"uv": [10.78125, 0.65625, 11.13125, 0.71875], "texture": "#0"},
				"south": {"uv": [10.78125, 0.65625, 11.13125, 0.71875], "texture": "#0"},
				"west": {"uv": [10.78125, 0.65625, 11.13125, 0.71875], "texture": "#0"},
				"up": {"uv": [10.78125, 0.65625, 11.13125, 1.00625], "texture": "#0"},
				"down": {"uv": [10.78125, 0.65625, 11.13125, 1.00625], "texture": "#0"}
			}
		},
		{
			"from": [10.777, 21, 3.05],
			"to": [13.177, 21.5, 5.45],
			"faces": {
				"north": {"uv": [14.09375, 2.5625, 14.39375, 2.625], "texture": "#0"},
				"east": {"uv": [14.09375, 2.5625, 14.39375, 2.625], "texture": "#0"},
				"south": {"uv": [14.09375, 2.5625, 14.39375, 2.625], "texture": "#0"},
				"west": {"uv": [14.09375, 2.5625, 14.39375, 2.625], "texture": "#0"},
				"up": {"uv": [14.09375, 2.5625, 14.39375, 2.8625], "texture": "#0"},
				"down": {"uv": [14.09375, 2.5625, 14.39375, 2.8625], "texture": "#0"}
			}
		},
		{
			"from": [10.575, 21.5, 2.85],
			"to": [13.375, 22, 5.65],
			"faces": {
				"north": {"uv": [11.125, 1.4375, 11.475, 1.5], "texture": "#0"},
				"east": {"uv": [11.125, 1.4375, 11.475, 1.5], "texture": "#0"},
				"south": {"uv": [11.125, 1.4375, 11.475, 1.5], "texture": "#0"},
				"west": {"uv": [11.125, 1.4375, 11.475, 1.5], "texture": "#0"},
				"up": {"uv": [11.125, 1.4375, 11.475, 1.7875], "texture": "#0"},
				"down": {"uv": [11.125, 1.4375, 11.475, 1.7875], "texture": "#0"}
			}
		},
		{
			"from": [10.777, 22, 3.05],
			"to": [13.177, 22.5, 5.45],
			"faces": {
				"north": {"uv": [14.09375, 2.5625, 14.39375, 2.625], "texture": "#0"},
				"east": {"uv": [14.09375, 2.5625, 14.39375, 2.625], "texture": "#0"},
				"south": {"uv": [14.09375, 2.5625, 14.39375, 2.625], "texture": "#0"},
				"west": {"uv": [14.09375, 2.5625, 14.39375, 2.625], "texture": "#0"},
				"up": {"uv": [14.09375, 2.5625, 14.39375, 2.8625], "texture": "#0"},
				"down": {"uv": [14.09375, 2.5625, 14.39375, 2.8625], "texture": "#0"}
			}
		},
		{
			"from": [8, 18.1, 0.5],
			"to": [16, 19.1, 15.5],
			"faces": {
				"north": {"uv": [2.96875, 5.59375, 3.96875, 5.71875], "texture": "#0"},
				"east": {"uv": [1.125, 5.71875, 3, 5.84375], "texture": "#0"},
				"south": {"uv": [3, 5.59375, 4, 5.71875], "texture": "#0"},
				"west": {"uv": [1.6875, 5.53125, 3.5625, 5.65625], "texture": "#0"},
				"up": {"uv": [3, 5.59375, 4, 7.46875], "texture": "#0"},
				"down": {"uv": [3, 6.1875, 4, 8.0625], "texture": "#0"}
			}
		},
		{
			"from": [11.5, 25, 6.5],
			"to": [12.5, 28, 9.5],
			"faces": {
				"north": {"uv": [2.625, 4.625, 2.90625, 3.8125], "texture": "#0"},
				"east": {"uv": [2.625, 4.625, 3.28125, 3.8125], "texture": "#0"},
				"south": {"uv": [2.625, 4.625, 2.90625, 3.8125], "texture": "#0"},
				"west": {"uv": [2.6875, 4.59375, 3.34375, 3.78125], "texture": "#0"},
				"up": {"uv": [2.625, 4.625, 2.90625, 3.8125], "texture": "#0"},
				"down": {"uv": [2.625, 4.625, 2.90625, 3.8125], "texture": "#0"}
			}
		},
		{
			"from": [8, 19.1, 14.5],
			"to": [16, 19.6, 15.5],
			"faces": {
				"north": {"uv": [2.46875, 4.25, 3.46875, 4.4375], "texture": "#0"},
				"east": {"uv": [0.40625, 5.5, 0.53125, 5.5625], "texture": "#0"},
				"south": {"uv": [0.40625, 5.5, 1.40625, 5.5625], "texture": "#0"},
				"west": {"uv": [0.40625, 5.5, 0.53125, 5.5625], "texture": "#0"},
				"up": {"uv": [0.40625, 5.5, 1.40625, 5.625], "texture": "#0"},
				"down": {"uv": [0.40625, 5.5, 1.40625, 5.625], "texture": "#0"}
			}
		},
		{
			"from": [8, 19.1, 0.5],
			"to": [16, 19.6, 1.5],
			"faces": {
				"north": {"uv": [0.40625, 5.71875, 1.40625, 5.78125], "texture": "#0"},
				"east": {"uv": [0.40625, 5.71875, 0.53125, 5.78125], "texture": "#0"},
				"south": {"uv": [2.53125, 4, 3.53125, 4.21875], "texture": "#0"},
				"west": {"uv": [0.40625, 5.71875, 0.53125, 5.78125], "texture": "#0"},
				"up": {"uv": [0.40625, 5.71875, 1.40625, 5.84375], "texture": "#0"},
				"down": {"uv": [0.40625, 5.71875, 1.40625, 5.84375], "texture": "#0"}
			}
		},
		{
			"from": [11.5, 25, 11.35],
			"to": [12.5, 27.3, 12.35],
			"faces": {
				"north": {"uv": [15.25, 14.71875, 15.375, 14.84375], "texture": "#0"},
				"east": {"uv": [15.25, 14.71875, 15.375, 14.84375], "texture": "#0"},
				"south": {"uv": [15.25, 14.71875, 15.375, 14.84375], "texture": "#0"},
				"west": {"uv": [15.25, 14.71875, 15.375, 14.84375], "texture": "#0"},
				"up": {"uv": [15.25, 14.71875, 15.375, 14.84375], "texture": "#0"},
				"down": {"uv": [15.25, 14.71875, 15.375, 14.84375], "texture": "#0"}
			}
		},
		{
			"from": [11.5, 25, 3.75],
			"to": [12.5, 27.3, 4.75],
			"faces": {
				"north": {"uv": [15.25, 14.84375, 15.375, 14.96875], "texture": "#0"},
				"east": {"uv": [15.25, 14.84375, 15.375, 14.96875], "texture": "#0"},
				"south": {"uv": [15.25, 14.84375, 15.375, 14.96875], "texture": "#0"},
				"west": {"uv": [15.25, 14.84375, 15.375, 14.96875], "texture": "#0"},
				"up": {"uv": [15.25, 14.84375, 15.375, 14.96875], "texture": "#0"},
				"down": {"uv": [15.25, 14.84375, 15.375, 14.96875], "texture": "#0"}
			}
		},
		{
			"from": [10.2, 19, 2.5],
			"to": [13.7, 19.5, 6],
			"faces": {
				"north": {"uv": [2.59375, 3.8125, 3.09375, 3.875], "texture": "#0"},
				"east": {"uv": [2.59375, 3.8125, 3.09375, 3.875], "texture": "#0"},
				"south": {"uv": [2.59375, 3.8125, 3.09375, 3.875], "texture": "#0"},
				"west": {"uv": [2.59375, 3.8125, 3.09375, 3.875], "texture": "#0"},
				"up": {"uv": [2.59375, 3.8125, 3.09375, 4.3125], "texture": "#0"},
				"down": {"uv": [2.59375, 3.8125, 3.09375, 4.3125], "texture": "#0"}
			}
		},
		{
			"from": [10.2, 19, 10],
			"to": [13.7, 19.5, 13.5],
			"faces": {
				"north": {"uv": [2.59375, 3.8125, 3.09375, 3.875], "texture": "#0"},
				"east": {"uv": [2.59375, 3.8125, 3.09375, 3.875], "texture": "#0"},
				"south": {"uv": [2.59375, 3.8125, 3.09375, 3.875], "texture": "#0"},
				"west": {"uv": [2.59375, 3.8125, 3.09375, 3.875], "texture": "#0"},
				"up": {"uv": [2.59375, 3.8125, 3.09375, 4.3125], "texture": "#0"},
				"down": {"uv": [2.59375, 3.8125, 3.09375, 4.3125], "texture": "#0"}
			}
		},
		{
			"from": [15, 19.1, 1.5],
			"to": [16, 19.6, 14.5],
			"rotation": {"angle": 0, "axis": "y", "origin": [12, 19.6, 9]},
			"faces": {
				"north": {"uv": [0.59375, 1.46875, 0.71875, 1.53125], "texture": "#0"},
				"east": {"uv": [0.59375, 1.46875, 2.21875, 1.53125], "texture": "#0"},
				"south": {"uv": [0.59375, 1.46875, 0.71875, 1.53125], "texture": "#0"},
				"west": {"uv": [2.21875, 3.25, 3.84375, 3.46875], "texture": "#0"},
				"up": {"uv": [0.59375, 1.46875, 2.21875, 1.59375], "rotation": 90, "texture": "#0"},
				"down": {"uv": [0.59375, 1.46875, 2.21875, 1.59375], "rotation": 270, "texture": "#0"}
			}
		},
		{
			"from": [11, 25.5, 2],
			"to": [13, 27.5, 14],
			"rotation": {"angle": 0, "axis": "x", "origin": [12, 26.5, 8]},
			"faces": {
				"north": {"uv": [15.96875, 14.96875, 15.97153, 14.97011], "texture": "#0"},
				"east": {"uv": [15.96875, 14.96875, 15.98542, 14.97011], "texture": "#0"},
				"south": {"uv": [15.96875, 14.96875, 15.97153, 14.97011], "texture": "#0"},
				"west": {"uv": [15.96875, 14.96875, 15.98542, 14.97011], "texture": "#0"},
				"up": {"uv": [15.99688, 14.99185, 15.99965, 15], "texture": "#0"},
				"down": {"uv": [15.99722, 14.99134, 16, 14.99949], "texture": "#0"}
			}
		},
		{
			"from": [11.6, 19, 7.6],
			"to": [12.4, 25, 8.4],
			"faces": {
				"north": {"uv": [6.09375, 6.28125, 6.34375, 6.46875], "texture": "#0"},
				"east": {"uv": [6.09375, 6.28125, 6.34375, 6.46875], "texture": "#0"},
				"south": {"uv": [6.09375, 6.28125, 6.34375, 6.46875], "texture": "#0"},
				"west": {"uv": [6.09375, 6.28125, 6.34375, 6.46875], "texture": "#0"},
				"up": {"uv": [6.09375, 6.15625, 6.34375, 6.15625], "texture": "#0"},
				"down": {"uv": [6.125, 6.09375, 6.375, 6.1875], "texture": "#0"}
			}
		},
		{
			"from": [8, 19.1, 1.5],
			"to": [9, 19.6, 14.5],
			"rotation": {"angle": 0, "axis": "y", "origin": [12, 19.6, 9]},
			"faces": {
				"north": {"uv": [0.75, 1.84375, 0.875, 1.90625], "texture": "#0"},
				"east": {"uv": [2.25, 3.71875, 3.875, 3.90625], "texture": "#0"},
				"south": {"uv": [0.75, 1.84375, 0.875, 1.90625], "texture": "#0"},
				"west": {"uv": [0.75, 1.84375, 2.375, 1.90625], "texture": "#0"},
				"up": {"uv": [0.75, 1.84375, 2.375, 1.96875], "rotation": 90, "texture": "#0"},
				"down": {"uv": [0.75, 1.84375, 2.375, 1.96875], "rotation": 270, "texture": "#0"}
			}
		},
		{
			"from": [11, 19, 7],
			"to": [13, 20, 9],
			"faces": {
				"north": {"uv": [2.625, 4.125, 2.875, 4.25], "texture": "#0"},
				"east": {"uv": [2.625, 4.125, 2.875, 4.25], "texture": "#0"},
				"south": {"uv": [2.625, 4.125, 2.875, 4.25], "texture": "#0"},
				"west": {"uv": [2.625, 4.125, 2.875, 4.25], "texture": "#0"},
				"up": {"uv": [2.625, 4.125, 2.875, 4.375], "texture": "#0"},
				"down": {"uv": [2.625, 4.125, 2.875, 4.375], "texture": "#0"}
			}
		},
		{
			"from": [10.575, 23.5, 10.35],
			"to": [13.375, 24, 13.15],
			"faces": {
				"north": {"uv": [11.25, 1.59375, 11.6, 1.65625], "texture": "#0"},
				"east": {"uv": [11.25, 1.59375, 11.6, 1.65625], "texture": "#0"},
				"south": {"uv": [11.25, 1.59375, 11.6, 1.65625], "texture": "#0"},
				"west": {"uv": [11.25, 1.59375, 11.6, 1.65625], "texture": "#0"},
				"up": {"uv": [11.25, 1.59375, 11.6, 1.94375], "texture": "#0"},
				"down": {"uv": [11.25, 1.59375, 11.6, 1.94375], "texture": "#0"}
			}
		},
		{
			"from": [10.777, 20, 10.55],
			"to": [13.177, 20.5, 12.95],
			"faces": {
				"north": {"uv": [14.09375, 2.5625, 14.39375, 2.625], "texture": "#0"},
				"east": {"uv": [14.09375, 2.5625, 14.39375, 2.625], "texture": "#0"},
				"south": {"uv": [14.09375, 2.5625, 14.39375, 2.625], "texture": "#0"},
				"west": {"uv": [14.09375, 2.5625, 14.39375, 2.625], "texture": "#0"},
				"up": {"uv": [14.09375, 2.5625, 14.39375, 2.8625], "texture": "#0"},
				"down": {"uv": [14.09375, 2.5625, 14.39375, 2.8625], "texture": "#0"}
			}
		},
		{
			"from": [10.777, 24, 10.55],
			"to": [13.177, 24.5, 12.95],
			"faces": {
				"north": {"uv": [14.09375, 2.5625, 14.39375, 2.625], "texture": "#0"},
				"east": {"uv": [14.09375, 2.5625, 14.39375, 2.625], "texture": "#0"},
				"south": {"uv": [14.09375, 2.5625, 14.39375, 2.625], "texture": "#0"},
				"west": {"uv": [14.09375, 2.5625, 14.39375, 2.625], "texture": "#0"},
				"up": {"uv": [14.09375, 2.5625, 14.39375, 2.8625], "texture": "#0"},
				"down": {"uv": [14.09375, 2.5625, 14.39375, 2.8625], "texture": "#0"}
			}
		},
		{
			"from": [10.575, 19.5, 10.35],
			"to": [13.375, 20, 13.15],
			"faces": {
				"north": {"uv": [10.6875, 0.9375, 11.0375, 1], "texture": "#0"},
				"east": {"uv": [10.6875, 0.9375, 11.0375, 1], "texture": "#0"},
				"south": {"uv": [10.6875, 0.9375, 11.0375, 1], "texture": "#0"},
				"west": {"uv": [10.6875, 0.9375, 11.0375, 1], "texture": "#0"},
				"up": {"uv": [10.6875, 0.9375, 11.0375, 1.2875], "texture": "#0"},
				"down": {"uv": [10.6875, 0.9375, 11.0375, 1.2875], "texture": "#0"}
			}
		},
		{
			"from": [10.575, 24.5, 10.35],
			"to": [13.375, 25, 13.15],
			"faces": {
				"north": {"uv": [10.5, 1.53125, 10.85, 1.59375], "texture": "#0"},
				"east": {"uv": [10.5, 1.53125, 10.85, 1.59375], "texture": "#0"},
				"south": {"uv": [10.5, 1.53125, 10.85, 1.59375], "texture": "#0"},
				"west": {"uv": [10.5, 1.53125, 10.85, 1.59375], "texture": "#0"},
				"up": {"uv": [10.5, 1.53125, 10.85, 1.88125], "texture": "#0"},
				"down": {"uv": [10.5, 1.53125, 10.85, 1.88125], "texture": "#0"}
			}
		},
		{
			"from": [10.575, 20.5, 10.35],
			"to": [13.375, 21, 13.15],
			"faces": {
				"north": {"uv": [10.375, 1.875, 10.725, 1.9375], "texture": "#0"},
				"east": {"uv": [10.375, 1.875, 10.725, 1.9375], "texture": "#0"},
				"south": {"uv": [10.375, 1.875, 10.725, 1.9375], "texture": "#0"},
				"west": {"uv": [10.375, 1.875, 10.725, 1.9375], "texture": "#0"},
				"up": {"uv": [10.375, 1.875, 10.725, 2.225], "texture": "#0"},
				"down": {"uv": [10.375, 1.875, 10.725, 2.225], "texture": "#0"}
			}
		},
		{
			"from": [10.777, 23, 10.55],
			"to": [13.177, 23.5, 12.95],
			"faces": {
				"north": {"uv": [14.09375, 2.5625, 14.39375, 2.625], "texture": "#0"},
				"east": {"uv": [14.09375, 2.5625, 14.39375, 2.625], "texture": "#0"},
				"south": {"uv": [14.09375, 2.5625, 14.39375, 2.625], "texture": "#0"},
				"west": {"uv": [14.09375, 2.5625, 14.39375, 2.625], "texture": "#0"},
				"up": {"uv": [14.09375, 2.5625, 14.39375, 2.8625], "texture": "#0"},
				"down": {"uv": [14.09375, 2.5625, 14.39375, 2.8625], "texture": "#0"}
			}
		},
		{
			"from": [10.575, 22.5, 10.35],
			"to": [13.375, 23, 13.15],
			"faces": {
				"north": {"uv": [10.59375, 1.25, 10.94375, 1.3125], "texture": "#0"},
				"east": {"uv": [10.59375, 1.25, 10.94375, 1.3125], "texture": "#0"},
				"south": {"uv": [10.59375, 1.25, 10.94375, 1.3125], "texture": "#0"},
				"west": {"uv": [10.59375, 1.25, 10.94375, 1.3125], "texture": "#0"},
				"up": {"uv": [10.59375, 1.25, 10.94375, 1.6], "texture": "#0"},
				"down": {"uv": [10.59375, 1.25, 10.94375, 1.6], "texture": "#0"}
			}
		},
		{
			"from": [10.777, 22, 10.55],
			"to": [13.177, 22.5, 12.95],
			"faces": {
				"north": {"uv": [14.09375, 2.5625, 14.39375, 2.625], "texture": "#0"},
				"east": {"uv": [14.09375, 2.5625, 14.39375, 2.625], "texture": "#0"},
				"south": {"uv": [14.09375, 2.5625, 14.39375, 2.625], "texture": "#0"},
				"west": {"uv": [14.09375, 2.5625, 14.39375, 2.625], "texture": "#0"},
				"up": {"uv": [14.09375, 2.5625, 14.39375, 2.8625], "texture": "#0"},
				"down": {"uv": [14.09375, 2.5625, 14.39375, 2.8625], "texture": "#0"}
			}
		},
		{
			"from": [10.777, 21, 10.55],
			"to": [13.177, 21.5, 12.95],
			"faces": {
				"north": {"uv": [14.09375, 2.5625, 14.39375, 2.625], "texture": "#0"},
				"east": {"uv": [14.09375, 2.5625, 14.39375, 2.625], "texture": "#0"},
				"south": {"uv": [14.09375, 2.5625, 14.39375, 2.625], "texture": "#0"},
				"west": {"uv": [14.09375, 2.5625, 14.39375, 2.625], "texture": "#0"},
				"up": {"uv": [14.09375, 2.5625, 14.39375, 2.8625], "texture": "#0"},
				"down": {"uv": [14.09375, 2.5625, 14.39375, 2.8625], "texture": "#0"}
			}
		},
		{
			"from": [10.575, 21.5, 10.35],
			"to": [13.375, 22, 13.15],
			"faces": {
				"north": {"uv": [10.5625, 1.25, 10.9125, 1.3125], "texture": "#0"},
				"east": {"uv": [10.5625, 1.25, 10.9125, 1.3125], "texture": "#0"},
				"south": {"uv": [10.5625, 1.25, 10.9125, 1.3125], "texture": "#0"},
				"west": {"uv": [10.5625, 1.25, 10.9125, 1.3125], "texture": "#0"},
				"up": {"uv": [10.5625, 1.25, 10.9125, 1.6], "texture": "#0"},
				"down": {"uv": [10.5625, 1.25, 10.9125, 1.6], "texture": "#0"}
			}
		},
		{
			"from": [10.575, 24.3, 10.35],
			"to": [13.375, 24.8, 13.15],
			"faces": {
				"north": {"uv": [1.6875, 13.3875, 2.0375, 13.45], "texture": "#0"},
				"east": {"uv": [1.6875, 13.3875, 2.0375, 13.45], "texture": "#0"},
				"south": {"uv": [1.6875, 13.3875, 2.0375, 13.45], "texture": "#0"},
				"west": {"uv": [1.6875, 13.3875, 2.0375, 13.45], "texture": "#0"},
				"up": {"uv": [1.6875, 13.3875, 2.0375, 13.7375], "texture": "#0"},
				"down": {"uv": [1.6875, 13.3875, 2.0375, 13.7375], "texture": "#0"}
			}
		},
		{
			"from": [10.777, 24.8, 10.55],
			"to": [13.177, 25.5, 12.95],
			"faces": {
				"north": {"uv": [4.53125, 14.35625, 4.83125, 14.41875], "texture": "#0"},
				"east": {"uv": [4.53125, 14.35625, 4.83125, 14.41875], "texture": "#0"},
				"south": {"uv": [4.53125, 14.35625, 4.83125, 14.41875], "texture": "#0"},
				"west": {"uv": [4.53125, 14.35625, 4.83125, 14.41875], "texture": "#0"},
				"up": {"uv": [4.53125, 14.35625, 4.83125, 14.65625], "texture": "#0"},
				"down": {"uv": [4.53125, 14.35625, 4.83125, 14.65625], "texture": "#0"}
			}
		},
		{
			"from": [10.777, 23.7, 10.55],
			"to": [13.177, 24.4, 12.95],
			"faces": {
				"north": {"uv": [4.53125, 14.35625, 4.83125, 14.41875], "texture": "#0"},
				"east": {"uv": [4.53125, 14.35625, 4.83125, 14.41875], "texture": "#0"},
				"south": {"uv": [4.53125, 14.35625, 4.83125, 14.41875], "texture": "#0"},
				"west": {"uv": [4.53125, 14.35625, 4.83125, 14.41875], "texture": "#0"},
				"up": {"uv": [4.53125, 14.35625, 4.83125, 14.65625], "texture": "#0"},
				"down": {"uv": [4.53125, 14.35625, 4.83125, 14.65625], "texture": "#0"}
			}
		},
		{
			"from": [10.777, 22.5, 10.55],
			"to": [13.177, 23.2, 12.95],
			"faces": {
				"north": {"uv": [4.53125, 14.35625, 4.83125, 14.41875], "texture": "#0"},
				"east": {"uv": [4.53125, 14.35625, 4.83125, 14.41875], "texture": "#0"},
				"south": {"uv": [4.53125, 14.35625, 4.83125, 14.41875], "texture": "#0"},
				"west": {"uv": [4.53125, 14.35625, 4.83125, 14.41875], "texture": "#0"},
				"up": {"uv": [4.53125, 14.35625, 4.83125, 14.65625], "texture": "#0"},
				"down": {"uv": [4.53125, 14.35625, 4.83125, 14.65625], "texture": "#0"}
			}
		},
		{
			"from": [10.777, 21.3, 10.55],
			"to": [13.177, 22, 12.95],
			"faces": {
				"north": {"uv": [4.53125, 14.35625, 4.83125, 14.41875], "texture": "#0"},
				"east": {"uv": [4.53125, 14.35625, 4.83125, 14.41875], "texture": "#0"},
				"south": {"uv": [4.53125, 14.35625, 4.83125, 14.41875], "texture": "#0"},
				"west": {"uv": [4.53125, 14.35625, 4.83125, 14.41875], "texture": "#0"},
				"up": {"uv": [4.53125, 14.35625, 4.83125, 14.65625], "texture": "#0"},
				"down": {"uv": [4.53125, 14.35625, 4.83125, 14.65625], "texture": "#0"}
			}
		},
		{
			"from": [10.777, 20, 10.55],
			"to": [13.177, 21, 12.95],
			"faces": {
				"north": {"uv": [4.53125, 14.35625, 4.83125, 14.41875], "texture": "#0"},
				"east": {"uv": [4.53125, 14.35625, 4.83125, 14.41875], "texture": "#0"},
				"south": {"uv": [4.53125, 14.35625, 4.83125, 14.41875], "texture": "#0"},
				"west": {"uv": [4.53125, 14.35625, 4.83125, 14.41875], "texture": "#0"},
				"up": {"uv": [4.53125, 14.35625, 4.83125, 14.65625], "texture": "#0"},
				"down": {"uv": [4.53125, 14.35625, 4.83125, 14.65625], "texture": "#0"}
			}
		},
		{
			"from": [10.575, 19.5, 10.35],
			"to": [13.375, 20, 13.15],
			"faces": {
				"north": {"uv": [1.125, 12.73125, 1.475, 12.79375], "texture": "#0"},
				"east": {"uv": [1.125, 12.73125, 1.475, 12.79375], "texture": "#0"},
				"south": {"uv": [1.125, 12.73125, 1.475, 12.79375], "texture": "#0"},
				"west": {"uv": [1.125, 12.73125, 1.475, 12.79375], "texture": "#0"},
				"up": {"uv": [1.125, 12.73125, 1.475, 13.08125], "texture": "#0"},
				"down": {"uv": [1.125, 12.73125, 1.475, 13.08125], "texture": "#0"}
			}
		},
		{
			"from": [10.575, 25.5, 10.35],
			"to": [13.375, 26, 13.15],
			"faces": {
				"north": {"uv": [0.9375, 13.325, 1.2875, 13.3875], "texture": "#0"},
				"east": {"uv": [0.9375, 13.325, 1.2875, 13.3875], "texture": "#0"},
				"south": {"uv": [0.9375, 13.325, 1.2875, 13.3875], "texture": "#0"},
				"west": {"uv": [0.9375, 13.325, 1.2875, 13.3875], "texture": "#0"},
				"up": {"uv": [0.9375, 13.325, 1.2875, 13.675], "texture": "#0"},
				"down": {"uv": [0.9375, 13.325, 1.2875, 13.675], "texture": "#0"}
			}
		},
		{
			"from": [10.575, 20.8, 10.35],
			"to": [13.375, 21.3, 13.15],
			"faces": {
				"north": {"uv": [0.8125, 13.66875, 1.1625, 13.73125], "texture": "#0"},
				"east": {"uv": [0.8125, 13.66875, 1.1625, 13.73125], "texture": "#0"},
				"south": {"uv": [0.8125, 13.66875, 1.1625, 13.73125], "texture": "#0"},
				"west": {"uv": [0.8125, 13.66875, 1.1625, 13.73125], "texture": "#0"},
				"up": {"uv": [0.8125, 13.66875, 1.1625, 14.01875], "texture": "#0"},
				"down": {"uv": [0.8125, 13.66875, 1.1625, 14.01875], "texture": "#0"}
			}
		},
		{
			"from": [10.575, 23.2, 10.35],
			"to": [13.375, 23.7, 13.15],
			"faces": {
				"north": {"uv": [1.03125, 13.04375, 1.38125, 13.10625], "texture": "#0"},
				"east": {"uv": [1.03125, 13.04375, 1.38125, 13.10625], "texture": "#0"},
				"south": {"uv": [1.03125, 13.04375, 1.38125, 13.10625], "texture": "#0"},
				"west": {"uv": [1.03125, 13.04375, 1.38125, 13.10625], "texture": "#0"},
				"up": {"uv": [1.03125, 13.04375, 1.38125, 13.39375], "texture": "#0"},
				"down": {"uv": [1.03125, 13.04375, 1.38125, 13.39375], "texture": "#0"}
			}
		},
		{
			"from": [10.575, 22, 10.35],
			"to": [13.375, 22.5, 13.15],
			"faces": {
				"north": {"uv": [1, 13.04375, 1.35, 13.10625], "texture": "#0"},
				"east": {"uv": [1, 13.04375, 1.35, 13.10625], "texture": "#0"},
				"south": {"uv": [1, 13.04375, 1.35, 13.10625], "texture": "#0"},
				"west": {"uv": [1, 13.04375, 1.35, 13.10625], "texture": "#0"},
				"up": {"uv": [1, 13.04375, 1.35, 13.39375], "texture": "#0"},
				"down": {"uv": [1, 13.04375, 1.35, 13.39375], "texture": "#0"}
			}
		},
		{
			"from": [10.575, 19.5, 2.85],
			"to": [13.375, 20, 5.65],
			"faces": {
				"north": {"uv": [1.65625, 13.48125, 2.00625, 13.54375], "texture": "#0"},
				"east": {"uv": [1.65625, 13.48125, 2.00625, 13.54375], "texture": "#0"},
				"south": {"uv": [1.65625, 13.48125, 2.00625, 13.54375], "texture": "#0"},
				"west": {"uv": [1.65625, 13.48125, 2.00625, 13.54375], "texture": "#0"},
				"up": {"uv": [1.65625, 13.48125, 2.00625, 13.83125], "texture": "#0"},
				"down": {"uv": [1.65625, 13.48125, 2.00625, 13.83125], "texture": "#0"}
			}
		},
		{
			"from": [10.575, 21.3, 2.85],
			"to": [13.375, 21.8, 5.65],
			"faces": {
				"north": {"uv": [1.15625, 13.16875, 1.50625, 13.23125], "texture": "#0"},
				"east": {"uv": [1.15625, 13.16875, 1.50625, 13.23125], "texture": "#0"},
				"south": {"uv": [1.15625, 13.16875, 1.50625, 13.23125], "texture": "#0"},
				"west": {"uv": [1.15625, 13.16875, 1.50625, 13.23125], "texture": "#0"},
				"up": {"uv": [1.15625, 13.16875, 1.50625, 13.51875], "texture": "#0"},
				"down": {"uv": [1.15625, 13.16875, 1.50625, 13.51875], "texture": "#0"}
			}
		},
		{
			"from": [10.777, 22.4, 3.05],
			"to": [13.177, 22.5, 5.45],
			"faces": {
				"north": {"uv": [4.53125, 14.35625, 4.83125, 14.41875], "texture": "#0"},
				"east": {"uv": [4.53125, 14.35625, 4.83125, 14.41875], "texture": "#0"},
				"south": {"uv": [4.53125, 14.35625, 4.83125, 14.41875], "texture": "#0"},
				"west": {"uv": [4.53125, 14.35625, 4.83125, 14.41875], "texture": "#0"},
				"up": {"uv": [4.53125, 14.35625, 4.83125, 14.65625], "texture": "#0"},
				"down": {"uv": [4.53125, 14.35625, 4.83125, 14.65625], "texture": "#0"}
			}
		},
		{
			"from": [10.777, 20, 3.05],
			"to": [13.177, 20.1, 5.45],
			"faces": {
				"north": {"uv": [4.53125, 14.35625, 4.83125, 14.41875], "texture": "#0"},
				"east": {"uv": [4.53125, 14.35625, 4.83125, 14.41875], "texture": "#0"},
				"south": {"uv": [4.53125, 14.35625, 4.83125, 14.41875], "texture": "#0"},
				"west": {"uv": [4.53125, 14.35625, 4.83125, 14.41875], "texture": "#0"},
				"up": {"uv": [4.53125, 14.35625, 4.83125, 14.65625], "texture": "#0"},
				"down": {"uv": [4.53125, 14.35625, 4.83125, 14.65625], "texture": "#0"}
			}
		},
		{
			"from": [10.777, 20.6, 3.05],
			"to": [13.177, 20.7, 5.45],
			"faces": {
				"north": {"uv": [4.53125, 14.35625, 4.83125, 14.41875], "texture": "#0"},
				"east": {"uv": [4.53125, 14.35625, 4.83125, 14.41875], "texture": "#0"},
				"south": {"uv": [4.53125, 14.35625, 4.83125, 14.41875], "texture": "#0"},
				"west": {"uv": [4.53125, 14.35625, 4.83125, 14.41875], "texture": "#0"},
				"up": {"uv": [4.53125, 14.35625, 4.83125, 14.65625], "texture": "#0"},
				"down": {"uv": [4.53125, 14.35625, 4.83125, 14.65625], "texture": "#0"}
			}
		},
		{
			"from": [10.777, 21.2, 3.05],
			"to": [13.177, 21.3, 5.45],
			"faces": {
				"north": {"uv": [4.53125, 14.35625, 4.83125, 14.41875], "texture": "#0"},
				"east": {"uv": [4.53125, 14.35625, 4.83125, 14.41875], "texture": "#0"},
				"south": {"uv": [4.53125, 14.35625, 4.83125, 14.41875], "texture": "#0"},
				"west": {"uv": [4.53125, 14.35625, 4.83125, 14.41875], "texture": "#0"},
				"up": {"uv": [4.53125, 14.35625, 4.83125, 14.65625], "texture": "#0"},
				"down": {"uv": [4.53125, 14.35625, 4.83125, 14.65625], "texture": "#0"}
			}
		},
		{
			"from": [10.777, 21.8, 3.05],
			"to": [13.177, 21.9, 5.45],
			"faces": {
				"north": {"uv": [4.53125, 14.35625, 4.83125, 14.41875], "texture": "#0"},
				"east": {"uv": [4.53125, 14.35625, 4.83125, 14.41875], "texture": "#0"},
				"south": {"uv": [4.53125, 14.35625, 4.83125, 14.41875], "texture": "#0"},
				"west": {"uv": [4.53125, 14.35625, 4.83125, 14.41875], "texture": "#0"},
				"up": {"uv": [4.53125, 14.35625, 4.83125, 14.65625], "texture": "#0"},
				"down": {"uv": [4.53125, 14.35625, 4.83125, 14.65625], "texture": "#0"}
			}
		},
		{
			"from": [10.575, 22.5, 2.85],
			"to": [13.375, 23, 5.65],
			"faces": {
				"north": {"uv": [0.96875, 12.60625, 1.31875, 12.66875], "texture": "#0"},
				"east": {"uv": [0.96875, 12.60625, 1.31875, 12.66875], "texture": "#0"},
				"south": {"uv": [0.96875, 12.60625, 1.31875, 12.66875], "texture": "#0"},
				"west": {"uv": [0.96875, 12.60625, 1.31875, 12.66875], "texture": "#0"},
				"up": {"uv": [0.96875, 12.60625, 1.31875, 12.95625], "texture": "#0"},
				"down": {"uv": [0.96875, 12.60625, 1.31875, 12.95625], "texture": "#0"}
			}
		},
		{
			"from": [10.575, 21.9, 2.85],
			"to": [13.375, 22.4, 5.65],
			"faces": {
				"north": {"uv": [0.84375, 13.16875, 1.19375, 13.23125], "texture": "#0"},
				"east": {"uv": [0.84375, 13.16875, 1.19375, 13.23125], "texture": "#0"},
				"south": {"uv": [0.84375, 13.16875, 1.19375, 13.23125], "texture": "#0"},
				"west": {"uv": [0.84375, 13.16875, 1.19375, 13.23125], "texture": "#0"},
				"up": {"uv": [0.84375, 13.16875, 1.19375, 13.51875], "texture": "#0"},
				"down": {"uv": [0.84375, 13.16875, 1.19375, 13.51875], "texture": "#0"}
			}
		},
		{
			"from": [10.575, 20.1, 2.85],
			"to": [13.375, 20.6, 5.65],
			"faces": {
				"north": {"uv": [1.21875, 12.45, 1.56875, 12.5125], "texture": "#0"},
				"east": {"uv": [1.21875, 12.45, 1.56875, 12.5125], "texture": "#0"},
				"south": {"uv": [1.21875, 12.45, 1.56875, 12.5125], "texture": "#0"},
				"west": {"uv": [1.21875, 12.45, 1.56875, 12.5125], "texture": "#0"},
				"up": {"uv": [1.21875, 12.45, 1.56875, 12.8], "texture": "#0"},
				"down": {"uv": [1.21875, 12.45, 1.56875, 12.8], "texture": "#0"}
			}
		},
		{
			"from": [10.575, 20.7, 2.85],
			"to": [13.375, 21.2, 5.65],
			"faces": {
				"north": {"uv": [1.5625, 13.23125, 1.9125, 13.29375], "texture": "#0"},
				"east": {"uv": [1.5625, 13.23125, 1.9125, 13.29375], "texture": "#0"},
				"south": {"uv": [1.5625, 13.23125, 1.9125, 13.29375], "texture": "#0"},
				"west": {"uv": [1.5625, 13.23125, 1.9125, 13.29375], "texture": "#0"},
				"up": {"uv": [1.5625, 13.23125, 1.9125, 13.58125], "texture": "#0"},
				"down": {"uv": [1.5625, 13.23125, 1.9125, 13.58125], "texture": "#0"}
			}
		},
		{
			"from": [8, 18.1, 0.5],
			"to": [16, 19.1, 15.5],
			"faces": {
				"north": {"uv": [2.96875, 5.59375, 3.96875, 5.71875], "texture": "#0"},
				"east": {"uv": [1.125, 5.71875, 3, 5.84375], "texture": "#0"},
				"south": {"uv": [3, 5.59375, 4, 5.71875], "texture": "#0"},
				"west": {"uv": [1.6875, 5.53125, 3.5625, 5.65625], "texture": "#0"},
				"up": {"uv": [3, 5.59375, 4, 7.46875], "texture": "#0"},
				"down": {"uv": [3, 6.1875, 4, 8.0625], "texture": "#0"}
			}
		},
		{
			"from": [11.5, 25, 6.5],
			"to": [12.5, 28, 9.5],
			"faces": {
				"north": {"uv": [2.625, 4.625, 2.90625, 3.8125], "texture": "#0"},
				"east": {"uv": [2.625, 4.625, 3.28125, 3.8125], "texture": "#0"},
				"south": {"uv": [2.625, 4.625, 2.90625, 3.8125], "texture": "#0"},
				"west": {"uv": [2.6875, 4.59375, 3.34375, 3.78125], "texture": "#0"},
				"up": {"uv": [2.625, 4.625, 2.90625, 3.8125], "texture": "#0"},
				"down": {"uv": [2.625, 4.625, 2.90625, 3.8125], "texture": "#0"}
			}
		},
		{
			"from": [8, 19.1, 14.5],
			"to": [16, 19.6, 15.5],
			"faces": {
				"north": {"uv": [2.46875, 4.25, 3.46875, 4.4375], "texture": "#0"},
				"east": {"uv": [0.40625, 5.5, 0.53125, 5.5625], "texture": "#0"},
				"south": {"uv": [0.40625, 5.5, 1.40625, 5.5625], "texture": "#0"},
				"west": {"uv": [0.40625, 5.5, 0.53125, 5.5625], "texture": "#0"},
				"up": {"uv": [0.40625, 5.5, 1.40625, 5.625], "texture": "#0"},
				"down": {"uv": [0.40625, 5.5, 1.40625, 5.625], "texture": "#0"}
			}
		},
		{
			"from": [8, 19.1, 0.5],
			"to": [16, 19.6, 1.5],
			"faces": {
				"north": {"uv": [0.40625, 5.71875, 1.40625, 5.78125], "texture": "#0"},
				"east": {"uv": [0.40625, 5.71875, 0.53125, 5.78125], "texture": "#0"},
				"south": {"uv": [2.53125, 4, 3.53125, 4.21875], "texture": "#0"},
				"west": {"uv": [0.40625, 5.71875, 0.53125, 5.78125], "texture": "#0"},
				"up": {"uv": [0.40625, 5.71875, 1.40625, 5.84375], "texture": "#0"},
				"down": {"uv": [0.40625, 5.71875, 1.40625, 5.84375], "texture": "#0"}
			}
		},
		{
			"from": [11.5, 26, 11.35],
			"to": [12.5, 28.3, 12.35],
			"faces": {
				"north": {"uv": [14.78125, 15.25, 14.90625, 15.375], "texture": "#0"},
				"east": {"uv": [14.78125, 15.25, 14.90625, 15.375], "texture": "#0"},
				"south": {"uv": [14.78125, 15.25, 14.90625, 15.375], "texture": "#0"},
				"west": {"uv": [14.78125, 15.25, 14.90625, 15.375], "texture": "#0"},
				"up": {"uv": [14.78125, 15.25, 14.90625, 15.375], "texture": "#0"},
				"down": {"uv": [14.78125, 15.25, 14.90625, 15.375], "texture": "#0"}
			}
		},
		{
			"from": [11.5, 23, 3.75],
			"to": [12.5, 25.3, 4.75],
			"faces": {
				"north": {"uv": [14.6875, 15.28125, 14.8125, 15.40625], "texture": "#0"},
				"east": {"uv": [14.6875, 15.28125, 14.8125, 15.40625], "texture": "#0"},
				"south": {"uv": [14.6875, 15.28125, 14.8125, 15.40625], "texture": "#0"},
				"west": {"uv": [14.6875, 15.28125, 14.8125, 15.40625], "texture": "#0"},
				"up": {"uv": [14.6875, 15.28125, 14.8125, 15.40625], "texture": "#0"},
				"down": {"uv": [14.6875, 15.28125, 14.8125, 15.40625], "texture": "#0"}
			}
		},
		{
			"from": [10.2, 19, 2.5],
			"to": [13.7, 19.5, 6],
			"faces": {
				"north": {"uv": [2.59375, 3.8125, 3.09375, 3.875], "texture": "#0"},
				"east": {"uv": [2.59375, 3.8125, 3.09375, 3.875], "texture": "#0"},
				"south": {"uv": [2.59375, 3.8125, 3.09375, 3.875], "texture": "#0"},
				"west": {"uv": [2.59375, 3.8125, 3.09375, 3.875], "texture": "#0"},
				"up": {"uv": [2.59375, 3.8125, 3.09375, 4.3125], "texture": "#0"},
				"down": {"uv": [2.59375, 3.8125, 3.09375, 4.3125], "texture": "#0"}
			}
		},
		{
			"from": [10.2, 19, 10],
			"to": [13.7, 19.5, 13.5],
			"faces": {
				"north": {"uv": [2.59375, 3.8125, 3.09375, 3.875], "texture": "#0"},
				"east": {"uv": [2.59375, 3.8125, 3.09375, 3.875], "texture": "#0"},
				"south": {"uv": [2.59375, 3.8125, 3.09375, 3.875], "texture": "#0"},
				"west": {"uv": [2.59375, 3.8125, 3.09375, 3.875], "texture": "#0"},
				"up": {"uv": [2.59375, 3.8125, 3.09375, 4.3125], "texture": "#0"},
				"down": {"uv": [2.59375, 3.8125, 3.09375, 4.3125], "texture": "#0"}
			}
		},
		{
			"from": [15, 19.1, 1.5],
			"to": [16, 19.6, 14.5],
			"rotation": {"angle": 0, "axis": "y", "origin": [12, 19.6, 9]},
			"faces": {
				"north": {"uv": [0.59375, 1.46875, 0.71875, 1.53125], "texture": "#0"},
				"east": {"uv": [0.59375, 1.46875, 2.21875, 1.53125], "texture": "#0"},
				"south": {"uv": [0.59375, 1.46875, 0.71875, 1.53125], "texture": "#0"},
				"west": {"uv": [2.21875, 3.25, 3.84375, 3.46875], "texture": "#0"},
				"up": {"uv": [0.59375, 1.46875, 2.21875, 1.59375], "rotation": 90, "texture": "#0"},
				"down": {"uv": [0.59375, 1.46875, 2.21875, 1.59375], "rotation": 270, "texture": "#0"}
			}
		},
		{
			"from": [11, 25.5, 2],
			"to": [13, 27.5, 14],
			"rotation": {"angle": -22.5, "axis": "x", "origin": [12, 26.5, 8]},
			"faces": {
				"north": {"uv": [14.9375, 15.96875, 14.94306, 15.97011], "texture": "#0"},
				"east": {"uv": [14.9375, 15.96875, 14.97083, 15.97011], "texture": "#0"},
				"south": {"uv": [14.9375, 15.96875, 14.94306, 15.97011], "texture": "#0"},
				"west": {"uv": [14.9375, 15.96875, 14.97083, 15.97011], "texture": "#0"},
				"up": {"uv": [14.99375, 15.99185, 14.99931, 16], "texture": "#0"},
				"down": {"uv": [14.99444, 15.99134, 15, 15.99949], "texture": "#0"}
			}
		},
		{
			"from": [11.6, 19, 7.6],
			"to": [12.4, 25, 8.4],
			"faces": {
				"north": {"uv": [6.09375, 6.28125, 6.34375, 6.46875], "texture": "#0"},
				"east": {"uv": [6.09375, 6.28125, 6.34375, 6.46875], "texture": "#0"},
				"south": {"uv": [6.09375, 6.28125, 6.34375, 6.46875], "texture": "#0"},
				"west": {"uv": [6.09375, 6.28125, 6.34375, 6.46875], "texture": "#0"},
				"up": {"uv": [6.09375, 6.15625, 6.34375, 6.15625], "texture": "#0"},
				"down": {"uv": [6.125, 6.09375, 6.375, 6.1875], "texture": "#0"}
			}
		},
		{
			"from": [8, 19.1, 1.5],
			"to": [9, 19.6, 14.5],
			"rotation": {"angle": 0, "axis": "y", "origin": [12, 19.6, 9]},
			"faces": {
				"north": {"uv": [0.75, 1.84375, 0.875, 1.90625], "texture": "#0"},
				"east": {"uv": [2.25, 3.71875, 3.875, 3.90625], "texture": "#0"},
				"south": {"uv": [0.75, 1.84375, 0.875, 1.90625], "texture": "#0"},
				"west": {"uv": [0.75, 1.84375, 2.375, 1.90625], "texture": "#0"},
				"up": {"uv": [0.75, 1.84375, 2.375, 1.96875], "rotation": 90, "texture": "#0"},
				"down": {"uv": [0.75, 1.84375, 2.375, 1.96875], "rotation": 270, "texture": "#0"}
			}
		},
		{
			"from": [11, 19, 7],
			"to": [13, 20, 9],
			"faces": {
				"north": {"uv": [2.625, 4.125, 2.875, 4.25], "texture": "#0"},
				"east": {"uv": [2.625, 4.125, 2.875, 4.25], "texture": "#0"},
				"south": {"uv": [2.625, 4.125, 2.875, 4.25], "texture": "#0"},
				"west": {"uv": [2.625, 4.125, 2.875, 4.25], "texture": "#0"},
				"up": {"uv": [2.625, 4.125, 2.875, 4.375], "texture": "#0"},
				"down": {"uv": [2.625, 4.125, 2.875, 4.375], "texture": "#0"}
			}
		},
		{
			"from": [10.625, 24.3, 2.85],
			"to": [13.425, 24.8, 5.65],
			"rotation": {"angle": 0, "axis": "y", "origin": [12, 22.875, 8]},
			"faces": {
				"north": {"uv": [1.65625, 9.84375, 2.00625, 9.90625], "texture": "#0"},
				"east": {"uv": [1.65625, 9.84375, 2.00625, 9.90625], "texture": "#0"},
				"south": {"uv": [1.65625, 9.84375, 2.00625, 9.90625], "texture": "#0"},
				"west": {"uv": [1.65625, 9.84375, 2.00625, 9.90625], "texture": "#0"},
				"up": {"uv": [1.65625, 9.84375, 2.00625, 10.19375], "rotation": 180, "texture": "#0"},
				"down": {"uv": [1.65625, 9.84375, 2.00625, 10.19375], "rotation": 180, "texture": "#0"}
			}
		},
		{
			"from": [10.823, 24.8, 3.05],
			"to": [13.223, 25.5, 5.45],
			"rotation": {"angle": 0, "axis": "y", "origin": [12, 22.875, 8]},
			"faces": {
				"north": {"uv": [4.5, 10.8125, 4.8, 10.875], "texture": "#0"},
				"east": {"uv": [4.5, 10.8125, 4.8, 10.875], "texture": "#0"},
				"south": {"uv": [4.5, 10.8125, 4.8, 10.875], "texture": "#0"},
				"west": {"uv": [4.5, 10.8125, 4.8, 10.875], "texture": "#0"},
				"up": {"uv": [4.5, 10.8125, 4.8, 11.1125], "rotation": 180, "texture": "#0"},
				"down": {"uv": [4.5, 10.8125, 4.8, 11.1125], "rotation": 180, "texture": "#0"}
			}
		},
		{
			"from": [10.823, 23.7, 3.05],
			"to": [13.223, 24.4, 5.45],
			"rotation": {"angle": 0, "axis": "y", "origin": [12, 22.875, 8]},
			"faces": {
				"north": {"uv": [4.5, 10.8125, 4.8, 10.875], "texture": "#0"},
				"east": {"uv": [4.5, 10.8125, 4.8, 10.875], "texture": "#0"},
				"south": {"uv": [4.5, 10.8125, 4.8, 10.875], "texture": "#0"},
				"west": {"uv": [4.5, 10.8125, 4.8, 10.875], "texture": "#0"},
				"up": {"uv": [4.5, 10.8125, 4.8, 11.1125], "rotation": 180, "texture": "#0"},
				"down": {"uv": [4.5, 10.8125, 4.8, 11.1125], "rotation": 180, "texture": "#0"}
			}
		},
		{
			"from": [10.823, 22.5, 3.05],
			"to": [13.223, 23.2, 5.45],
			"rotation": {"angle": 0, "axis": "y", "origin": [12, 22.875, 8]},
			"faces": {
				"north": {"uv": [4.5, 10.8125, 4.8, 10.875], "texture": "#0"},
				"east": {"uv": [4.5, 10.8125, 4.8, 10.875], "texture": "#0"},
				"south": {"uv": [4.5, 10.8125, 4.8, 10.875], "texture": "#0"},
				"west": {"uv": [4.5, 10.8125, 4.8, 10.875], "texture": "#0"},
				"up": {"uv": [4.5, 10.8125, 4.8, 11.1125], "rotation": 180, "texture": "#0"},
				"down": {"uv": [4.5, 10.8125, 4.8, 11.1125], "rotation": 180, "texture": "#0"}
			}
		},
		{
			"from": [10.823, 21.3, 3.05],
			"to": [13.223, 22, 5.45],
			"rotation": {"angle": 0, "axis": "y", "origin": [12, 22.875, 8]},
			"faces": {
				"north": {"uv": [4.5, 10.8125, 4.8, 10.875], "texture": "#0"},
				"east": {"uv": [4.5, 10.8125, 4.8, 10.875], "texture": "#0"},
				"south": {"uv": [4.5, 10.8125, 4.8, 10.875], "texture": "#0"},
				"west": {"uv": [4.5, 10.8125, 4.8, 10.875], "texture": "#0"},
				"up": {"uv": [4.5, 10.8125, 4.8, 11.1125], "rotation": 180, "texture": "#0"},
				"down": {"uv": [4.5, 10.8125, 4.8, 11.1125], "rotation": 180, "texture": "#0"}
			}
		},
		{
			"from": [10.823, 20, 3.05],
			"to": [13.223, 21, 5.45],
			"rotation": {"angle": 0, "axis": "y", "origin": [12, 22.875, 8]},
			"faces": {
				"north": {"uv": [4.5, 10.8125, 4.8, 10.875], "texture": "#0"},
				"east": {"uv": [4.5, 10.8125, 4.8, 10.875], "texture": "#0"},
				"south": {"uv": [4.5, 10.8125, 4.8, 10.875], "texture": "#0"},
				"west": {"uv": [4.5, 10.8125, 4.8, 10.875], "texture": "#0"},
				"up": {"uv": [4.5, 10.8125, 4.8, 11.1125], "rotation": 180, "texture": "#0"},
				"down": {"uv": [4.5, 10.8125, 4.8, 11.1125], "rotation": 180, "texture": "#0"}
			}
		},
		{
			"from": [10.625, 19.5, 2.85],
			"to": [13.425, 20, 5.65],
			"rotation": {"angle": 0, "axis": "y", "origin": [12, 22.875, 8]},
			"faces": {
				"north": {"uv": [1.09375, 9.1875, 1.44375, 9.25], "texture": "#0"},
				"east": {"uv": [1.09375, 9.1875, 1.44375, 9.25], "texture": "#0"},
				"south": {"uv": [1.09375, 9.1875, 1.44375, 9.25], "texture": "#0"},
				"west": {"uv": [1.09375, 9.1875, 1.44375, 9.25], "texture": "#0"},
				"up": {"uv": [1.09375, 9.1875, 1.44375, 9.5375], "rotation": 180, "texture": "#0"},
				"down": {"uv": [1.09375, 9.1875, 1.44375, 9.5375], "rotation": 180, "texture": "#0"}
			}
		},
		{
			"from": [10.625, 25.5, 2.85],
			"to": [13.425, 26, 5.65],
			"rotation": {"angle": 0, "axis": "y", "origin": [12, 22.875, 8]},
			"faces": {
				"north": {"uv": [0.90625, 9.78125, 1.25625, 9.84375], "texture": "#0"},
				"east": {"uv": [0.90625, 9.78125, 1.25625, 9.84375], "texture": "#0"},
				"south": {"uv": [0.90625, 9.78125, 1.25625, 9.84375], "texture": "#0"},
				"west": {"uv": [0.90625, 9.78125, 1.25625, 9.84375], "texture": "#0"},
				"up": {"uv": [0.90625, 9.78125, 1.25625, 10.13125], "rotation": 180, "texture": "#0"},
				"down": {"uv": [0.90625, 9.78125, 1.25625, 10.13125], "rotation": 180, "texture": "#0"}
			}
		},
		{
			"from": [10.625, 20.8, 2.85],
			"to": [13.425, 21.3, 5.65],
			"rotation": {"angle": 0, "axis": "y", "origin": [12, 22.875, 8]},
			"faces": {
				"north": {"uv": [0.78125, 10.125, 1.13125, 10.1875], "texture": "#0"},
				"east": {"uv": [0.78125, 10.125, 1.13125, 10.1875], "texture": "#0"},
				"south": {"uv": [0.78125, 10.125, 1.13125, 10.1875], "texture": "#0"},
				"west": {"uv": [0.78125, 10.125, 1.13125, 10.1875], "texture": "#0"},
				"up": {"uv": [0.78125, 10.125, 1.13125, 10.475], "rotation": 180, "texture": "#0"},
				"down": {"uv": [0.78125, 10.125, 1.13125, 10.475], "rotation": 180, "texture": "#0"}
			}
		},
		{
			"from": [10.625, 23.2, 2.85],
			"to": [13.425, 23.7, 5.65],
			"rotation": {"angle": 0, "axis": "y", "origin": [12, 22.875, 8]},
			"faces": {
				"north": {"uv": [1, 9.5, 1.35, 9.5625], "texture": "#0"},
				"east": {"uv": [1, 9.5, 1.35, 9.5625], "texture": "#0"},
				"south": {"uv": [1, 9.5, 1.35, 9.5625], "texture": "#0"},
				"west": {"uv": [1, 9.5, 1.35, 9.5625], "texture": "#0"},
				"up": {"uv": [1, 9.5, 1.35, 9.85], "rotation": 180, "texture": "#0"},
				"down": {"uv": [1, 9.5, 1.35, 9.85], "rotation": 180, "texture": "#0"}
			}
		},
		{
			"from": [10.625, 22, 2.85],
			"to": [13.425, 22.5, 5.65],
			"rotation": {"angle": 0, "axis": "y", "origin": [12, 22.875, 8]},
			"faces": {
				"north": {"uv": [0.96875, 9.5, 1.31875, 9.5625], "texture": "#0"},
				"east": {"uv": [0.96875, 9.5, 1.31875, 9.5625], "texture": "#0"},
				"south": {"uv": [0.96875, 9.5, 1.31875, 9.5625], "texture": "#0"},
				"west": {"uv": [0.96875, 9.5, 1.31875, 9.5625], "texture": "#0"},
				"up": {"uv": [0.96875, 9.5, 1.31875, 9.85], "rotation": 180, "texture": "#0"},
				"down": {"uv": [0.96875, 9.5, 1.31875, 9.85], "rotation": 180, "texture": "#0"}
			}
		},
		{
			"from": [10.625, 19.5, 10.35],
			"to": [13.425, 20, 13.15],
			"rotation": {"angle": 0, "axis": "y", "origin": [12, 22.875, 8]},
			"faces": {
				"north": {"uv": [2.03125, 9.9375, 2.38125, 10], "texture": "#0"},
				"east": {"uv": [2.03125, 9.9375, 2.38125, 10], "texture": "#0"},
				"south": {"uv": [2.03125, 9.9375, 2.38125, 10], "texture": "#0"},
				"west": {"uv": [2.03125, 9.9375, 2.38125, 10], "texture": "#0"},
				"up": {"uv": [2.03125, 9.9375, 2.38125, 10.2875], "rotation": 180, "texture": "#0"},
				"down": {"uv": [2.03125, 9.9375, 2.38125, 10.2875], "rotation": 180, "texture": "#0"}
			}
		},
		{
			"from": [10.625, 21.3, 10.35],
			"to": [13.425, 21.8, 13.15],
			"rotation": {"angle": 0, "axis": "y", "origin": [12, 22.875, 8]},
			"faces": {
				"north": {"uv": [1.53125, 9.625, 1.88125, 9.6875], "texture": "#0"},
				"east": {"uv": [1.53125, 9.625, 1.88125, 9.6875], "texture": "#0"},
				"south": {"uv": [1.53125, 9.625, 1.88125, 9.6875], "texture": "#0"},
				"west": {"uv": [1.53125, 9.625, 1.88125, 9.6875], "texture": "#0"},
				"up": {"uv": [1.53125, 9.625, 1.88125, 9.975], "rotation": 180, "texture": "#0"},
				"down": {"uv": [1.53125, 9.625, 1.88125, 9.975], "rotation": 180, "texture": "#0"}
			}
		},
		{
			"from": [10.823, 22.4, 10.55],
			"to": [13.223, 22.5, 12.95],
			"rotation": {"angle": 0, "axis": "y", "origin": [12, 22.875, 8]},
			"faces": {
				"north": {"uv": [4.90625, 10.8125, 5.20625, 10.875], "texture": "#0"},
				"east": {"uv": [4.90625, 10.8125, 5.20625, 10.875], "texture": "#0"},
				"south": {"uv": [4.90625, 10.8125, 5.20625, 10.875], "texture": "#0"},
				"west": {"uv": [4.90625, 10.8125, 5.20625, 10.875], "texture": "#0"},
				"up": {"uv": [4.90625, 10.8125, 5.20625, 11.1125], "rotation": 180, "texture": "#0"},
				"down": {"uv": [4.90625, 10.8125, 5.20625, 11.1125], "rotation": 180, "texture": "#0"}
			}
		},
		{
			"from": [10.823, 20, 10.55],
			"to": [13.223, 20.1, 12.95],
			"rotation": {"angle": 0, "axis": "y", "origin": [12, 22.875, 8]},
			"faces": {
				"north": {"uv": [4.90625, 10.8125, 5.20625, 10.875], "texture": "#0"},
				"east": {"uv": [4.90625, 10.8125, 5.20625, 10.875], "texture": "#0"},
				"south": {"uv": [4.90625, 10.8125, 5.20625, 10.875], "texture": "#0"},
				"west": {"uv": [4.90625, 10.8125, 5.20625, 10.875], "texture": "#0"},
				"up": {"uv": [4.90625, 10.8125, 5.20625, 11.1125], "rotation": 180, "texture": "#0"},
				"down": {"uv": [4.90625, 10.8125, 5.20625, 11.1125], "rotation": 180, "texture": "#0"}
			}
		},
		{
			"from": [10.823, 20.6, 10.55],
			"to": [13.223, 20.7, 12.95],
			"rotation": {"angle": 0, "axis": "y", "origin": [12, 22.875, 8]},
			"faces": {
				"north": {"uv": [4.90625, 10.8125, 5.20625, 10.875], "texture": "#0"},
				"east": {"uv": [4.90625, 10.8125, 5.20625, 10.875], "texture": "#0"},
				"south": {"uv": [4.90625, 10.8125, 5.20625, 10.875], "texture": "#0"},
				"west": {"uv": [4.90625, 10.8125, 5.20625, 10.875], "texture": "#0"},
				"up": {"uv": [4.90625, 10.8125, 5.20625, 11.1125], "rotation": 180, "texture": "#0"},
				"down": {"uv": [4.90625, 10.8125, 5.20625, 11.1125], "rotation": 180, "texture": "#0"}
			}
		},
		{
			"from": [10.823, 21.2, 10.55],
			"to": [13.223, 21.3, 12.95],
			"rotation": {"angle": 0, "axis": "y", "origin": [12, 22.875, 8]},
			"faces": {
				"north": {"uv": [4.90625, 10.8125, 5.20625, 10.875], "texture": "#0"},
				"east": {"uv": [4.90625, 10.8125, 5.20625, 10.875], "texture": "#0"},
				"south": {"uv": [4.90625, 10.8125, 5.20625, 10.875], "texture": "#0"},
				"west": {"uv": [4.90625, 10.8125, 5.20625, 10.875], "texture": "#0"},
				"up": {"uv": [4.90625, 10.8125, 5.20625, 11.1125], "rotation": 180, "texture": "#0"},
				"down": {"uv": [4.90625, 10.8125, 5.20625, 11.1125], "rotation": 180, "texture": "#0"}
			}
		},
		{
			"from": [10.823, 21.8, 10.55],
			"to": [13.223, 21.9, 12.95],
			"rotation": {"angle": 0, "axis": "y", "origin": [12, 22.875, 8]},
			"faces": {
				"north": {"uv": [4.90625, 10.8125, 5.20625, 10.875], "texture": "#0"},
				"east": {"uv": [4.90625, 10.8125, 5.20625, 10.875], "texture": "#0"},
				"south": {"uv": [4.90625, 10.8125, 5.20625, 10.875], "texture": "#0"},
				"west": {"uv": [4.90625, 10.8125, 5.20625, 10.875], "texture": "#0"},
				"up": {"uv": [4.90625, 10.8125, 5.20625, 11.1125], "rotation": 180, "texture": "#0"},
				"down": {"uv": [4.90625, 10.8125, 5.20625, 11.1125], "rotation": 180, "texture": "#0"}
			}
		},
		{
			"from": [10.625, 22.5, 10.35],
			"to": [13.425, 23, 13.15],
			"rotation": {"angle": 0, "axis": "y", "origin": [12, 22.875, 8]},
			"faces": {
				"north": {"uv": [1.34375, 9.0625, 1.69375, 9.125], "texture": "#0"},
				"east": {"uv": [1.34375, 9.0625, 1.69375, 9.125], "texture": "#0"},
				"south": {"uv": [1.34375, 9.0625, 1.69375, 9.125], "texture": "#0"},
				"west": {"uv": [1.34375, 9.0625, 1.69375, 9.125], "texture": "#0"},
				"up": {"uv": [1.34375, 9.0625, 1.69375, 9.4125], "rotation": 180, "texture": "#0"},
				"down": {"uv": [1.34375, 9.0625, 1.69375, 9.4125], "rotation": 180, "texture": "#0"}
			}
		},
		{
			"from": [10.625, 21.9, 10.35],
			"to": [13.425, 22.4, 13.15],
			"rotation": {"angle": 0, "axis": "y", "origin": [12, 22.875, 8]},
			"faces": {
				"north": {"uv": [1.21875, 9.625, 1.56875, 9.6875], "texture": "#0"},
				"east": {"uv": [1.21875, 9.625, 1.56875, 9.6875], "texture": "#0"},
				"south": {"uv": [1.21875, 9.625, 1.56875, 9.6875], "texture": "#0"},
				"west": {"uv": [1.21875, 9.625, 1.56875, 9.6875], "texture": "#0"},
				"up": {"uv": [1.21875, 9.625, 1.56875, 9.975], "rotation": 180, "texture": "#0"},
				"down": {"uv": [1.21875, 9.625, 1.56875, 9.975], "rotation": 180, "texture": "#0"}
			}
		},
		{
			"from": [10.625, 20.1, 10.35],
			"to": [13.425, 20.6, 13.15],
			"rotation": {"angle": 0, "axis": "y", "origin": [12, 22.875, 8]},
			"faces": {
				"north": {"uv": [1.59375, 8.90625, 1.94375, 8.96875], "texture": "#0"},
				"east": {"uv": [1.59375, 8.90625, 1.94375, 8.96875], "texture": "#0"},
				"south": {"uv": [1.59375, 8.90625, 1.94375, 8.96875], "texture": "#0"},
				"west": {"uv": [1.59375, 8.90625, 1.94375, 8.96875], "texture": "#0"},
				"up": {"uv": [1.59375, 8.90625, 1.94375, 9.25625], "rotation": 180, "texture": "#0"},
				"down": {"uv": [1.59375, 8.90625, 1.94375, 9.25625], "rotation": 180, "texture": "#0"}
			}
		},
		{
			"from": [10.625, 20.7, 10.35],
			"to": [13.425, 21.2, 13.15],
			"rotation": {"angle": 0, "axis": "y", "origin": [12, 22.875, 8]},
			"faces": {
				"north": {"uv": [1.9375, 9.6875, 2.2875, 9.75], "texture": "#0"},
				"east": {"uv": [1.9375, 9.6875, 2.2875, 9.75], "texture": "#0"},
				"south": {"uv": [1.9375, 9.6875, 2.2875, 9.75], "texture": "#0"},
				"west": {"uv": [1.9375, 9.6875, 2.2875, 9.75], "texture": "#0"},
				"up": {"uv": [1.9375, 9.6875, 2.2875, 10.0375], "rotation": 180, "texture": "#0"},
				"down": {"uv": [1.9375, 9.6875, 2.2875, 10.0375], "rotation": 180, "texture": "#0"}
			}
		},
		{
			"from": [8, 18.1, 0.5],
			"to": [16, 19.1, 15.5],
			"rotation": {"angle": 0, "axis": "y", "origin": [12, 22.875, 8]},
			"faces": {
				"north": {"uv": [3, 5.59375, 4, 5.71875], "texture": "#0"},
				"east": {"uv": [1.6875, 5.53125, 3.5625, 5.65625], "texture": "#0"},
				"south": {"uv": [2.96875, 5.59375, 3.96875, 5.71875], "texture": "#0"},
				"west": {"uv": [1.125, 5.71875, 3, 5.84375], "texture": "#0"},
				"up": {"uv": [3, 5.59375, 4, 7.46875], "rotation": 180, "texture": "#0"},
				"down": {"uv": [3, 6.1875, 4, 8.0625], "rotation": 180, "texture": "#0"}
			}
		},
		{
			"from": [11.5, 25, 6.5],
			"to": [12.5, 28, 9.5],
			"rotation": {"angle": 0, "axis": "y", "origin": [12, 22.875, 8]},
			"faces": {
				"north": {"uv": [2.625, 4.625, 2.90625, 3.8125], "texture": "#0"},
				"east": {"uv": [2.6875, 4.59375, 3.34375, 3.78125], "texture": "#0"},
				"south": {"uv": [2.625, 4.625, 2.90625, 3.8125], "texture": "#0"},
				"west": {"uv": [2.625, 4.625, 3.28125, 3.8125], "texture": "#0"},
				"up": {"uv": [2.625, 4.625, 2.90625, 3.8125], "rotation": 180, "texture": "#0"},
				"down": {"uv": [2.625, 4.625, 2.90625, 3.8125], "rotation": 180, "texture": "#0"}
			}
		},
		{
			"from": [8, 19.1, 0.5],
			"to": [16, 19.6, 1.5],
			"rotation": {"angle": 0, "axis": "y", "origin": [12, 22.875, 8]},
			"faces": {
				"north": {"uv": [0.40625, 5.5, 1.40625, 5.5625], "texture": "#0"},
				"east": {"uv": [0.40625, 5.5, 0.53125, 5.5625], "texture": "#0"},
				"south": {"uv": [2.46875, 4.25, 3.46875, 4.4375], "texture": "#0"},
				"west": {"uv": [0.40625, 5.5, 0.53125, 5.5625], "texture": "#0"},
				"up": {"uv": [0.40625, 5.5, 1.40625, 5.625], "rotation": 180, "texture": "#0"},
				"down": {"uv": [0.40625, 5.5, 1.40625, 5.625], "rotation": 180, "texture": "#0"}
			}
		},
		{
			"from": [8, 19.1, 14.5],
			"to": [16, 19.6, 15.5],
			"rotation": {"angle": 0, "axis": "y", "origin": [12, 22.875, 8]},
			"faces": {
				"north": {"uv": [2.53125, 4, 3.53125, 4.21875], "texture": "#0"},
				"east": {"uv": [0.40625, 5.71875, 0.53125, 5.78125], "texture": "#0"},
				"south": {"uv": [0.40625, 5.71875, 1.40625, 5.78125], "texture": "#0"},
				"west": {"uv": [0.40625, 5.71875, 0.53125, 5.78125], "texture": "#0"},
				"up": {"uv": [0.40625, 5.71875, 1.40625, 5.84375], "rotation": 180, "texture": "#0"},
				"down": {"uv": [0.40625, 5.71875, 1.40625, 5.84375], "rotation": 180, "texture": "#0"}
			}
		},
		{
			"from": [11.5, 26, 3.65],
			"to": [12.5, 28.3, 4.65],
			"rotation": {"angle": 0, "axis": "y", "origin": [12, 22.875, 8]},
			"faces": {
				"north": {"uv": [14.3125, 14.8125, 14.4375, 14.9375], "texture": "#0"},
				"east": {"uv": [14.3125, 14.8125, 14.4375, 14.9375], "texture": "#0"},
				"south": {"uv": [14.3125, 14.8125, 14.4375, 14.9375], "texture": "#0"},
				"west": {"uv": [14.3125, 14.8125, 14.4375, 14.9375], "texture": "#0"},
				"up": {"uv": [14.3125, 14.8125, 14.4375, 14.9375], "rotation": 180, "texture": "#0"},
				"down": {"uv": [14.3125, 14.8125, 14.4375, 14.9375], "rotation": 180, "texture": "#0"}
			}
		},
		{
			"from": [11.5, 23, 11.25],
			"to": [12.5, 25.3, 12.25],
			"rotation": {"angle": 0, "axis": "y", "origin": [12, 22.875, 8]},
			"faces": {
				"north": {"uv": [14.1875, 14.75, 14.4375, 14.96875], "texture": "#0"},
				"east": {"uv": [14.1875, 14.75, 14.4375, 14.96875], "texture": "#0"},
				"south": {"uv": [14.1875, 14.75, 14.4375, 14.96875], "texture": "#0"},
				"west": {"uv": [14.1875, 14.75, 14.4375, 14.96875], "texture": "#0"},
				"up": {"uv": [14.1875, 14.75, 14.4375, 14.96875], "rotation": 180, "texture": "#0"},
				"down": {"uv": [14.1875, 14.75, 14.4375, 14.96875], "rotation": 180, "texture": "#0"}
			}
		},
		{
			"from": [10.3, 19, 10],
			"to": [13.8, 19.5, 13.5],
			"rotation": {"angle": 0, "axis": "y", "origin": [12, 22.875, 8]},
			"faces": {
				"north": {"uv": [2.59375, 3.8125, 3.09375, 3.875], "texture": "#0"},
				"east": {"uv": [2.59375, 3.8125, 3.09375, 3.875], "texture": "#0"},
				"south": {"uv": [2.59375, 3.8125, 3.09375, 3.875], "texture": "#0"},
				"west": {"uv": [2.59375, 3.8125, 3.09375, 3.875], "texture": "#0"},
				"up": {"uv": [2.59375, 3.8125, 3.09375, 4.3125], "rotation": 180, "texture": "#0"},
				"down": {"uv": [2.59375, 3.8125, 3.09375, 4.3125], "rotation": 180, "texture": "#0"}
			}
		},
		{
			"from": [10.3, 19, 2.5],
			"to": [13.8, 19.5, 6],
			"rotation": {"angle": 0, "axis": "y", "origin": [12, 22.875, 8]},
			"faces": {
				"north": {"uv": [2.59375, 3.8125, 3.09375, 3.875], "texture": "#0"},
				"east": {"uv": [2.59375, 3.8125, 3.09375, 3.875], "texture": "#0"},
				"south": {"uv": [2.59375, 3.8125, 3.09375, 3.875], "texture": "#0"},
				"west": {"uv": [2.59375, 3.8125, 3.09375, 3.875], "texture": "#0"},
				"up": {"uv": [2.59375, 3.8125, 3.09375, 4.3125], "rotation": 180, "texture": "#0"},
				"down": {"uv": [2.59375, 3.8125, 3.09375, 4.3125], "rotation": 180, "texture": "#0"}
			}
		},
		{
			"from": [8, 19.1, 1.5],
			"to": [9, 19.6, 14.5],
			"rotation": {"angle": 0, "axis": "y", "origin": [12, 22.875, 8]},
			"faces": {
				"north": {"uv": [0.59375, 1.46875, 0.71875, 1.53125], "texture": "#0"},
				"east": {"uv": [2.21875, 3.25, 3.84375, 3.46875], "texture": "#0"},
				"south": {"uv": [0.59375, 1.46875, 0.71875, 1.53125], "texture": "#0"},
				"west": {"uv": [0.59375, 1.46875, 2.21875, 1.53125], "texture": "#0"},
				"up": {"uv": [0.59375, 1.46875, 2.21875, 1.59375], "rotation": 270, "texture": "#0"},
				"down": {"uv": [0.59375, 1.46875, 2.21875, 1.59375], "rotation": 90, "texture": "#0"}
			}
		},
		{
			"from": [11, 25.5, 2],
			"to": [13, 27.5, 14],
			"rotation": {"angle": 22.5, "axis": "x", "origin": [12, 26.5, 8]},
			"faces": {
				"north": {"uv": [14.625, 14.75, 14.87778, 14.84375], "texture": "#0"},
				"east": {"uv": [14.625, 14.75, 14.89167, 14.84375], "texture": "#0"},
				"south": {"uv": [14.625, 14.75, 14.87778, 14.84375], "texture": "#0"},
				"west": {"uv": [14.625, 14.75, 14.89167, 14.84375], "texture": "#0"},
				"up": {"uv": [14.65313, 14.75, 14.9059, 14.84375], "rotation": 180, "texture": "#0"},
				"down": {"uv": [14.65347, 14.75, 14.90625, 14.84375], "rotation": 180, "texture": "#0"}
			}
		},
		{
			"from": [11.6, 19, 7.6],
			"to": [12.4, 25, 8.4],
			"rotation": {"angle": 0, "axis": "y", "origin": [12, 22.875, 8]},
			"faces": {
				"north": {"uv": [6.09375, 6.28125, 6.34375, 6.46875], "texture": "#0"},
				"east": {"uv": [6.09375, 6.28125, 6.34375, 6.46875], "texture": "#0"},
				"south": {"uv": [6.09375, 6.28125, 6.34375, 6.46875], "texture": "#0"},
				"west": {"uv": [6.09375, 6.28125, 6.34375, 6.46875], "texture": "#0"},
				"up": {"uv": [6.09375, 6.15625, 6.34375, 6.15625], "rotation": 180, "texture": "#0"},
				"down": {"uv": [6.125, 6.09375, 6.375, 6.1875], "rotation": 180, "texture": "#0"}
			}
		},
		{
			"from": [15, 19.1, 1.5],
			"to": [16, 19.6, 14.5],
			"rotation": {"angle": 0, "axis": "y", "origin": [12, 22.875, 8]},
			"faces": {
				"north": {"uv": [0.75, 1.84375, 0.875, 1.90625], "texture": "#0"},
				"east": {"uv": [0.75, 1.84375, 2.375, 1.90625], "texture": "#0"},
				"south": {"uv": [0.75, 1.84375, 0.875, 1.90625], "texture": "#0"},
				"west": {"uv": [2.25, 3.71875, 3.875, 3.90625], "texture": "#0"},
				"up": {"uv": [0.75, 1.84375, 2.375, 1.96875], "rotation": 270, "texture": "#0"},
				"down": {"uv": [0.75, 1.84375, 2.375, 1.96875], "rotation": 90, "texture": "#0"}
			}
		},
		{
			"from": [11, 19, 7],
			"to": [13, 20, 9],
			"rotation": {"angle": 0, "axis": "y", "origin": [12, 22.875, 8]},
			"faces": {
				"north": {"uv": [2.625, 4.125, 2.875, 4.25], "texture": "#0"},
				"east": {"uv": [2.625, 4.125, 2.875, 4.25], "texture": "#0"},
				"south": {"uv": [2.625, 4.125, 2.875, 4.25], "texture": "#0"},
				"west": {"uv": [2.625, 4.125, 2.875, 4.25], "texture": "#0"},
				"up": {"uv": [2.625, 4.125, 2.875, 4.375], "rotation": 180, "texture": "#0"},
				"down": {"uv": [2.625, 4.125, 2.875, 4.375], "rotation": 180, "texture": "#0"}
			}
		}
	],
	"display": {
		"thirdperson_righthand": {
			"rotation": [90, -90, 0],
			"translation": [-6, -1.75, 5.25]
		},
		"thirdperson_lefthand": {
			"scale": [0.3, 0.3, 0.3]
		},
		"firstperson_righthand": {
			"scale": [0.3, 0.3, 0.3]
		},
		"firstperson_lefthand": {
			"scale": [0.3, 0.3, 0.3]
		},
		"ground": {
			"scale": [0.3, 0.3, 0.3]
		},
		"head": {
			"translation": [0, -31.25, 0],
			"scale": [1.5, 1.5, 1.5]
		},
		"fixed": {
			"translation": [0, -4, 0],
			"scale": [0.5, 0.5, 0.5]
		}
	},
	"groups": [
		{
			"name": "Помпа",
			"origin": [8, 8, 8],
			"color": 0,
			"children": [
				{
					"name": "Ноги",
					"origin": [8, 8, 8],
					"color": 0,
					"children": [0, 1, 2, 3, 4, 5, 6, 7, 8, 9, 10, 11]
				},
				{
					"name": "корпус",
					"origin": [8, 8, 8],
					"color": 0,
					"children": [12, 13, 14, 15, 16, 17, 18, 19]
				},
				{
					"name": "Монитор",
					"origin": [8, 8, 8],
					"color": 0,
					"children": [20, 21, 22, 23, 24, 25, 26]
				}
			]
		},
		{
			"name": "Труба",
			"origin": [0, 0, 0],
			"color": 0,
			"children": [27, 28, 29, 30, 31]
		},
		{
			"name": "Анимация1",
			"origin": [8, 8, 8],
			"color": 0,
			"children": [
				{
					"name": "Насос1",
					"origin": [8, 8, 8],
					"color": 0,
					"children": [32, 33, 34, 35, 36, 37, 38, 39, 40, 41, 42]
				},
				{
					"name": "Верхушка",
					"origin": [0, 0, 0],
					"color": 0,
					"children": [43, 44, 45, 46, 47, 48, 49, 50, 51, 52, 53, 54, 55]
				},
				{
					"name": "Насос2",
					"origin": [0, 0, 0],
					"color": 0,
					"children": [56, 57, 58, 59, 60, 61, 62, 63, 64, 65, 66]
				}
			]
		},
		{
			"name": "Анимация2",
			"origin": [8, 8, 8],
			"color": 0,
			"children": [
				{
					"name": "Насос2 2",
					"origin": [0, 0, 0],
					"color": 0,
					"children": [67, 68, 69, 70, 71, 72, 73, 74, 75, 76, 77]
				},
				{
					"name": "Насос1 2",
					"origin": [8, 8, 8],
					"color": 0,
					"children": [78, 79, 80, 81, 82, 83, 84, 85, 86, 87, 88]
				},
				{
					"name": "Верхушка2",
					"origin": [0, 0, 0],
					"color": 0,
					"children": [89, 90, 91, 92, 93, 94, 95, 96, 97, 98, 99, 100, 101]
				}
			]
		},
		{
			"name": "Анимация3",
			"origin": [8, 8, 8],
			"color": 0,
			"children": [
				{
					"name": "Насос2 3",
					"origin": [0, 0, 0],
					"color": 0,
					"children": [102, 103, 104, 105, 106, 107, 108, 109, 110, 111, 112]
				},
				{
					"name": "Насос1 3",
					"origin": [8, 8, 8],
					"color": 0,
					"children": [113, 114, 115, 116, 117, 118, 119, 120, 121, 122, 123]
				},
				{
					"name": "Верхушка3",
					"origin": [0, 0, 0],
					"color": 0,
					"children": [124, 125, 126, 127, 128, 129, 130, 131, 132, 133, 134, 135, 136]
				}
			]
		}
	]
}