{
	"credit": "Made with Blockbench",
	"texture_size": [32, 32],
	"textures": {
		"0": "item/siski_t",
		"particle": "item/siski_t"
	},
	"elements": [
		{
			"from": [-0.25, 0, 4],
			"to": [7.75, 8, 12],
			"rotation": {"angle": 0, "axis": "y", "origin": [-0.25, 0, 4]},
			"faces": {
				"north": {"uv": [0, 0, 4, 4], "texture": "#0"},
				"east": {"uv": [0, 4, 4, 8], "texture": "#0"},
				"south": {"uv": [4, 0, 8, 4], "texture": "#0"},
				"west": {"uv": [4, 4, 8, 8], "texture": "#0"},
				"up": {"uv": [4, 12, 0, 8], "texture": "#0"},
				"down": {"uv": [12, 0, 8, 4], "texture": "#0"}
			}
		},
		{
			"from": [8.25, 0, 4],
			"to": [16.25, 8, 12],
			"rotation": {"angle": 0, "axis": "y", "origin": [8.25, 0, 4]},
			"faces": {
				"north": {"uv": [0, 0, 4, 4], "texture": "#0"},
				"east": {"uv": [0, 4, 4, 8], "texture": "#0"},
				"south": {"uv": [4, 0, 8, 4], "texture": "#0"},
				"west": {"uv": [4, 4, 8, 8], "texture": "#0"},
				"up": {"uv": [4, 12, 0, 8], "texture": "#0"},
				"down": {"uv": [12, 0, 8, 4], "texture": "#0"}
			}
		},
		{
			"from": [2.75, 2.75, 3.5],
			"to": [4.75, 4.75, 4],
			"rotation": {"angle": 0, "axis": "y", "origin": [2.75, 2.75, 2]},
			"faces": {
				"north": {"uv": [15, 15, 16, 16], "texture": "#0"},
				"east": {"uv": [15, 15, 15.25, 16], "texture": "#0"},
				"south": {"uv": [15, 15, 16, 16], "texture": "#0"},
				"west": {"uv": [15, 15, 15.25, 16], "texture": "#0"},
				"up": {"uv": [15, 15, 16, 15.25], "texture": "#0"},
				"down": {"uv": [15, 15, 16, 15.25], "texture": "#0"}
			}
		},
		{
			"from": [11.25, 2.75, 3.5],
			"to": [13.25, 4.75, 4],
			"rotation": {"angle": 0, "axis": "y", "origin": [11.25, 2.75, 2]},
			"faces": {
				"north": {"uv": [15, 15, 16, 16], "texture": "#0"},
				"east": {"uv": [15, 15, 15.25, 16], "texture": "#0"},
				"south": {"uv": [15, 15, 16, 16], "texture": "#0"},
				"west": {"uv": [15, 15, 15.25, 16], "texture": "#0"},
				"up": {"uv": [15, 15, 16, 15.25], "texture": "#0"},
				"down": {"uv": [15, 15, 16, 15.25], "texture": "#0"}
			}
		},
		{
			"from": [4.75, -9.25, 8.25],
			"to": [12.75, -5.25, 12.25],
			"rotation": {"angle": 22.5, "axis": "x", "origin": [8.75, -7.25, 6.75]},
			"faces": {
				"north": {"uv": [0, 0, 4, 2], "rotation": 180, "texture": "#0"},
				"east": {"uv": [0, 0, 2, 2], "rotation": 90, "texture": "#0"},
				"south": {"uv": [0, 0, 4, 2], "texture": "#0"},
				"west": {"uv": [0, 0, 2, 2], "rotation": 270, "texture": "#0"},
				"up": {"uv": [0, 0, 4, 2], "texture": "#0"},
				"down": {"uv": [0, 0, 4, 2], "rotation": 180, "texture": "#0"}
			}
		},
		{
			"from": [6.75, -7.75, -2.25],
			"to": [10.75, -3.75, 1.75],
			"rotation": {"angle": 22.5, "axis": "x", "origin": [8.75, -5.75, 3.25]},
			"faces": {
				"north": {"uv": [13.5, 13.5, 15.5, 15.5], "rotation": 180, "texture": "#0"},
				"east": {"uv": [13.5, 13.5, 15.5, 15.5], "rotation": 90, "texture": "#0"},
				"south": {"uv": [13.5, 13.5, 15.5, 15.5], "texture": "#0"},
				"west": {"uv": [13.5, 13.5, 15.5, 15.5], "rotation": 270, "texture": "#0"},
				"up": {"uv": [13.5, 13.5, 15.5, 15.5], "texture": "#0"},
				"down": {"uv": [13.5, 13.5, 15.5, 15.5], "rotation": 180, "texture": "#0"}
			}
		},
		{
			"from": [6.75, -8.5, 1.5],
			"to": [10.75, -4.5, 8.5],
			"rotation": {"angle": 22.5, "axis": "x", "origin": [8.75, -6.5, 5]},
			"faces": {
				"north": {"uv": [0, 0, 2, 2], "rotation": 180, "texture": "#0"},
				"east": {"uv": [0, 0, 2, 3.5], "rotation": 90, "texture": "#0"},
				"south": {"uv": [0, 0, 2, 2], "texture": "#0"},
				"west": {"uv": [0, 0, 2, 3.5], "rotation": 270, "texture": "#0"},
				"up": {"uv": [0, 0, 2, 3.5], "texture": "#0"},
				"down": {"uv": [0, 0, 2, 3.5], "rotation": 180, "texture": "#0"}
			}
		}
	],
	"display": {
		"thirdperson_righthand": {
			"rotation": [67.75, 0, 0],
			"translation": [-6.25, 1.5, 8.5],
			"scale": [0.7, 0.7, 0.7]
		},
		"head": {
			"translation": [0, -9.5, -6.75]
		}
	},
	"groups": [
		0,
		1,
		2,
		3,
		{
			"name": "chlen",
			"origin": [2, 7, 0],
			"color": 0,
			"children": [4, 5, 6]
		}
	]
}