{
	"credit": "Made with Blockbench",
	"parent": "item/generated",
	"textures": {
		"layer0": "item/shield/cthulhu_shield_front"
	},
	"display": {
		"thirdperson_righthand": {
			"rotation": [45, 135, 0],
			"translation": [3, -2, -1],
			"scale": [1.3, 1.3, 0.7]
		},
		"thirdperson_lefthand": {
			"rotation": [45, 135, 0],
			"translation": [3, -2, -1],
			"scale": [1.3, 1.3, 0.7]
		},
		"firstperson_righthand": {
			"rotation": [0, 0, 5],
			"translation": [-3.5, -2.75, -2.5],
			"scale": [1.5, 1.5, 1.5]
		},
		"firstperson_lefthand": {
			"rotation": [0, 0, 5],
			"translation": [-3.5, -2.75, -2.5],
			"scale": [1.5, 1.5, 1.5]
		},
		"gui": {
			"rotation": [15, -25, -5],
			"translation": [-0.25, 0.25, 0],
			"scale": [1.3, 1.3, 1.3]
		}
	}
}