{
	"credit": "Made with Blockbench",
	"parent": "item/generated",
	"textures": {
		"layer0": "item/shield/strag_shild"
	},
	"display": {
		"thirdperson_righthand": {
			"rotation": [0, 90, 0],
			"translation": [2.5, -2, 3],
			"scale": [1.3, 1.3, 0.7]
		},
		"thirdperson_lefthand": {
			"rotation": [0, 90, 0],
			"translation": [2.5, -2, 3],
			"scale": [1.3, 1.3, 0.7]
		},
		"firstperson_righthand": {
			"rotation": [9, 1, -4],
			"translation": [2.5, -5.75, -3],
			"scale": [1.5, 1.5, 1.5]
		},
		"firstperson_lefthand": {
			"rotation": [9, 1, -4],
			"translation": [2.5, -5.75, -3],
			"scale": [1.5, 1.5, 1.5]
		},
		"ground": {
			"translation": [0, 2, 0],
			"scale": [1, 1, 0.5]
		},
		"gui": {
			"rotation": [15, -25, -5],
			"translation": [-0.25, 0.25, 0],
			"scale": [1.3, 1.3, 1.3]
		},
		"fixed": {
			"scale": [2, 2, 1]
		}
	}
}