{
  "file_name": "body",
  "texture_size": [
    128,
    128
  ],
  "textures": {
    "layer0": "modelengine:entity/troll"
  },
  "elements": [
    {
      "name": "body_0",
      "from": [
        5.0,
        17.3,
        5.8999996
      ],
      "to": [
        11.0,
        20.900002,
        10.1
      ],
      "rotation": {
        "angle": 0.0,
        "axis": "z",
        "origin": [
          8.0,
          8.0,
          8.0
        ]
      },
      "faces": {
        "down": {
          "uv": [
            1.875,
            8.75,
            3.0,
            9.5
          ],
          "texture": "#layer0",
          "tintindex": 0
        },
        "east": {
          "uv": [
            0.0,
            9.5,
            0.75,
            10.125
          ],
          "texture": "#layer0",
          "tintindex": 0
        },
        "north": {
          "uv": [
            0.75,
            9.5,
            1.875,
            10.125
          ],
          "texture": "#layer0",
          "tintindex": 0
        },
        "south": {
          "uv": [
            2.625,
            9.5,
            3.75,
            10.125
          ],
          "texture": "#layer0",
          "tintindex": 0
        },
        "up": {
          "uv": [
            1.875,
            9.5,
            0.75,
            8.75
          ],
          "texture": "#layer0",
          "tintindex": 0
        },
        "west": {
          "uv": [
            1.875,
            9.5,
            2.625,
            10.125
          ],
          "texture": "#layer0",
          "tintindex": 0
        }
      }
    }
  ],
  "display": {
    "head": {
      "translation": [
        0.0,
        -6.4,
        0.0
      ],
      "rotation": [
        0.0,
        0.0,
        0.0
      ],
      "scale": [
        3.8095,
        3.8095,
        3.8095
      ]
    },
    "gui": {
      "translation": [
        0.0,
        0.0,
        0.0
      ],
      "rotation": [
        35.0,
        225.0,
        0.0
      ],
      "scale": [
        0.625,
        0.625,
        0.625
      ]
    }
  }
}