{
  "file_name": "head",
  "texture_size": [
    128,
    128
  ],
  "textures": {
    "layer0": "modelengine:entity/troll"
  },
  "elements": [
    {
      "name": "head_0",
      "from": [
        5.6,
        9.2,
        4.7
      ],
      "to": [
        10.4,
        15.2,
        9.5
      ],
      "rotation": {
        "angle": 0.0,
        "axis": "z",
        "origin": [
          8.0,
          8.0,
          8.0
        ]
      },
      "faces": {
        "down": {
          "uv": [
            2.0,
            0.0,
            3.0,
            1.0
          ],
          "texture": "#layer0",
          "tintindex": 0
        },
        "east": {
          "uv": [
            0.0,
            1.0,
            1.0,
            2.25
          ],
          "texture": "#layer0",
          "tintindex": 0
        },
        "north": {
          "uv": [
            1.0,
            1.0,
            2.0,
            2.25
          ],
          "texture": "#layer0",
          "tintindex": 0
        },
        "south": {
          "uv": [
            3.0,
            1.0,
            4.0,
            2.25
          ],
          "texture": "#layer0",
          "tintindex": 0
        },
        "up": {
          "uv": [
            2.0,
            1.0,
            1.0,
            0.0
          ],
          "texture": "#layer0",
          "tintindex": 0
        },
        "west": {
          "uv": [
            2.0,
            1.0,
            3.0,
            2.25
          ],
          "texture": "#layer0",
          "tintindex": 0
        }
      }
    },
    {
      "name": "head_1",
      "from": [
        7.4,
        8.6,
        3.4999998
      ],
      "to": [
        8.6,
        11.0,
        4.7
      ],
      "rotation": {
        "angle": 0.0,
        "axis": "z",
        "origin": [
          8.0,
          8.0,
          8.0
        ]
      },
      "faces": {
        "down": {
          "uv": [
            3.5,
            0.0,
            3.75,
            0.25
          ],
          "texture": "#layer0",
          "tintindex": 0
        },
        "east": {
          "uv": [
            3.0,
            0.25,
            3.25,
            0.75
          ],
          "texture": "#layer0",
          "tintindex": 0
        },
        "north": {
          "uv": [
            3.25,
            0.25,
            3.5,
            0.75
          ],
          "texture": "#layer0",
          "tintindex": 0
        },
        "south": {
          "uv": [
            3.75,
            0.25,
            4.0,
            0.75
          ],
          "texture": "#layer0",
          "tintindex": 0
        },
        "up": {
          "uv": [
            3.5,
            0.25,
            3.25,
            0.0
          ],
          "texture": "#layer0",
          "tintindex": 0
        },
        "west": {
          "uv": [
            3.5,
            0.25,
            3.75,
            0.75
          ],
          "texture": "#layer0",
          "tintindex": 0
        }
      }
    }
  ],
  "display": {
    "head": {
      "translation": [
        0.0,
        -6.4,
        0.0
      ],
      "rotation": [
        0.0,
        0.0,
        0.0
      ],
      "scale": [
        3.8095,
        3.8095,
        3.8095
      ]
    },
    "gui": {
      "translation": [
        0.0,
        0.0,
        0.0
      ],
      "rotation": [
        35.0,
        225.0,
        0.0
      ],
      "scale": [
        0.625,
        0.625,
        0.625
      ]
    }
  }
}